DEFAULT_REWARD_AND_ACTION_CHANGE_FREQ,DEFAULT_EPISODE_LEN_SEC,DEFAULT_REWARD_FOR_NEW_FIELD,DEFAULT_Punishment_for_Step,DEFAULT_EVAL_FREQ,DEFAULT_EVAL_EPISODES,DEFAULT_TRAIN_TIMESTEPS,DEFAULT_TARGET_REWARD,DEFAULT_NUMBER_LAST_ACTIONS,DEFAULT_PYB_FREQ,DEFAULT_CTRL_FREQ,DEFAULT_REWARD_AND_ACTION_CHANGE_FREQ,DEFAULT_EPISODE_LEN_SEC,DEFAULT_Multiplier_Collision_Penalty,DEFAULT_VelocityScale,DEFAULT_explore_Matrix_Size,DEFAULT_collision_penalty_terminated,DEFAULT_Terminated_Wall_Distance,DEFAULT_no_collision_reward,DEFAULT_Punishment_for_Walls,DEFAULT_Influence_of_Walls,DEFAULT_USE_PRETRAINED_MODEL,DEFAULT_PRETRAINED_MODEL_PATH,DEFAULT_List_MazesToUse,DEFAULT_List_Start_PositionsToUse,DEFAULT_MaxRoundsOnOneMaze,DEFAULT_MaxRoundsSameStartingPositions,DEFAULT_USE_SAVED_HYPERPARAMETER_SET,HyperparameterSetIDtoLoad
2,300,4,-0.5,50000,1,1080000,99999,20,100,50,2,300,2,0.5,5,-100,0.1,0.75,False,/home/florian/Documents/gym-pybullet-drones/gym_pybullet_drones/Auswertung_der_Modelle_Archieve/M5_R6_O9_A2_TR1_T1_20250412-011854/save-04.12.2025_01.18.54/final_model.zip,20,8,4,"(0, 5, 8, 15, 26)","(0, 1, 2, 3, 4, 5, 6, 7, 8, 9)",6,2,True,SET_20250410-011939_TEST_WITH_ADOPTED_MAZES

Runde,Terminated,Truncated,Map-Abgedeckt,Wand berÃ¼hrungen,Summe Reward,Flugzeit der Runde,Maze_number,Start-Position,Uhrzeit Welt
1,kein_Terminated,Zeit abgelaufen,0.13,349,-9553.5,300.5,0,9,20250413-220656
2,kein_Terminated,Zeit abgelaufen,0.22,158,-3485.5,300.5,0,5,20250413-220717
3,kein_Terminated,Zeit abgelaufen,0.16,213,-948.0,300.5,0,5,20250413-220740
4,kein_Terminated,Zeit abgelaufen,0.08,375,-14340.25,300.5,0,6,20250413-220802
5,kein_Terminated,Zeit abgelaufen,0.15,338,-13017.25,300.5,0,6,20250413-220823
6,kein_Terminated,Zeit abgelaufen,0.17,326,-8964.75,300.5,0,0,20250413-220845
7,kein_Terminated,Zeit abgelaufen,0.2,241,-3922.25,300.5,15,5,20250413-220909
8,kein_Terminated,Zeit abgelaufen,0.11,402,-18034.25,300.5,15,5,20250413-220934
9,kein_Terminated,Zeit abgelaufen,0.1,290,-10332.5,300.5,15,8,20250413-220957
10,kein_Terminated,Zeit abgelaufen,0.2,255,-1072.5,300.5,15,8,20250413-221021
11,kein_Terminated,Zeit abgelaufen,0.12,376,-13215.75,300.5,15,7,20250413-221045
12,kein_Terminated,Zeit abgelaufen,0.15,146,1209.25,300.5,15,7,20250413-221109
13,kein_Terminated,Zeit abgelaufen,0.1,353,-8188.0,300.5,15,1,20250413-221133
14,kein_Terminated,Zeit abgelaufen,0.19,347,-2755.0,300.5,26,6,20250413-221203
15,kein_Terminated,Zeit abgelaufen,0.16,395,-8869.75,300.5,26,6,20250413-221233
16,kein_Terminated,Zeit abgelaufen,0.19,274,-5471.25,300.5,26,7,20250413-221304
17,kein_Terminated,Zeit abgelaufen,0.2,406,-7020.0,300.5,26,7,20250413-221335
18,kein_Terminated,Zeit abgelaufen,0.06,517,-16808.75,300.5,26,4,20250413-221406
19,kein_Terminated,Zeit abgelaufen,0.08,495,-22589.0,300.5,26,4,20250413-221436
20,kein_Terminated,Zeit abgelaufen,0.12,455,-8249.5,300.5,26,3,20250413-221507
21,kein_Terminated,Zeit abgelaufen,0.14,353,-5600.25,300.5,26,6,20250413-221538
22,kein_Terminated,Zeit abgelaufen,0.21,355,-5711.0,300.5,26,6,20250413-221608
23,kein_Terminated,Zeit abgelaufen,0.19,392,-4576.5,300.5,26,1,20250413-221639
24,kein_Terminated,Zeit abgelaufen,0.18,469,-12297.5,300.5,26,1,20250413-221710
25,kein_Terminated,Zeit abgelaufen,0.22,265,-2499.75,300.5,26,8,20250413-221741
26,kein_Terminated,Zeit abgelaufen,0.19,258,-5125.0,300.5,26,8,20250413-221811
27,kein_Terminated,Zeit abgelaufen,0.2,360,-5633.5,300.5,26,6,20250413-221842
28,kein_Terminated,Zeit abgelaufen,0.23,247,-3055.25,300.5,0,2,20250413-221904
29,kein_Terminated,Zeit abgelaufen,0.22,199,658.0,300.5,0,2,20250413-221926
30,kein_Terminated,Zeit abgelaufen,0.21,222,-1461.0,300.5,0,2,20250413-221948
31,kein_Terminated,Zeit abgelaufen,0.19,335,-7713.25,300.5,0,2,20250413-222010
32,kein_Terminated,Zeit abgelaufen,0.19,359,-7282.25,300.5,0,3,20250413-222032
33,kein_Terminated,Zeit abgelaufen,0.18,277,-7140.0,300.5,0,3,20250413-222053
34,kein_Terminated,Zeit abgelaufen,0.17,215,674.5,300.5,0,7,20250413-222116
35,kein_Terminated,Zeit abgelaufen,0.16,340,-7033.75,300.5,8,9,20250413-222138
36,kein_Terminated,Zeit abgelaufen,0.12,381,-8819.5,300.5,8,9,20250413-222200
37,kein_Terminated,Zeit abgelaufen,0.26,256,-1703.75,300.5,8,5,20250413-222222
38,kein_Terminated,Zeit abgelaufen,0.19,346,-7197.5,300.5,8,5,20250413-222245
39,kein_Terminated,Zeit abgelaufen,0.24,316,-3854.0,300.5,8,5,20250413-222308
40,kein_Terminated,Zeit abgelaufen,0.21,249,-2827.5,300.5,8,5,20250413-222331
41,kein_Terminated,Zeit abgelaufen,0.23,292,-4719.25,300.5,8,3,20250413-222353
42,kein_Terminated,Zeit abgelaufen,0.18,344,-6088.5,300.5,8,0,20250413-222416
43,kein_Terminated,Zeit abgelaufen,0.16,336,-8314.75,300.5,8,0,20250413-222438
44,kein_Terminated,Zeit abgelaufen,0.25,299,-3701.25,300.5,8,0,20250413-222500
45,kein_Terminated,Zeit abgelaufen,0.35,315,-310.25,300.5,8,0,20250413-222523
46,kein_Terminated,Zeit abgelaufen,0.11,413,-17361.75,300.5,8,4,20250413-222545
47,kein_Terminated,Zeit abgelaufen,0.18,400,-8885.5,300.5,8,4,20250413-222608
48,kein_Terminated,Zeit abgelaufen,0.3,213,-3871.25,300.5,8,7,20250413-222630
49,kein_Terminated,Zeit abgelaufen,0.25,278,-3238.25,300.5,0,9,20250413-222652
50,kein_Terminated,Zeit abgelaufen,0.22,396,-10957.0,300.5,0,9,20250413-222714
51,kein_Terminated,Zeit abgelaufen,0.2,399,-3462.5,300.5,0,9,20250413-222736
52,kein_Terminated,Zeit abgelaufen,0.24,324,-3471.0,300.5,0,9,20250413-222758
53,kein_Terminated,Zeit abgelaufen,0.24,262,-1403.25,300.5,0,2,20250413-222820
54,kein_Terminated,Zeit abgelaufen,0.37,295,1118.75,300.5,0,2,20250413-222841
55,kein_Terminated,Zeit abgelaufen,0.26,324,-6197.5,300.5,0,8,20250413-222904
56,kein_Terminated,Zeit abgelaufen,0.09,428,-8707.0,300.5,26,4,20250413-222935
57,kein_Terminated,Zeit abgelaufen,0.12,474,-15528.25,300.5,26,4,20250413-223006
58,kein_Terminated,Zeit abgelaufen,0.36,336,-1661.75,300.5,26,6,20250413-223037
59,kein_Terminated,Zeit abgelaufen,0.24,308,-1864.75,300.5,26,6,20250413-223109
60,kein_Terminated,Zeit abgelaufen,0.22,366,-4801.0,300.5,26,3,20250413-223139
61,kein_Terminated,Zeit abgelaufen,0.19,408,-7619.75,300.5,26,3,20250413-223211
62,kein_Terminated,Zeit abgelaufen,0.33,389,-1905.0,300.5,26,3,20250413-223242
63,kein_Terminated,Zeit abgelaufen,0.24,319,-4067.5,300.5,5,9,20250413-223303
64,kein_Terminated,Zeit abgelaufen,0.31,236,2736.0,300.5,5,9,20250413-223324
65,kein_Terminated,Zeit abgelaufen,0.27,350,-5597.75,300.5,5,3,20250413-223345
66,kein_Terminated,Zeit abgelaufen,0.12,555,-18051.75,300.5,5,3,20250413-223406
67,kein_Terminated,Zeit abgelaufen,0.37,279,-1468.75,300.5,5,7,20250413-223427
68,kein_Terminated,Zeit abgelaufen,0.25,438,-6909.25,300.5,5,7,20250413-223448
69,kein_Terminated,Zeit abgelaufen,0.21,361,-2472.5,300.5,5,5,20250413-223508
70,kein_Terminated,Zeit abgelaufen,0.15,419,-10055.5,300.5,8,2,20250413-223531
71,kein_Terminated,Zeit abgelaufen,0.24,252,-383.75,300.5,8,2,20250413-223554
72,kein_Terminated,Zeit abgelaufen,0.28,366,-4547.0,300.5,8,6,20250413-223617
73,kein_Terminated,Zeit abgelaufen,0.22,362,-2731.5,300.5,8,6,20250413-223639
74,kein_Terminated,Zeit abgelaufen,0.17,431,-9053.5,300.5,8,4,20250413-223702
75,kein_Terminated,Zeit abgelaufen,0.26,250,-2078.75,300.5,8,4,20250413-223725
76,kein_Terminated,Zeit abgelaufen,0.29,304,-3741.75,300.5,8,4,20250413-223747
77,kein_Terminated,Zeit abgelaufen,0.31,355,-5230.5,300.5,8,0,20250413-223810
78,kein_Terminated,Zeit abgelaufen,0.33,314,-3536.0,300.5,8,0,20250413-223833
79,kein_Terminated,Zeit abgelaufen,0.09,359,-8795.75,300.5,8,2,20250413-223855
80,kein_Terminated,Zeit abgelaufen,0.27,366,-5545.0,300.5,8,2,20250413-223918
81,kein_Terminated,Zeit abgelaufen,0.18,254,-2502.25,300.5,8,8,20250413-223940
82,kein_Terminated,Zeit abgelaufen,0.24,269,-1387.25,300.5,8,8,20250413-224003
83,kein_Terminated,Zeit abgelaufen,0.37,357,-5961.75,300.5,8,2,20250413-224025
1,kein_Terminated,Zeit abgelaufen,0.03,504,-13090.0,300.5,0,4,20250413-224053
84,kein_Terminated,Zeit abgelaufen,0.23,420,-15970.5,300.5,15,7,20250413-224112
85,kein_Terminated,Zeit abgelaufen,0.13,330,-3995.5,300.5,15,7,20250413-224137
86,kein_Terminated,Zeit abgelaufen,0.18,290,-1075.0,300.5,15,1,20250413-224201
87,kein_Terminated,Zeit abgelaufen,0.2,406,-7053.5,300.5,15,1,20250413-224226
88,kein_Terminated,Zeit abgelaufen,0.23,433,-14427.25,300.5,15,4,20250413-224250
89,kein_Terminated,Zeit abgelaufen,0.14,513,-32545.25,300.5,15,4,20250413-224315
90,kein_Terminated,Zeit abgelaufen,0.14,468,-21773.0,300.5,15,5,20250413-224340
91,kein_Terminated,Zeit abgelaufen,0.25,360,-8183.0,300.5,5,3,20250413-224401
92,kein_Terminated,Zeit abgelaufen,0.36,354,-3571.75,300.5,5,3,20250413-224422
93,kein_Terminated,Zeit abgelaufen,0.18,489,-9853.0,300.5,5,8,20250413-224444
94,kein_Terminated,Zeit abgelaufen,0.25,320,-10085.25,300.5,5,8,20250413-224505
95,kein_Terminated,Zeit abgelaufen,0.29,413,-6985.75,300.5,5,3,20250413-224526
96,kein_Terminated,Zeit abgelaufen,0.35,367,-10433.25,300.5,5,3,20250413-224547
97,kein_Terminated,Zeit abgelaufen,0.15,504,-21621.75,300.5,5,2,20250413-224609
98,kein_Terminated,Zeit abgelaufen,0.26,415,-10481.0,300.5,5,3,20250413-224630
99,kein_Terminated,Zeit abgelaufen,0.4,255,301.75,300.5,5,3,20250413-224651
100,kein_Terminated,Zeit abgelaufen,0.19,508,-12231.75,300.5,5,4,20250413-224712
101,kein_Terminated,Zeit abgelaufen,0.29,355,-13567.25,300.5,5,4,20250413-224733
102,kein_Terminated,Zeit abgelaufen,0.22,481,-18742.75,300.5,5,4,20250413-224754
103,kein_Terminated,Zeit abgelaufen,0.25,337,-8690.75,300.5,5,4,20250413-224816
104,kein_Terminated,Zeit abgelaufen,0.12,574,-16770.0,300.5,5,3,20250413-224837
105,kein_Terminated,Zeit abgelaufen,0.18,405,-5331.25,300.5,8,8,20250413-224900
106,kein_Terminated,Zeit abgelaufen,0.28,478,-16979.25,300.5,8,8,20250413-224923
107,kein_Terminated,Zeit abgelaufen,0.16,312,-2338.5,300.5,8,7,20250413-224946
108,kein_Terminated,Zeit abgelaufen,0.25,292,-4209.0,300.5,8,7,20250413-225009
109,kein_Terminated,Zeit abgelaufen,0.07,482,-12203.75,300.5,8,4,20250413-225031
110,kein_Terminated,Zeit abgelaufen,0.15,463,-10168.25,300.5,8,4,20250413-225054
111,kein_Terminated,Zeit abgelaufen,0.27,315,-1942.75,300.5,8,5,20250413-225116
112,kein_Terminated,Zeit abgelaufen,0.24,390,-12260.25,300.5,15,8,20250413-225141
113,kein_Terminated,Zeit abgelaufen,0.18,510,-36212.75,300.5,15,8,20250413-225205
114,kein_Terminated,Zeit abgelaufen,0.13,485,-7631.25,300.5,15,5,20250413-225230
115,kein_Terminated,Zeit abgelaufen,0.13,461,-5309.25,300.5,15,5,20250413-225255
116,kein_Terminated,Zeit abgelaufen,0.17,402,-2750.25,300.5,15,2,20250413-225319
117,kein_Terminated,Zeit abgelaufen,0.15,349,-1080.0,300.5,15,2,20250413-225344
118,kein_Terminated,Zeit abgelaufen,0.09,450,-3895.0,300.5,15,9,20250413-225409
119,kein_Terminated,Zeit abgelaufen,0.24,475,-6931.0,300.5,26,9,20250413-225440
120,kein_Terminated,Zeit abgelaufen,0.17,540,-12200.0,300.5,26,9,20250413-225511
121,kein_Terminated,Zeit abgelaufen,0.33,446,-12681.25,300.5,26,0,20250413-225543
122,kein_Terminated,Zeit abgelaufen,0.38,337,-2844.25,300.5,26,0,20250413-225614
123,kein_Terminated,Zeit abgelaufen,0.27,260,-928.25,300.5,26,1,20250413-225646
124,kein_Terminated,Zeit abgelaufen,0.39,355,-584.5,300.5,26,1,20250413-225718
125,kein_Terminated,Zeit abgelaufen,0.32,456,-5080.25,300.5,26,5,20250413-225749
126,kein_Terminated,Zeit abgelaufen,0.21,277,-2303.0,300.5,0,8,20250413-225811
127,kein_Terminated,Zeit abgelaufen,0.33,232,1114.5,300.5,0,8,20250413-225834
128,kein_Terminated,Zeit abgelaufen,0.36,385,-1951.0,300.5,0,1,20250413-225856
129,kein_Terminated,Zeit abgelaufen,0.37,311,-2326.75,300.5,0,1,20250413-225918
130,kein_Terminated,Zeit abgelaufen,0.3,278,-632.0,300.5,0,2,20250413-225940
131,kein_Terminated,Zeit abgelaufen,0.36,372,-5295.75,300.5,0,2,20250413-230003
132,kein_Terminated,Zeit abgelaufen,0.38,288,-119.0,300.5,0,2,20250413-230025
133,kein_Terminated,Zeit abgelaufen,0.49,321,-2011.75,300.5,0,0,20250413-230048
134,kein_Terminated,Zeit abgelaufen,0.4,453,-18925.5,300.5,0,0,20250413-230111
135,kein_Terminated,Zeit abgelaufen,0.28,337,-4018.5,300.5,0,8,20250413-230133
136,kein_Terminated,Zeit abgelaufen,0.26,437,-20644.75,300.5,0,8,20250413-230156
137,kein_Terminated,Zeit abgelaufen,0.44,342,-4389.25,300.5,0,3,20250413-230219
138,kein_Terminated,Zeit abgelaufen,0.15,221,-4824.5,300.5,0,3,20250413-230241
139,kein_Terminated,Zeit abgelaufen,0.31,437,-18973.25,300.5,0,3,20250413-230303
140,kein_Terminated,Zeit abgelaufen,0.16,501,-6304.5,300.5,5,2,20250413-230325
141,kein_Terminated,Zeit abgelaufen,0.2,514,-19099.5,300.5,5,2,20250413-230346
142,kein_Terminated,Zeit abgelaufen,0.15,525,-17579.75,300.5,5,1,20250413-230408
143,kein_Terminated,Zeit abgelaufen,0.33,440,-18435.75,300.5,5,1,20250413-230429
144,kein_Terminated,Zeit abgelaufen,0.18,528,-17497.25,300.5,5,7,20250413-230451
145,kein_Terminated,Zeit abgelaufen,0.34,405,-11803.0,300.5,5,7,20250413-230512
146,kein_Terminated,Zeit abgelaufen,0.17,517,-5133.0,300.5,5,2,20250413-230533
147,kein_Terminated,Zeit abgelaufen,0.2,524,-18366.25,300.5,5,7,20250413-230555
148,kein_Terminated,Zeit abgelaufen,0.24,490,-10306.0,300.5,5,7,20250413-230616
149,kein_Terminated,Zeit abgelaufen,0.41,446,-14034.25,300.5,5,1,20250413-230637
150,kein_Terminated,Zeit abgelaufen,0.35,371,-7846.5,300.5,5,1,20250413-230658
151,kein_Terminated,Zeit abgelaufen,0.12,558,-4088.25,300.5,5,9,20250413-230720
152,kein_Terminated,Zeit abgelaufen,0.3,408,-19685.75,300.5,5,9,20250413-230741
153,kein_Terminated,Zeit abgelaufen,0.28,433,-27985.75,300.5,5,0,20250413-230803
154,kein_Terminated,Zeit abgelaufen,0.2,366,-4969.75,300.5,15,4,20250413-230828
155,kein_Terminated,Zeit abgelaufen,0.13,551,-50747.5,300.5,15,4,20250413-230853
156,kein_Terminated,Zeit abgelaufen,0.14,567,-32033.5,300.5,15,8,20250413-230918
157,kein_Terminated,Zeit abgelaufen,0.15,419,-14520.5,300.5,15,8,20250413-230943
158,kein_Terminated,Zeit abgelaufen,0.35,455,-18834.75,300.5,15,1,20250413-231008
159,kein_Terminated,Zeit abgelaufen,0.07,582,-11985.5,300.5,15,1,20250413-231033
160,kein_Terminated,Zeit abgelaufen,0.09,452,-2283.0,300.5,15,9,20250413-231059
161,kein_Terminated,Zeit abgelaufen,0.19,535,-30753.0,300.5,8,6,20250413-231122
162,kein_Terminated,Zeit abgelaufen,0.11,289,-11324.75,300.5,8,6,20250413-231145
163,kein_Terminated,Zeit abgelaufen,0.28,453,-32542.75,300.5,8,6,20250413-231209
164,kein_Terminated,Zeit abgelaufen,0.39,349,-8261.25,300.5,8,6,20250413-231232
165,kein_Terminated,Zeit abgelaufen,0.3,316,-2735.0,300.5,8,6,20250413-231255
166,kein_Terminated,Zeit abgelaufen,0.18,442,-15268.75,300.5,8,6,20250413-231319
2,kein_Terminated,Zeit abgelaufen,0.09,309,-6599.25,300.5,0,1,20250413-231346
167,kein_Terminated,Zeit abgelaufen,0.09,398,-8453.5,300.5,8,2,20250413-231403
168,kein_Terminated,Zeit abgelaufen,0.16,523,-4055.25,300.5,5,8,20250413-231425
169,kein_Terminated,Zeit abgelaufen,0.11,483,-4635.25,300.5,5,8,20250413-231446
170,kein_Terminated,Zeit abgelaufen,0.11,554,-14161.75,300.5,5,8,20250413-231507
171,kein_Terminated,Zeit abgelaufen,0.15,548,-26981.5,300.5,5,8,20250413-231529
172,kein_Terminated,Zeit abgelaufen,0.26,420,-10497.75,300.5,5,7,20250413-231551
173,kein_Terminated,Zeit abgelaufen,0.26,334,33.0,300.5,5,7,20250413-231612
174,kein_Terminated,Zeit abgelaufen,0.23,349,954.75,300.5,5,1,20250413-231633
175,kein_Terminated,Zeit abgelaufen,0.09,376,-6103.5,300.5,8,2,20250413-231656
176,kein_Terminated,Zeit abgelaufen,0.08,490,-11003.5,300.5,8,2,20250413-231719
177,kein_Terminated,Zeit abgelaufen,0.3,290,-9997.0,300.5,8,5,20250413-231743
178,kein_Terminated,Zeit abgelaufen,0.11,452,-14234.5,300.5,8,5,20250413-231806
179,kein_Terminated,Zeit abgelaufen,0.34,455,-27499.25,300.5,8,4,20250413-231830
180,kein_Terminated,Zeit abgelaufen,0.15,436,-3566.75,300.5,8,4,20250413-231853
181,kein_Terminated,Zeit abgelaufen,0.09,550,-44369.25,300.5,8,8,20250413-231916
182,kein_Terminated,Zeit abgelaufen,0.2,273,31.0,300.5,0,1,20250413-231939
183,kein_Terminated,Zeit abgelaufen,0.13,257,533.5,300.5,0,1,20250413-232001
184,kein_Terminated,Zeit abgelaufen,0.33,351,-6381.0,300.5,0,1,20250413-232024
185,kein_Terminated,Zeit abgelaufen,0.24,191,1594.5,300.5,0,1,20250413-232046
186,kein_Terminated,Zeit abgelaufen,0.15,267,708.75,300.5,0,2,20250413-232109
187,kein_Terminated,Zeit abgelaufen,0.28,321,656.0,300.5,0,2,20250413-232131
188,kein_Terminated,Zeit abgelaufen,0.18,173,693.75,300.5,0,9,20250413-232154
189,kein_Terminated,Zeit abgelaufen,0.35,334,3925.25,300.5,0,0,20250413-232217
190,kein_Terminated,Zeit abgelaufen,0.3,287,1770.0,300.5,0,0,20250413-232239
191,kein_Terminated,Zeit abgelaufen,0.21,237,823.5,300.5,0,8,20250413-232302
192,kein_Terminated,Zeit abgelaufen,0.19,216,-6436.25,300.5,0,8,20250413-232324
193,kein_Terminated,Zeit abgelaufen,0.27,386,149.0,300.5,0,1,20250413-232347
194,kein_Terminated,Zeit abgelaufen,0.2,336,-1391.5,300.5,0,1,20250413-232409
195,kein_Terminated,Zeit abgelaufen,0.28,186,1405.25,300.5,0,2,20250413-232432
196,kein_Terminated,Zeit abgelaufen,0.28,343,1909.75,300.5,8,5,20250413-232455
197,kein_Terminated,Zeit abgelaufen,0.24,334,2566.0,300.5,8,5,20250413-232518
198,kein_Terminated,Zeit abgelaufen,0.34,326,771.5,300.5,8,7,20250413-232541
199,kein_Terminated,Zeit abgelaufen,0.26,415,-1449.5,300.5,8,7,20250413-232605
200,kein_Terminated,Zeit abgelaufen,0.31,395,488.25,300.5,8,1,20250413-232628
201,kein_Terminated,Zeit abgelaufen,0.38,412,-8183.0,300.5,8,1,20250413-232651
202,kein_Terminated,Zeit abgelaufen,0.31,417,1987.5,300.5,8,6,20250413-232714
203,kein_Terminated,Zeit abgelaufen,0.21,412,-23371.75,300.5,8,9,20250413-232738
204,kein_Terminated,Zeit abgelaufen,0.32,289,-13053.75,300.5,8,9,20250413-232801
205,kein_Terminated,Zeit abgelaufen,0.15,410,-13706.5,300.5,8,1,20250413-232824
206,kein_Terminated,Zeit abgelaufen,0.18,376,-3726.5,300.5,8,1,20250413-232847
207,kein_Terminated,Zeit abgelaufen,0.22,466,-36055.75,300.5,8,7,20250413-232911
208,kein_Terminated,Zeit abgelaufen,0.26,373,-2267.5,300.5,8,7,20250413-232934
209,kein_Terminated,Zeit abgelaufen,0.22,361,-17481.0,300.5,8,7,20250413-232957
210,kein_Terminated,Zeit abgelaufen,0.09,287,-643.0,300.5,0,0,20250413-233019
211,kein_Terminated,Zeit abgelaufen,0.09,374,-2823.5,300.5,0,0,20250413-233042
212,kein_Terminated,Zeit abgelaufen,0.3,374,-7691.75,300.5,0,1,20250413-233104
213,kein_Terminated,Zeit abgelaufen,0.15,364,-7157.75,300.5,0,1,20250413-233127
214,kein_Terminated,Zeit abgelaufen,0.12,435,-15017.25,300.5,0,7,20250413-233149
215,kein_Terminated,Zeit abgelaufen,0.14,223,-897.75,300.5,0,7,20250413-233212
216,kein_Terminated,Zeit abgelaufen,0.32,330,-5296.0,300.5,0,3,20250413-233235
217,kein_Terminated,Zeit abgelaufen,0.22,114,2354.75,300.5,8,9,20250413-233258
218,kein_Terminated,Zeit abgelaufen,0.24,58,3009.0,300.5,8,9,20250413-233321
219,kein_Terminated,Zeit abgelaufen,0.18,175,2113.0,300.5,8,0,20250413-233344
220,kein_Terminated,Zeit abgelaufen,0.18,212,1673.25,300.5,8,0,20250413-233407
221,kein_Terminated,Zeit abgelaufen,0.18,130,2019.5,300.5,8,0,20250413-233430
222,kein_Terminated,Zeit abgelaufen,0.17,215,-4487.75,300.5,8,0,20250413-233453
223,kein_Terminated,Zeit abgelaufen,0.23,483,-16357.5,300.5,8,5,20250413-233516
224,kein_Terminated,Zeit abgelaufen,0.11,320,1225.0,300.5,8,8,20250413-233539
225,kein_Terminated,Zeit abgelaufen,0.2,154,2002.0,300.5,8,8,20250413-233602
226,kein_Terminated,Zeit abgelaufen,0.09,377,-6478.5,300.5,8,2,20250413-233625
227,kein_Terminated,Zeit abgelaufen,0.28,393,-16535.5,300.5,8,2,20250413-233648
228,kein_Terminated,Zeit abgelaufen,0.18,199,810.5,300.5,8,0,20250413-233711
229,kein_Terminated,Zeit abgelaufen,0.22,519,-3803.75,300.5,8,0,20250413-233734
230,kein_Terminated,Zeit abgelaufen,0.39,307,1898.5,300.5,8,1,20250413-233757
231,kein_Terminated,Zeit abgelaufen,0.26,556,-32746.75,300.5,8,1,20250413-233820
232,kein_Terminated,Zeit abgelaufen,0.18,326,-1506.0,300.5,8,1,20250413-233843
233,kein_Terminated,Zeit abgelaufen,0.28,410,-11458.0,300.5,8,4,20250413-233907
234,kein_Terminated,Zeit abgelaufen,0.35,348,479.75,300.5,8,4,20250413-233930
235,kein_Terminated,Zeit abgelaufen,0.32,359,-4215.75,300.5,8,4,20250413-233954
236,kein_Terminated,Zeit abgelaufen,0.22,450,-20785.75,300.5,8,4,20250413-234017
237,kein_Terminated,Zeit abgelaufen,0.41,376,-7106.5,300.5,8,9,20250413-234040
238,kein_Terminated,Zeit abgelaufen,0.27,303,2271.0,300.5,26,8,20250413-234112
239,kein_Terminated,Zeit abgelaufen,0.26,380,704.5,300.5,26,8,20250413-234144
240,kein_Terminated,Zeit abgelaufen,0.44,329,-2878.25,300.5,26,3,20250413-234216
241,kein_Terminated,Zeit abgelaufen,0.45,394,-13655.25,300.5,26,3,20250413-234247
242,kein_Terminated,Zeit abgelaufen,0.12,536,-8946.75,300.5,26,5,20250413-234320
243,kein_Terminated,Zeit abgelaufen,0.28,400,508.75,300.5,26,5,20250413-234352
244,kein_Terminated,Zeit abgelaufen,0.39,323,2590.75,300.5,26,6,20250413-234424
245,kein_Terminated,Zeit abgelaufen,0.16,556,-42010.0,300.5,5,4,20250413-234446
246,kein_Terminated,Zeit abgelaufen,0.13,527,-43220.75,300.5,5,4,20250413-234508
247,kein_Terminated,Zeit abgelaufen,0.34,408,-5548.5,300.5,5,0,20250413-234529
248,kein_Terminated,Zeit abgelaufen,0.35,337,-1317.75,300.5,5,0,20250413-234551
249,kein_Terminated,Zeit abgelaufen,0.17,171,1049.5,300.5,5,8,20250413-234612
3,kein_Terminated,Zeit abgelaufen,0.08,565,1078.5,300.5,0,6,20250413-234641
250,kein_Terminated,Zeit abgelaufen,0.11,419,-3091.25,300.5,5,8,20250413-234656
251,kein_Terminated,Zeit abgelaufen,0.36,405,-11942.0,300.5,5,7,20250413-234717
252,kein_Terminated,Zeit abgelaufen,0.18,463,-893.5,300.5,15,0,20250413-234742
253,kein_Terminated,Zeit abgelaufen,0.14,327,-1155.25,300.5,15,0,20250413-234807
254,kein_Terminated,Zeit abgelaufen,0.06,602,-2042.5,300.5,15,3,20250413-234832
255,kein_Terminated,Zeit abgelaufen,0.06,602,-1732.25,300.5,15,3,20250413-234856
256,kein_Terminated,Zeit abgelaufen,0.19,341,-5335.25,300.5,15,7,20250413-234921
257,kein_Terminated,Zeit abgelaufen,0.17,410,-9472.5,300.5,15,7,20250413-234946
258,kein_Terminated,Zeit abgelaufen,0.3,492,-11044.5,300.5,15,0,20250413-235011
259,kein_Terminated,Zeit abgelaufen,0.27,526,-4703.0,300.5,5,9,20250413-235033
260,kein_Terminated,Zeit abgelaufen,0.3,200,2305.75,300.5,5,9,20250413-235054
261,kein_Terminated,Zeit abgelaufen,0.47,232,4255.5,300.5,5,4,20250413-235116
262,kein_Terminated,Zeit abgelaufen,0.25,269,364.0,300.5,5,4,20250413-235137
263,kein_Terminated,Zeit abgelaufen,0.08,368,711.5,300.5,5,2,20250413-235158
264,kein_Terminated,Zeit abgelaufen,0.09,423,307.75,300.5,5,2,20250413-235220
265,kein_Terminated,Zeit abgelaufen,0.35,382,-9297.0,300.5,5,6,20250413-235241
266,kein_Terminated,Zeit abgelaufen,0.14,373,-4785.5,300.5,26,3,20250413-235314
267,kein_Terminated,Zeit abgelaufen,0.14,370,823.75,300.5,26,3,20250413-235345
268,kein_Terminated,Zeit abgelaufen,0.34,412,1241.5,300.5,26,8,20250413-235418
269,kein_Terminated,Zeit abgelaufen,0.1,599,-40819.0,300.5,26,8,20250413-235450
270,kein_Terminated,Zeit abgelaufen,0.31,243,2533.5,300.5,26,0,20250413-235522
271,kein_Terminated,Zeit abgelaufen,0.12,368,-4123.5,300.5,26,0,20250413-235553
272,kein_Terminated,Zeit abgelaufen,0.21,348,1535.0,300.5,26,9,20250413-235625
273,kein_Terminated,Zeit abgelaufen,0.09,311,1146.5,300.5,26,2,20250413-235656
274,kein_Terminated,Zeit abgelaufen,0.45,378,-384.25,300.5,26,2,20250413-235728
275,kein_Terminated,Zeit abgelaufen,0.43,262,834.25,300.5,26,1,20250413-235800
276,kein_Terminated,Zeit abgelaufen,0.27,331,-2000.5,300.5,26,1,20250413-235833
277,kein_Terminated,Zeit abgelaufen,0.36,318,2565.0,300.5,26,7,20250413-235905
278,kein_Terminated,Zeit abgelaufen,0.25,327,2293.25,300.5,26,7,20250413-235937
279,kein_Terminated,Zeit abgelaufen,0.44,298,-1327.0,300.5,26,2,20250414-000009
280,kein_Terminated,Zeit abgelaufen,0.06,602,-6463.5,300.5,15,3,20250414-000034
281,kein_Terminated,Zeit abgelaufen,0.06,602,-11066.0,300.5,15,3,20250414-000059
282,kein_Terminated,Zeit abgelaufen,0.13,496,-9137.75,300.5,15,8,20250414-000124
283,kein_Terminated,Zeit abgelaufen,0.11,569,-26308.5,300.5,15,8,20250414-000149
284,kein_Terminated,Zeit abgelaufen,0.12,567,-10092.5,300.5,15,4,20250414-000214
285,kein_Terminated,Zeit abgelaufen,0.24,399,-26010.25,300.5,15,4,20250414-000239
286,kein_Terminated,Zeit abgelaufen,0.17,434,-17278.25,300.5,15,8,20250414-000304
287,kein_Terminated,Zeit abgelaufen,0.38,395,-2070.75,300.5,5,0,20250414-000326
288,kein_Terminated,Zeit abgelaufen,0.33,444,-2609.25,300.5,5,0,20250414-000347
289,kein_Terminated,Zeit abgelaufen,0.33,317,-2968.25,300.5,5,8,20250414-000409
290,kein_Terminated,Zeit abgelaufen,0.28,155,1223.75,300.5,5,8,20250414-000430
291,kein_Terminated,Zeit abgelaufen,0.6,289,1728.0,300.5,5,1,20250414-000451
292,kein_Terminated,Zeit abgelaufen,0.28,507,-23065.0,300.5,5,1,20250414-000513
293,kein_Terminated,Zeit abgelaufen,0.24,498,-14707.0,300.5,5,6,20250414-000534
294,kein_Terminated,Zeit abgelaufen,0.2,364,-3507.25,300.5,0,4,20250414-000556
295,kein_Terminated,Zeit abgelaufen,0.39,212,-568.25,300.5,0,4,20250414-000619
296,kein_Terminated,Zeit abgelaufen,0.14,127,-185.25,300.5,0,7,20250414-000642
297,kein_Terminated,Zeit abgelaufen,0.31,259,-612.75,300.5,0,7,20250414-000704
298,kein_Terminated,Zeit abgelaufen,0.2,227,123.75,300.5,0,4,20250414-000727
299,kein_Terminated,Zeit abgelaufen,0.34,265,1222.5,300.5,0,4,20250414-000749
300,kein_Terminated,Zeit abgelaufen,0.36,169,4069.25,300.5,0,7,20250414-000812
301,kein_Terminated,Zeit abgelaufen,0.27,268,576.0,300.5,8,1,20250414-000835
302,kein_Terminated,Zeit abgelaufen,0.26,414,-10307.5,300.5,8,1,20250414-000858
303,kein_Terminated,Zeit abgelaufen,0.2,345,-7215.0,300.5,8,2,20250414-000921
304,kein_Terminated,Zeit abgelaufen,0.17,328,-7212.0,300.5,8,2,20250414-000944
305,kein_Terminated,Zeit abgelaufen,0.1,407,-6052.25,300.5,8,2,20250414-001008
306,kein_Terminated,Zeit abgelaufen,0.3,385,2762.25,300.5,8,2,20250414-001030
307,kein_Terminated,Zeit abgelaufen,0.24,339,-1923.0,300.5,8,8,20250414-001053
308,kein_Terminated,Zeit abgelaufen,0.13,308,412.75,300.5,8,4,20250414-001116
309,kein_Terminated,Zeit abgelaufen,0.27,132,1697.0,300.5,8,4,20250414-001139
310,kein_Terminated,Zeit abgelaufen,0.21,446,-21051.25,300.5,8,4,20250414-001203
311,kein_Terminated,Zeit abgelaufen,0.31,274,1697.25,300.5,8,4,20250414-001227
312,kein_Terminated,Zeit abgelaufen,0.27,217,3006.75,300.5,8,4,20250414-001250
313,kein_Terminated,Zeit abgelaufen,0.29,392,-1960.25,300.5,8,4,20250414-001314
314,kein_Terminated,Zeit abgelaufen,0.34,343,754.75,300.5,8,1,20250414-001337
315,kein_Terminated,Zeit abgelaufen,0.2,444,-28291.75,300.5,5,5,20250414-001359
316,kein_Terminated,Zeit abgelaufen,0.45,245,2613.75,300.5,5,5,20250414-001421
317,kein_Terminated,Zeit abgelaufen,0.59,226,3430.25,300.5,5,5,20250414-001442
318,kein_Terminated,Zeit abgelaufen,0.39,268,-2526.5,300.5,5,5,20250414-001504
319,kein_Terminated,Zeit abgelaufen,0.39,242,294.5,300.5,5,5,20250414-001525
320,kein_Terminated,Zeit abgelaufen,0.19,461,-1749.75,300.5,5,5,20250414-001546
321,kein_Terminated,Zeit abgelaufen,0.26,173,1984.0,300.5,5,2,20250414-001608
322,kein_Terminated,Zeit abgelaufen,0.28,197,2264.0,300.5,5,5,20250414-001629
323,kein_Terminated,Zeit abgelaufen,0.51,345,4462.0,300.5,5,5,20250414-001651
324,kein_Terminated,Zeit abgelaufen,0.24,444,-1807.0,300.5,5,8,20250414-001713
325,kein_Terminated,Zeit abgelaufen,0.22,162,2410.75,300.5,5,8,20250414-001735
326,kein_Terminated,Zeit abgelaufen,0.47,282,4243.5,300.5,5,0,20250414-001756
327,kein_Terminated,Zeit abgelaufen,0.37,349,-22545.5,300.5,5,0,20250414-001819
328,kein_Terminated,Zeit abgelaufen,0.27,149,507.25,300.5,5,1,20250414-001840
329,kein_Terminated,Zeit abgelaufen,0.31,455,-19391.5,300.5,15,2,20250414-001905
330,kein_Terminated,Zeit abgelaufen,0.33,479,-7581.25,300.5,15,2,20250414-001930
331,kein_Terminated,Zeit abgelaufen,0.21,407,-1569.75,300.5,15,9,20250414-001955
332,kein_Terminated,Zeit abgelaufen,0.28,472,-5610.5,300.5,15,9,20250414-002020
4,kein_Terminated,Zeit abgelaufen,0.01,602,174.5,300.5,5,7,20250414-002050
333,kein_Terminated,Zeit abgelaufen,0.21,414,-630.25,300.5,15,7,20250414-002105
334,kein_Terminated,Zeit abgelaufen,0.16,554,-10366.5,300.5,15,7,20250414-002130
335,kein_Terminated,Zeit abgelaufen,0.06,590,-55557.5,300.5,15,1,20250414-002155
336,kein_Terminated,Zeit abgelaufen,0.19,532,-38941.75,300.5,15,0,20250414-002220
337,kein_Terminated,Zeit abgelaufen,0.24,522,-38527.25,300.5,15,0,20250414-002246
338,kein_Terminated,Zeit abgelaufen,0.07,594,-11449.75,300.5,15,3,20250414-002311
339,kein_Terminated,Zeit abgelaufen,0.07,590,-2958.75,300.5,15,3,20250414-002336
340,kein_Terminated,Zeit abgelaufen,0.16,564,-5425.0,300.5,15,5,20250414-002401
341,kein_Terminated,Zeit abgelaufen,0.23,421,584.5,300.5,15,5,20250414-002426
342,kein_Terminated,Zeit abgelaufen,0.3,389,-1630.0,300.5,15,0,20250414-002451
343,kein_Terminated,Zeit abgelaufen,0.27,160,2000.75,300.5,26,1,20250414-002523
344,kein_Terminated,Zeit abgelaufen,0.35,270,970.5,300.5,26,1,20250414-002554
345,kein_Terminated,Zeit abgelaufen,0.12,526,-5626.0,300.5,26,1,20250414-002626
346,kein_Terminated,Zeit abgelaufen,0.3,87,3098.75,300.5,26,1,20250414-002658
347,kein_Terminated,Zeit abgelaufen,0.12,357,-3397.5,300.5,26,4,20250414-002730
348,kein_Terminated,Zeit abgelaufen,0.11,405,-4932.75,300.5,26,4,20250414-002801
349,kein_Terminated,Zeit abgelaufen,0.23,405,1130.5,300.5,26,7,20250414-002833
350,kein_Terminated,Zeit abgelaufen,0.42,185,2874.25,300.5,5,4,20250414-002854
351,kein_Terminated,Zeit abgelaufen,0.32,483,-32365.75,300.5,5,4,20250414-002916
352,kein_Terminated,Zeit abgelaufen,0.49,266,679.0,300.5,5,0,20250414-002938
353,kein_Terminated,Zeit abgelaufen,0.24,520,-1963.75,300.5,5,0,20250414-002959
354,kein_Terminated,Zeit abgelaufen,0.36,365,-1448.0,300.5,5,7,20250414-003020
355,kein_Terminated,Zeit abgelaufen,0.27,429,-17861.25,300.5,5,7,20250414-003042
356,kein_Terminated,Zeit abgelaufen,0.31,380,-22027.75,300.5,5,1,20250414-003103
357,kein_Terminated,Zeit abgelaufen,0.34,427,-34318.25,300.5,5,4,20250414-003124
358,kein_Terminated,Zeit abgelaufen,0.52,249,3630.5,300.5,5,4,20250414-003146
359,kein_Terminated,Zeit abgelaufen,0.38,359,831.0,300.5,5,1,20250414-003207
360,kein_Terminated,Zeit abgelaufen,0.46,370,1718.25,300.5,5,1,20250414-003228
361,kein_Terminated,Zeit abgelaufen,0.31,99,2857.5,300.5,5,4,20250414-003250
362,kein_Terminated,Zeit abgelaufen,0.36,314,2775.5,300.5,5,4,20250414-003311
363,kein_Terminated,Zeit abgelaufen,0.23,526,-12255.5,300.5,5,7,20250414-003333
364,kein_Terminated,Zeit abgelaufen,0.37,168,2347.75,300.5,0,2,20250414-003356
365,kein_Terminated,Zeit abgelaufen,0.35,266,806.0,300.5,0,2,20250414-003419
366,kein_Terminated,Zeit abgelaufen,0.34,328,-405.5,300.5,0,9,20250414-003441
367,kein_Terminated,Zeit abgelaufen,0.5,252,5853.25,300.5,0,9,20250414-003503
368,kein_Terminated,Zeit abgelaufen,0.27,279,-40.5,300.5,0,4,20250414-003526
369,kein_Terminated,Zeit abgelaufen,0.42,378,-5919.0,300.5,0,4,20250414-003548
370,kein_Terminated,Zeit abgelaufen,0.33,221,-272.0,300.5,0,2,20250414-003610
371,kein_Terminated,Zeit abgelaufen,0.23,508,2156.5,300.5,8,8,20250414-003633
372,kein_Terminated,Zeit abgelaufen,0.26,367,-3601.25,300.5,8,8,20250414-003656
373,kein_Terminated,Zeit abgelaufen,0.2,266,1236.0,300.5,8,7,20250414-003719
374,kein_Terminated,Zeit abgelaufen,0.12,225,945.25,300.5,8,7,20250414-003742
375,kein_Terminated,Zeit abgelaufen,0.22,271,-1325.0,300.5,8,7,20250414-003805
376,kein_Terminated,Zeit abgelaufen,0.14,391,-5246.75,300.5,8,7,20250414-003828
377,kein_Terminated,Zeit abgelaufen,0.39,341,-16997.75,300.5,8,4,20250414-003851
378,kein_Terminated,Zeit abgelaufen,0.33,178,1223.25,300.5,0,4,20250414-003914
379,kein_Terminated,Zeit abgelaufen,0.3,180,872.0,300.5,0,4,20250414-003936
380,kein_Terminated,Zeit abgelaufen,0.33,259,-15570.0,300.5,0,6,20250414-003959
381,kein_Terminated,Zeit abgelaufen,0.42,209,1500.5,300.5,0,6,20250414-004021
382,kein_Terminated,Zeit abgelaufen,0.5,371,-12064.25,300.5,0,9,20250414-004044
383,kein_Terminated,Zeit abgelaufen,0.41,316,1985.0,300.5,0,9,20250414-004106
384,kein_Terminated,Zeit abgelaufen,0.28,434,-16056.5,300.5,0,7,20250414-004129
385,kein_Terminated,Zeit abgelaufen,0.1,549,-7329.25,300.5,26,6,20250414-004200
386,kein_Terminated,Zeit abgelaufen,0.29,238,1878.5,300.5,26,6,20250414-004232
387,kein_Terminated,Zeit abgelaufen,0.25,380,-2881.75,300.5,26,8,20250414-004304
388,kein_Terminated,Zeit abgelaufen,0.29,319,766.25,300.5,26,8,20250414-004336
389,kein_Terminated,Zeit abgelaufen,0.49,268,2030.0,300.5,26,4,20250414-004408
390,kein_Terminated,Zeit abgelaufen,0.11,419,-9696.0,300.5,26,4,20250414-004440
391,kein_Terminated,Zeit abgelaufen,0.39,305,1208.25,300.5,26,2,20250414-004512
392,kein_Terminated,Zeit abgelaufen,0.48,337,2538.75,300.5,0,3,20250414-004534
393,kein_Terminated,Zeit abgelaufen,0.5,303,4350.0,300.5,0,3,20250414-004556
394,kein_Terminated,Zeit abgelaufen,0.36,320,-2181.25,300.5,0,1,20250414-004618
395,kein_Terminated,Zeit abgelaufen,0.33,237,666.75,300.5,0,1,20250414-004641
396,kein_Terminated,Zeit abgelaufen,0.16,253,55.5,300.5,0,9,20250414-004703
397,kein_Terminated,Zeit abgelaufen,0.29,357,-4632.5,300.5,0,9,20250414-004726
398,kein_Terminated,Zeit abgelaufen,0.16,282,377.0,300.5,0,8,20250414-004748
399,kein_Terminated,Zeit abgelaufen,0.37,212,4177.25,300.5,8,4,20250414-004811
400,kein_Terminated,Zeit abgelaufen,0.14,536,-3686.75,300.5,8,4,20250414-004834
401,kein_Terminated,Zeit abgelaufen,0.21,303,-7255.75,300.5,8,7,20250414-004857
402,kein_Terminated,Zeit abgelaufen,0.23,252,2704.25,300.5,8,7,20250414-004920
403,kein_Terminated,Zeit abgelaufen,0.3,448,-34692.75,300.5,8,5,20250414-004944
404,kein_Terminated,Zeit abgelaufen,0.38,274,1872.0,300.5,8,5,20250414-005007
405,kein_Terminated,Zeit abgelaufen,0.23,392,-1249.0,300.5,8,1,20250414-005030
406,kein_Terminated,Zeit abgelaufen,0.24,268,1884.75,300.5,8,7,20250414-005053
407,kein_Terminated,Zeit abgelaufen,0.41,330,3972.75,300.5,8,7,20250414-005116
408,kein_Terminated,Zeit abgelaufen,0.26,348,-9167.25,300.5,8,2,20250414-005138
409,kein_Terminated,Zeit abgelaufen,0.4,370,3763.25,300.5,8,2,20250414-005202
410,kein_Terminated,Zeit abgelaufen,0.38,155,4644.25,300.5,8,3,20250414-005224
411,kein_Terminated,Zeit abgelaufen,0.23,448,954.75,300.5,8,3,20250414-005247
412,kein_Terminated,Zeit abgelaufen,0.37,403,-558.0,300.5,8,7,20250414-005310
413,kein_Terminated,Zeit abgelaufen,0.52,287,4449.25,300.5,8,0,20250414-005333
414,kein_Terminated,Zeit abgelaufen,0.49,346,-638.0,300.5,8,0,20250414-005356
415,kein_Terminated,Zeit abgelaufen,0.24,277,950.0,300.5,8,4,20250414-005419
5,kein_Terminated,Zeit abgelaufen,0.03,592,418.5,300.5,5,6,20250414-005523
416,kein_Terminated,Zeit abgelaufen,0.33,266,542.75,300.5,8,4,20250414-005536
417,kein_Terminated,Zeit abgelaufen,0.55,250,2165.75,300.5,8,8,20250414-005559
418,kein_Terminated,Zeit abgelaufen,0.09,412,-1006.0,300.5,8,8,20250414-005622
419,kein_Terminated,Zeit abgelaufen,0.15,348,-3708.25,300.5,8,4,20250414-005645
420,kein_Terminated,Zeit abgelaufen,0.38,403,-15679.25,300.5,0,2,20250414-005707
421,kein_Terminated,Zeit abgelaufen,0.32,219,148.5,300.5,0,2,20250414-005730
422,kein_Terminated,Zeit abgelaufen,0.4,297,4424.5,300.5,0,2,20250414-005752
423,kein_Terminated,Zeit abgelaufen,0.34,241,3277.5,300.5,0,2,20250414-005815
424,kein_Terminated,Zeit abgelaufen,0.35,442,-30800.75,300.5,0,6,20250414-005837
425,kein_Terminated,Zeit abgelaufen,0.49,202,-1810.25,300.5,0,6,20250414-005900
426,kein_Terminated,Zeit abgelaufen,0.39,189,2471.0,300.5,0,7,20250414-005922
427,kein_Terminated,Zeit abgelaufen,0.44,179,4747.0,300.5,5,5,20250414-005943
428,kein_Terminated,Zeit abgelaufen,0.45,363,-916.5,300.5,5,5,20250414-010005
429,kein_Terminated,Zeit abgelaufen,0.49,377,-8037.5,300.5,5,1,20250414-010026
430,kein_Terminated,Zeit abgelaufen,0.29,450,2496.0,300.5,5,1,20250414-010048
431,kein_Terminated,Zeit abgelaufen,0.33,455,-36171.0,300.5,5,3,20250414-010109
432,kein_Terminated,Zeit abgelaufen,0.6,187,1768.75,300.5,5,3,20250414-010131
433,kein_Terminated,Zeit abgelaufen,0.42,442,-405.75,300.5,5,3,20250414-010152
434,kein_Terminated,Zeit abgelaufen,0.41,328,3060.25,300.5,26,0,20250414-010224
435,kein_Terminated,Zeit abgelaufen,0.14,380,-1110.5,300.5,26,0,20250414-010255
436,kein_Terminated,Zeit abgelaufen,0.11,313,-4633.75,300.5,26,4,20250414-010328
437,kein_Terminated,Zeit abgelaufen,0.12,417,-2616.25,300.5,26,4,20250414-010400
438,kein_Terminated,Zeit abgelaufen,0.28,335,1110.0,300.5,26,3,20250414-010431
439,kein_Terminated,Zeit abgelaufen,0.43,339,318.5,300.5,26,3,20250414-010503
440,kein_Terminated,Zeit abgelaufen,0.34,367,2728.75,300.5,26,8,20250414-010535
441,kein_Terminated,Zeit abgelaufen,0.44,291,-5505.5,300.5,0,0,20250414-010557
442,kein_Terminated,Zeit abgelaufen,0.46,279,3910.75,300.5,0,0,20250414-010620
443,kein_Terminated,Zeit abgelaufen,0.17,287,537.75,300.5,0,9,20250414-010642
444,kein_Terminated,Zeit abgelaufen,0.18,154,492.25,300.5,0,9,20250414-010704
445,kein_Terminated,Zeit abgelaufen,0.47,202,3084.0,300.5,0,7,20250414-010727
446,kein_Terminated,Zeit abgelaufen,0.39,186,2680.5,300.5,0,7,20250414-010749
447,kein_Terminated,Zeit abgelaufen,0.49,278,-7960.0,300.5,0,6,20250414-010812
448,kein_Terminated,Zeit abgelaufen,0.34,333,-560.0,300.5,26,6,20250414-010844
449,kein_Terminated,Zeit abgelaufen,0.44,301,2518.25,300.5,26,6,20250414-010916
450,kein_Terminated,Zeit abgelaufen,0.25,322,-233.5,300.5,26,0,20250414-010947
451,kein_Terminated,Zeit abgelaufen,0.3,309,133.0,300.5,26,0,20250414-011019
452,kein_Terminated,Zeit abgelaufen,0.27,316,1352.25,300.5,26,8,20250414-011051
453,kein_Terminated,Zeit abgelaufen,0.32,297,2803.0,300.5,26,8,20250414-011123
454,kein_Terminated,Zeit abgelaufen,0.27,353,-598.0,300.5,26,9,20250414-011155
455,kein_Terminated,Zeit abgelaufen,0.19,195,2078.75,300.5,5,2,20250414-011217
456,kein_Terminated,Zeit abgelaufen,0.47,199,519.75,300.5,5,2,20250414-011238
457,kein_Terminated,Zeit abgelaufen,0.41,236,1457.25,300.5,5,0,20250414-011259
458,kein_Terminated,Zeit abgelaufen,0.39,433,-2571.25,300.5,5,0,20250414-011321
459,kein_Terminated,Zeit abgelaufen,0.62,235,3786.25,300.5,5,1,20250414-011342
460,kein_Terminated,Zeit abgelaufen,0.51,273,3156.25,300.5,5,1,20250414-011404
461,kein_Terminated,Zeit abgelaufen,0.38,372,-17944.5,300.5,5,6,20250414-011425
462,kein_Terminated,Zeit abgelaufen,0.6,229,4686.5,300.5,5,9,20250414-011447
463,kein_Terminated,Zeit abgelaufen,0.46,386,-3182.5,300.5,5,9,20250414-011508
464,kein_Terminated,Zeit abgelaufen,0.49,192,5044.0,300.5,5,9,20250414-011529
465,kein_Terminated,Zeit abgelaufen,0.27,431,-1539.75,300.5,5,9,20250414-011550
466,kein_Terminated,Zeit abgelaufen,0.39,320,3413.0,300.5,5,7,20250414-011612
467,kein_Terminated,Zeit abgelaufen,0.42,425,-18190.5,300.5,5,7,20250414-011634
468,kein_Terminated,Zeit abgelaufen,0.34,390,-5701.25,300.5,5,4,20250414-011655
469,kein_Terminated,Zeit abgelaufen,0.51,309,1750.5,300.5,8,0,20250414-011718
470,kein_Terminated,Zeit abgelaufen,0.3,480,-3089.25,300.5,8,0,20250414-011742
471,kein_Terminated,Zeit abgelaufen,0.25,442,-1396.0,300.5,8,5,20250414-011804
472,kein_Terminated,Zeit abgelaufen,0.45,284,5222.0,300.5,8,5,20250414-011828
473,kein_Terminated,Zeit abgelaufen,0.36,202,3114.5,300.5,8,6,20250414-011851
474,kein_Terminated,Zeit abgelaufen,0.41,355,1275.75,300.5,8,6,20250414-011914
475,kein_Terminated,Zeit abgelaufen,0.39,372,2310.25,300.5,8,0,20250414-011937
476,kein_Terminated,Zeit abgelaufen,0.35,331,-213.5,300.5,5,8,20250414-011959
477,kein_Terminated,Zeit abgelaufen,0.59,212,-2135.0,300.5,5,8,20250414-012020
478,kein_Terminated,Zeit abgelaufen,0.38,410,-28664.75,300.5,5,7,20250414-012042
479,kein_Terminated,Zeit abgelaufen,0.34,415,-14975.0,300.5,5,7,20250414-012104
480,kein_Terminated,Zeit abgelaufen,0.44,343,1031.25,300.5,5,1,20250414-012125
481,kein_Terminated,Zeit abgelaufen,0.34,435,-24860.5,300.5,5,1,20250414-012146
482,kein_Terminated,Zeit abgelaufen,0.51,257,1064.5,300.5,5,2,20250414-012207
483,kein_Terminated,Zeit abgelaufen,0.11,400,-5445.25,300.5,15,1,20250414-012232
484,kein_Terminated,Zeit abgelaufen,0.12,529,-12917.5,300.5,15,1,20250414-012257
485,kein_Terminated,Zeit abgelaufen,0.16,547,-35066.25,300.5,15,9,20250414-012322
486,kein_Terminated,Zeit abgelaufen,0.07,583,-43258.75,300.5,15,9,20250414-012347
487,kein_Terminated,Zeit abgelaufen,0.07,601,-4602.75,300.5,15,3,20250414-012413
488,kein_Terminated,Zeit abgelaufen,0.06,601,-3082.75,300.5,15,3,20250414-012438
489,kein_Terminated,Zeit abgelaufen,0.16,435,-5110.75,300.5,15,7,20250414-012502
490,kein_Terminated,Zeit abgelaufen,0.61,314,950.0,300.5,5,1,20250414-012524
491,kein_Terminated,Zeit abgelaufen,0.49,382,-5595.5,300.5,5,1,20250414-012545
492,kein_Terminated,Zeit abgelaufen,0.51,287,2192.75,300.5,5,9,20250414-012607
493,kein_Terminated,Zeit abgelaufen,0.48,266,559.0,300.5,5,9,20250414-012628
494,kein_Terminated,Zeit abgelaufen,0.52,241,3429.0,300.5,5,3,20250414-012650
495,kein_Terminated,Zeit abgelaufen,0.54,141,4204.75,300.5,5,3,20250414-012712
496,kein_Terminated,Zeit abgelaufen,0.38,223,1125.25,300.5,5,1,20250414-012733
497,kein_Terminated,Zeit abgelaufen,0.16,452,-1551.75,300.5,26,4,20250414-012805
498,kein_Terminated,Zeit abgelaufen,0.13,300,-1335.25,300.5,26,4,20250414-012836
6,kein_Terminated,Zeit abgelaufen,0.08,411,-37.75,300.5,5,9,20250414-012913
499,kein_Terminated,Zeit abgelaufen,0.46,360,1766.75,300.5,26,2,20250414-012929
500,kein_Terminated,Zeit abgelaufen,0.34,506,-30543.5,300.5,26,2,20250414-013001
501,kein_Terminated,Zeit abgelaufen,0.37,213,3624.5,300.5,26,5,20250414-013032
502,kein_Terminated,Zeit abgelaufen,0.17,325,482.5,300.5,26,5,20250414-013104
503,kein_Terminated,Zeit abgelaufen,0.39,330,3707.0,300.5,26,4,20250414-013135
504,kein_Terminated,Zeit abgelaufen,0.12,456,-2386.75,300.5,15,5,20250414-013200
505,kein_Terminated,Zeit abgelaufen,0.11,463,-3256.75,300.5,15,5,20250414-013225
506,kein_Terminated,Zeit abgelaufen,0.16,548,-23516.0,300.5,15,4,20250414-013251
507,kein_Terminated,Zeit abgelaufen,0.36,385,-1083.5,300.5,15,4,20250414-013316
508,kein_Terminated,Zeit abgelaufen,0.21,436,-9488.25,300.5,15,0,20250414-013341
509,kein_Terminated,Zeit abgelaufen,0.17,397,-8629.75,300.5,15,0,20250414-013406
510,kein_Terminated,Zeit abgelaufen,0.12,426,-2798.5,300.5,15,5,20250414-013431
511,kein_Terminated,Zeit abgelaufen,0.37,224,2215.0,300.5,8,2,20250414-013454
512,kein_Terminated,Zeit abgelaufen,0.35,336,-18646.0,300.5,8,2,20250414-013517
513,kein_Terminated,Zeit abgelaufen,0.41,206,4084.75,300.5,8,3,20250414-013540
514,kein_Terminated,Zeit abgelaufen,0.36,375,-959.5,300.5,8,3,20250414-013603
515,kein_Terminated,Zeit abgelaufen,0.38,337,-17959.75,300.5,8,5,20250414-013626
516,kein_Terminated,Zeit abgelaufen,0.43,362,-11706.5,300.5,8,5,20250414-013649
517,kein_Terminated,Zeit abgelaufen,0.22,143,2226.0,300.5,8,1,20250414-013712
518,kein_Terminated,Zeit abgelaufen,0.29,497,-551.5,300.5,26,5,20250414-013744
519,kein_Terminated,Zeit abgelaufen,0.27,424,607.0,300.5,26,5,20250414-013816
520,kein_Terminated,Zeit abgelaufen,0.29,343,149.75,300.5,26,0,20250414-013847
521,kein_Terminated,Zeit abgelaufen,0.16,404,-3055.0,300.5,26,0,20250414-013918
522,kein_Terminated,Zeit abgelaufen,0.33,318,2479.25,300.5,26,8,20250414-013950
523,kein_Terminated,Zeit abgelaufen,0.28,365,-175.75,300.5,26,8,20250414-014022
524,kein_Terminated,Zeit abgelaufen,0.43,229,2784.5,300.5,26,5,20250414-014053
525,kein_Terminated,Zeit abgelaufen,0.44,231,1345.5,300.5,8,4,20250414-014116
526,kein_Terminated,Zeit abgelaufen,0.48,371,838.0,300.5,8,4,20250414-014139
527,kein_Terminated,Zeit abgelaufen,0.41,322,1945.0,300.5,8,1,20250414-014203
528,kein_Terminated,Zeit abgelaufen,0.34,304,-8904.5,300.5,8,1,20250414-014225
529,kein_Terminated,Zeit abgelaufen,0.23,447,-33050.0,300.5,8,8,20250414-014249
530,kein_Terminated,Zeit abgelaufen,0.27,463,-23144.25,300.5,8,8,20250414-014312
531,kein_Terminated,Zeit abgelaufen,0.37,276,-5606.75,300.5,8,8,20250414-014335
532,kein_Terminated,Zeit abgelaufen,0.3,449,-23992.5,300.5,15,4,20250414-014401
533,kein_Terminated,Zeit abgelaufen,0.27,400,-9583.0,300.5,15,4,20250414-014425
534,kein_Terminated,Zeit abgelaufen,0.27,347,-22870.0,300.5,15,9,20250414-014450
535,kein_Terminated,Zeit abgelaufen,0.15,524,-25002.5,300.5,15,9,20250414-014515
536,kein_Terminated,Zeit abgelaufen,0.41,368,-537.0,300.5,15,8,20250414-014540
537,kein_Terminated,Zeit abgelaufen,0.3,299,-1578.0,300.5,15,8,20250414-014605
538,kein_Terminated,Zeit abgelaufen,0.33,350,418.0,300.5,15,1,20250414-014630
539,kein_Terminated,Zeit abgelaufen,0.26,464,-35862.0,300.5,8,3,20250414-014653
540,kein_Terminated,Zeit abgelaufen,0.29,386,-23516.75,300.5,8,3,20250414-014716
541,kein_Terminated,Zeit abgelaufen,0.42,196,4394.25,300.5,8,1,20250414-014739
542,kein_Terminated,Zeit abgelaufen,0.39,310,4220.5,300.5,8,1,20250414-014802
543,kein_Terminated,Zeit abgelaufen,0.48,301,-9140.25,300.5,8,7,20250414-014825
544,kein_Terminated,Zeit abgelaufen,0.23,459,-32240.0,300.5,8,7,20250414-014848
545,kein_Terminated,Zeit abgelaufen,0.2,408,-22138.0,300.5,8,3,20250414-014911
546,kein_Terminated,Zeit abgelaufen,0.39,311,61.0,300.5,0,6,20250414-014934
547,kein_Terminated,Zeit abgelaufen,0.37,386,1936.75,300.5,0,6,20250414-014956
548,kein_Terminated,Zeit abgelaufen,0.22,203,-1176.25,300.5,0,5,20250414-015018
549,kein_Terminated,Zeit abgelaufen,0.22,291,1097.0,300.5,0,5,20250414-015040
550,kein_Terminated,Zeit abgelaufen,0.37,351,-20659.25,300.5,0,1,20250414-015103
551,kein_Terminated,Zeit abgelaufen,0.36,256,2941.0,300.5,0,1,20250414-015125
552,kein_Terminated,Zeit abgelaufen,0.42,116,4611.75,300.5,0,7,20250414-015148
553,kein_Terminated,Zeit abgelaufen,0.06,601,-3074.75,300.5,15,3,20250414-015213
554,kein_Terminated,Zeit abgelaufen,0.49,432,-16333.5,300.5,15,3,20250414-015238
