DEFAULT_REWARD_AND_ACTION_CHANGE_FREQ,DEFAULT_EPISODE_LEN_SEC,DEFAULT_REWARD_FOR_NEW_FIELD,DEFAULT_Punishment_for_Step,DEFAULT_EVAL_FREQ,DEFAULT_EVAL_EPISODES,DEFAULT_TRAIN_TIMESTEPS,DEFAULT_TARGET_REWARD,DEFAULT_NUMBER_LAST_ACTIONS,DEFAULT_PYB_FREQ,DEFAULT_CTRL_FREQ,DEFAULT_Multiplier_Collision_Penalty,DEFAULT_VelocityScale,DEFAULT_explore_Matrix_Size,DEFAULT_collision_penalty_terminated,DEFAULT_Terminated_Wall_Distance,DEFAULT_no_collision_reward,DEFAULT_Punishment_for_Walls,DEFAULT_Influence_of_Walls,DEFAULT_USE_PRETRAINED_MODEL,DEFAULT_PRETRAINED_MODEL_PATH,DEFAULT_List_MazesToUse,DEFAULT_List_Start_PositionsToUse,DEFAULT_MaxRoundsOnOneMaze,DEFAULT_MaxRoundsSameStartingPositions,DEFAULT_USE_SAVED_HYPERPARAMETER_SET,HyperparameterSetIDtoLoad
2,300,4,0,50000,1,650000,99999,100,100,50,2,0.5,5,-10,0.1,0,8,3,False,/home/florian/Documents/gym-pybullet-drones/gym_pybullet_drones/Auswertung_der_Modelle_Beste_Modelle/M2_R6_O4_A2_TR1_T1_20250411-114143/save-04.11.2025_11.41.43/final_model.zip,"(22, 23, 24, 25)","(0, 1, 2, 3, 4, 5, 6, 7, 8, 9)",6,2,True,SET_20250423-182500

Runde,Terminated,Truncated,Map-Abgedeckt,"Wand ber√ºhrungen(Raycast<=0,1)",Summe Reward,Flugzeit der Runde,Maze_number,Start-Position,Uhrzeit Welt
1,kein_Terminated,Zeit abgelaufen,0.06,152,-804,300.5,22,9,20250423-182834
2,kein_Terminated,Zeit abgelaufen,0.12,211,-738,300.5,22,0,20250423-182850
3,kein_Terminated,Zeit abgelaufen,0.22,120,1548,300.5,22,0,20250423-182905
4,kein_Terminated,Zeit abgelaufen,0.25,70,2352,300.5,22,0,20250423-182923
5,kein_Terminated,Zeit abgelaufen,0.28,71,2822,300.5,22,0,20250423-182939
6,kein_Terminated,Zeit abgelaufen,0.21,84,1756,300.5,22,4,20250423-182954
7,kein_Terminated,Zeit abgelaufen,0.09,204,-1036,300.5,23,6,20250423-183010
8,kein_Terminated,Zeit abgelaufen,0.12,190,-492,300.5,23,6,20250423-183025
9,kein_Terminated,Zeit abgelaufen,0.05,290,-2324,300.5,23,9,20250423-183040
10,kein_Terminated,Zeit abgelaufen,0.05,280,-2212,300.5,23,9,20250423-183055
11,kein_Terminated,Zeit abgelaufen,0.16,85,1090,300.5,23,3,20250423-183111
12,kein_Terminated,Zeit abgelaufen,0.13,129,314,300.5,23,3,20250423-183125
13,kein_Terminated,Zeit abgelaufen,0.24,96,1948,300.5,23,2,20250423-183141
14,kein_Terminated,Zeit abgelaufen,0.1,38,788,300.5,22,9,20250423-183157
15,kein_Terminated,Zeit abgelaufen,0.1,147,-258,300.5,22,9,20250423-183212
16,kein_Terminated,Zeit abgelaufen,0.2,82,1668,300.5,22,8,20250423-183228
17,kein_Terminated,Zeit abgelaufen,0.13,127,278,300.5,22,8,20250423-183244
18,kein_Terminated,Zeit abgelaufen,0.15,177,46,300.5,22,4,20250423-183259
19,kein_Terminated,Zeit abgelaufen,0.16,123,754,300.5,22,4,20250423-183316
20,kein_Terminated,Zeit abgelaufen,0.17,150,532,300.5,22,4,20250423-183332
21,kein_Terminated,Zeit abgelaufen,0.15,69,1158,300.5,23,0,20250423-183348
22,kein_Terminated,Zeit abgelaufen,0.24,106,1844,300.5,23,0,20250423-183403
23,kein_Terminated,Zeit abgelaufen,0.15,61,1166,300.5,23,0,20250423-183420
24,kein_Terminated,Zeit abgelaufen,0.19,121,1078,300.5,23,0,20250423-183436
25,kein_Terminated,Zeit abgelaufen,0.08,137,-502,300.5,23,5,20250423-183451
26,kein_Terminated,Zeit abgelaufen,0.09,165,-622,300.5,23,5,20250423-183506
27,kein_Terminated,Zeit abgelaufen,0.07,253,-1746,300.5,23,5,20250423-183522
28,kein_Terminated,Zeit abgelaufen,0.08,168,-808,300.5,23,9,20250423-183537
29,kein_Terminated,Zeit abgelaufen,0.25,56,2508,300.5,23,9,20250423-183553
30,kein_Terminated,Zeit abgelaufen,0.18,22,1952,300.5,23,2,20250423-183608
31,kein_Terminated,Zeit abgelaufen,0.18,118,1032,300.5,23,2,20250423-183623
32,kein_Terminated,Zeit abgelaufen,0.17,165,426,300.5,23,4,20250423-183639
33,kein_Terminated,Zeit abgelaufen,0.21,177,734,300.5,23,4,20250423-183654
34,kein_Terminated,Zeit abgelaufen,0.13,136,160,300.5,23,7,20250423-183709
35,kein_Terminated,Zeit abgelaufen,0.2,68,1824,300.5,22,2,20250423-183725
36,kein_Terminated,Zeit abgelaufen,0.2,128,1160,300.5,22,2,20250423-183741
37,kein_Terminated,Zeit abgelaufen,0.17,138,748,300.5,22,2,20250423-183757
38,kein_Terminated,Zeit abgelaufen,0.27,49,2938,300.5,22,2,20250423-183813
39,kein_Terminated,Zeit abgelaufen,0.22,40,2260,300.5,22,4,20250423-183829
40,kein_Terminated,Zeit abgelaufen,0.2,135,1106,300.5,22,4,20250423-183845
41,kein_Terminated,Zeit abgelaufen,0.17,63,1486,300.5,22,7,20250423-183901
42,kein_Terminated,Zeit abgelaufen,0.07,161,-810,300.5,22,9,20250423-183916
43,kein_Terminated,Zeit abgelaufen,0.06,189,-1242,300.5,22,9,20250423-183930
44,kein_Terminated,Zeit abgelaufen,0.07,193,-1118,300.5,22,9,20250423-183945
45,kein_Terminated,Zeit abgelaufen,0.11,96,380,300.5,22,9,20250423-184001
46,kein_Terminated,Zeit abgelaufen,0.12,47,1026,300.5,22,7,20250423-184016
47,kein_Terminated,Zeit abgelaufen,0.11,89,470,300.5,22,7,20250423-184032
48,kein_Terminated,Zeit abgelaufen,0.2,47,1990,300.5,22,1,20250423-184048
49,kein_Terminated,Zeit abgelaufen,0.18,92,1232,300.5,24,7,20250423-184103
50,kein_Terminated,Zeit abgelaufen,0.18,116,976,300.5,24,7,20250423-184118
51,kein_Terminated,Zeit abgelaufen,0.14,158,72,300.5,24,4,20250423-184133
52,kein_Terminated,Zeit abgelaufen,0.13,150,0,300.5,24,4,20250423-184149
53,kein_Terminated,Zeit abgelaufen,0.16,50,1364,300.5,24,5,20250423-184204
54,kein_Terminated,Zeit abgelaufen,0.13,109,482,300.5,24,5,20250423-184219
55,kein_Terminated,Zeit abgelaufen,0.12,103,418,300.5,24,5,20250423-184235
56,kein_Terminated,Zeit abgelaufen,0.29,70,2920,300.5,23,9,20250423-184251
57,kein_Terminated,Zeit abgelaufen,0.2,32,2164,300.5,23,9,20250423-184306
58,kein_Terminated,Zeit abgelaufen,0.19,76,1584,300.5,23,9,20250423-184322
59,kein_Terminated,Zeit abgelaufen,0.23,129,1582,300.5,23,9,20250423-184338
60,kein_Terminated,Zeit abgelaufen,0.15,178,-20,300.5,23,4,20250423-184354
61,kein_Terminated,Zeit abgelaufen,0.17,69,1410,300.5,23,4,20250423-184410
62,kein_Terminated,Zeit abgelaufen,0.21,118,1440,300.5,23,8,20250423-184426
63,kein_Terminated,Zeit abgelaufen,0.13,92,612,300.5,24,6,20250423-184441
64,kein_Terminated,Zeit abgelaufen,0.07,190,-1124,300.5,24,6,20250423-184456
65,kein_Terminated,Zeit abgelaufen,0.19,101,1326,300.5,24,3,20250423-184512
66,kein_Terminated,Zeit abgelaufen,0.14,84,824,300.5,24,3,20250423-184527
67,kein_Terminated,Zeit abgelaufen,0.17,81,1254,300.5,24,9,20250423-184543
68,kein_Terminated,Zeit abgelaufen,0.21,61,1978,300.5,24,9,20250423-184558
69,kein_Terminated,Zeit abgelaufen,0.13,3,1550,300.5,24,4,20250423-184614
70,kein_Terminated,Zeit abgelaufen,0.14,45,1162,300.5,24,4,20250423-184629
71,kein_Terminated,Zeit abgelaufen,0.13,73,814,300.5,24,4,20250423-184644
72,kein_Terminated,Zeit abgelaufen,0.21,5,2494,300.5,24,0,20250423-184701
73,kein_Terminated,Zeit abgelaufen,0.19,3,2274,300.5,24,0,20250423-184716
74,kein_Terminated,Zeit abgelaufen,0.2,40,1992,300.5,24,2,20250423-184731
75,kein_Terminated,Zeit abgelaufen,0.14,83,846,300.5,24,2,20250423-184747
76,kein_Terminated,Zeit abgelaufen,0.19,38,1908,300.5,24,5,20250423-184803
77,kein_Terminated,Zeit abgelaufen,0.19,44,1880,300.5,22,1,20250423-184818
78,kein_Terminated,Zeit abgelaufen,0.18,14,2056,300.5,22,1,20250423-184833
79,kein_Terminated,Zeit abgelaufen,0.25,19,2882,300.5,22,4,20250423-184849
80,kein_Terminated,Zeit abgelaufen,0.14,23,1406,300.5,22,4,20250423-184904
81,kein_Terminated,Zeit abgelaufen,0.16,15,1750,300.5,22,6,20250423-184920
82,kein_Terminated,Zeit abgelaufen,0.18,35,1870,300.5,22,6,20250423-184937
83,kein_Terminated,Zeit abgelaufen,0.2,4,2440,300.5,22,0,20250423-184952
1,kein_Terminated,Zeit abgelaufen,0.19,288,-576,300.5,22,3,20250423-185010
84,kein_Terminated,Zeit abgelaufen,0.17,26,1672,300.5,25,5,20250423-185024
85,kein_Terminated,Zeit abgelaufen,0.19,37,1834,300.5,25,5,20250423-185041
86,kein_Terminated,Zeit abgelaufen,0.15,105,634,300.5,25,8,20250423-185059
87,kein_Terminated,Zeit abgelaufen,0.17,61,1306,300.5,25,8,20250423-185116
88,kein_Terminated,Zeit abgelaufen,0.11,93,366,300.5,25,8,20250423-185134
89,kein_Terminated,Zeit abgelaufen,0.14,131,314,300.5,25,8,20250423-185151
90,kein_Terminated,Zeit abgelaufen,0.13,75,742,300.5,25,6,20250423-185208
91,kein_Terminated,Zeit abgelaufen,0.13,120,368,300.5,24,3,20250423-185224
92,kein_Terminated,Zeit abgelaufen,0.14,169,26,300.5,24,3,20250423-185239
93,kein_Terminated,Zeit abgelaufen,0.18,66,1504,300.5,24,1,20250423-185255
94,kein_Terminated,Zeit abgelaufen,0.22,43,2226,300.5,24,1,20250423-185311
95,kein_Terminated,Zeit abgelaufen,0.26,52,2696,300.5,24,8,20250423-185327
96,kein_Terminated,Zeit abgelaufen,0.26,80,2372,300.5,24,8,20250423-185343
97,kein_Terminated,Zeit abgelaufen,0.13,91,598,300.5,24,7,20250423-185358
98,kein_Terminated,Zeit abgelaufen,0.16,91,970,300.5,24,1,20250423-185414
99,kein_Terminated,Zeit abgelaufen,0.29,43,3134,300.5,24,1,20250423-185430
100,kein_Terminated,Zeit abgelaufen,0.18,108,1084,300.5,24,2,20250423-185445
101,kein_Terminated,Zeit abgelaufen,0.2,84,1584,300.5,24,2,20250423-185500
102,kein_Terminated,Zeit abgelaufen,0.17,67,1330,300.5,24,8,20250423-185516
103,kein_Terminated,Zeit abgelaufen,0.31,95,2822,300.5,24,8,20250423-185532
104,kein_Terminated,Zeit abgelaufen,0.12,103,418,300.5,24,5,20250423-185547
105,kein_Terminated,Zeit abgelaufen,0.16,78,1184,300.5,24,5,20250423-185602
106,kein_Terminated,Zeit abgelaufen,0.14,22,1484,300.5,24,5,20250423-185618
107,kein_Terminated,Zeit abgelaufen,0.15,123,566,300.5,24,3,20250423-185633
108,kein_Terminated,Zeit abgelaufen,0.14,86,840,300.5,24,3,20250423-185648
109,kein_Terminated,Zeit abgelaufen,0.14,71,910,300.5,24,3,20250423-185704
110,kein_Terminated,Zeit abgelaufen,0.14,48,1184,300.5,24,3,20250423-185719
111,kein_Terminated,Zeit abgelaufen,0.15,135,430,300.5,24,5,20250423-185734
112,kein_Terminated,Zeit abgelaufen,0.24,127,1698,300.5,23,9,20250423-185750
113,kein_Terminated,Zeit abgelaufen,0.3,53,3188,300.5,23,9,20250423-185806
114,kein_Terminated,Zeit abgelaufen,0.17,32,1728,300.5,23,3,20250423-185821
115,kein_Terminated,Zeit abgelaufen,0.21,110,1416,300.5,23,3,20250423-185836
116,kein_Terminated,Zeit abgelaufen,0.13,53,1078,300.5,23,3,20250423-185851
117,kein_Terminated,Zeit abgelaufen,0.19,37,1882,300.5,23,3,20250423-185906
118,kein_Terminated,Zeit abgelaufen,0.19,50,1840,300.5,23,3,20250423-185921
119,kein_Terminated,Zeit abgelaufen,0.17,45,1562,300.5,22,0,20250423-185936
120,kein_Terminated,Zeit abgelaufen,0.18,49,1742,300.5,22,0,20250423-185952
121,kein_Terminated,Zeit abgelaufen,0.24,29,2662,300.5,22,8,20250423-190008
122,kein_Terminated,Zeit abgelaufen,0.28,86,2588,300.5,22,8,20250423-190023
123,kein_Terminated,Zeit abgelaufen,0.36,57,3902,300.5,22,5,20250423-190039
124,kein_Terminated,Zeit abgelaufen,0.26,109,2090,300.5,22,5,20250423-190055
125,kein_Terminated,Zeit abgelaufen,0.21,64,2004,300.5,22,7,20250423-190110
126,kein_Terminated,Zeit abgelaufen,0.32,70,3304,300.5,23,7,20250423-190126
127,kein_Terminated,Zeit abgelaufen,0.24,70,2244,300.5,23,7,20250423-190141
128,kein_Terminated,Zeit abgelaufen,0.21,110,1512,300.5,23,0,20250423-190156
129,kein_Terminated,Zeit abgelaufen,0.16,81,1178,300.5,23,0,20250423-190212
130,kein_Terminated,Zeit abgelaufen,0.35,199,2370,300.5,23,8,20250423-190228
131,kein_Terminated,Zeit abgelaufen,0.34,172,2524,300.5,23,8,20250423-190244
132,kein_Terminated,Zeit abgelaufen,0.15,94,924,300.5,23,6,20250423-190259
133,kein_Terminated,Zeit abgelaufen,0.19,57,1730,300.5,22,2,20250423-190315
134,kein_Terminated,Zeit abgelaufen,0.37,29,4350,300.5,22,2,20250423-190330
135,kein_Terminated,Zeit abgelaufen,0.42,98,4232,300.5,22,0,20250423-190345
136,kein_Terminated,Zeit abgelaufen,0.3,114,2608,300.5,22,0,20250423-190400
137,kein_Terminated,Zeit abgelaufen,0.41,97,4194,300.5,22,3,20250423-190416
138,kein_Terminated,Zeit abgelaufen,0.24,7,2906,300.5,22,3,20250423-190431
139,kein_Terminated,Zeit abgelaufen,0.37,33,4282,300.5,22,4,20250423-190447
140,kein_Terminated,Zeit abgelaufen,0.32,68,3320,300.5,23,8,20250423-190503
141,kein_Terminated,Zeit abgelaufen,0.32,88,3112,300.5,23,8,20250423-190518
142,kein_Terminated,Zeit abgelaufen,0.4,70,4220,300.5,23,4,20250423-190533
143,kein_Terminated,Zeit abgelaufen,0.34,66,3548,300.5,23,4,20250423-190549
144,kein_Terminated,Zeit abgelaufen,0.44,44,5060,300.5,23,5,20250423-190604
145,kein_Terminated,Zeit abgelaufen,0.59,70,6676,300.5,23,5,20250423-190620
146,kein_Terminated,Zeit abgelaufen,0.34,53,3650,300.5,23,4,20250423-190635
147,kein_Terminated,Zeit abgelaufen,0.34,180,2464,300.5,24,0,20250423-190651
148,kein_Terminated,Zeit abgelaufen,0.37,204,2476,300.5,24,0,20250423-190706
149,kein_Terminated,Zeit abgelaufen,0.46,91,4842,300.5,24,7,20250423-190722
150,kein_Terminated,Zeit abgelaufen,0.5,116,5096,300.5,24,7,20250423-190738
151,kein_Terminated,Zeit abgelaufen,0.36,147,2938,300.5,24,1,20250423-190753
152,kein_Terminated,Zeit abgelaufen,0.31,192,1868,300.5,24,1,20250423-190808
153,kein_Terminated,Zeit abgelaufen,0.28,70,2764,300.5,24,1,20250423-190823
154,kein_Terminated,Zeit abgelaufen,0.24,55,2378,300.5,22,6,20250423-190839
155,kein_Terminated,Zeit abgelaufen,0.28,142,2084,300.5,22,6,20250423-190854
156,kein_Terminated,Zeit abgelaufen,0.47,102,4820,300.5,22,9,20250423-190909
157,kein_Terminated,Zeit abgelaufen,0.4,125,3726,300.5,22,9,20250423-190925
158,kein_Terminated,Zeit abgelaufen,0.42,43,4906,300.5,22,6,20250423-190941
159,kein_Terminated,Zeit abgelaufen,0.35,75,3562,300.5,22,6,20250423-190956
160,kein_Terminated,Zeit abgelaufen,0.39,155,3302,300.5,22,4,20250423-191012
161,kein_Terminated,Zeit abgelaufen,0.36,135,3198,300.5,22,7,20250423-191027
162,kein_Terminated,Zeit abgelaufen,0.3,128,2396,300.5,22,7,20250423-191042
163,kein_Terminated,Zeit abgelaufen,0.48,100,5040,300.5,22,3,20250423-191058
164,kein_Terminated,Zeit abgelaufen,0.36,144,3120,300.5,22,3,20250423-191114
165,kein_Terminated,Zeit abgelaufen,0.56,46,6544,300.5,22,2,20250423-191129
166,kein_Terminated,Zeit abgelaufen,0.51,93,5550,300.5,22,2,20250423-191144
2,kein_Terminated,Zeit abgelaufen,0.46,180,3944,300.5,22,3,20250423-191204
167,kein_Terminated,Zeit abgelaufen,0.45,107,4522,300.5,22,3,20250423-191216
168,kein_Terminated,Zeit abgelaufen,0.22,200,656,300.5,24,3,20250423-191231
169,kein_Terminated,Zeit abgelaufen,0.26,193,1286,300.5,24,3,20250423-191246
170,kein_Terminated,Zeit abgelaufen,0.19,279,-518,300.5,24,6,20250423-191302
171,kein_Terminated,Zeit abgelaufen,0.52,157,4954,300.5,24,6,20250423-191318
172,kein_Terminated,Zeit abgelaufen,0.29,186,1660,300.5,24,3,20250423-191333
173,kein_Terminated,Zeit abgelaufen,0.23,200,820,300.5,24,3,20250423-191348
174,kein_Terminated,Zeit abgelaufen,0.25,186,1148,300.5,24,2,20250423-191404
175,kein_Terminated,Zeit abgelaufen,0.37,98,3436,300.5,25,2,20250423-191422
176,kein_Terminated,Zeit abgelaufen,0.32,166,2100,300.5,25,2,20250423-191439
177,kein_Terminated,Zeit abgelaufen,0.38,182,2684,300.5,25,3,20250423-191456
178,kein_Terminated,Zeit abgelaufen,0.27,143,1782,300.5,25,3,20250423-191514
179,kein_Terminated,Zeit abgelaufen,0.11,382,-2576,300.5,25,5,20250423-191531
180,kein_Terminated,Zeit abgelaufen,0.2,332,-1036,300.5,25,5,20250423-191548
181,kein_Terminated,Zeit abgelaufen,0.17,269,-774,300.5,25,7,20250423-191605
182,kein_Terminated,Zeit abgelaufen,0.29,162,1948,300.5,24,0,20250423-191621
183,kein_Terminated,Zeit abgelaufen,0.37,111,3450,300.5,24,0,20250423-191636
184,kein_Terminated,Zeit abgelaufen,0.19,177,530,300.5,24,2,20250423-191651
185,kein_Terminated,Zeit abgelaufen,0.21,187,662,300.5,24,2,20250423-191706
186,kein_Terminated,Zeit abgelaufen,0.44,74,4728,300.5,24,1,20250423-191722
187,kein_Terminated,Zeit abgelaufen,0.37,98,3612,300.5,24,1,20250423-191737
188,kein_Terminated,Zeit abgelaufen,0.37,177,2822,300.5,24,9,20250423-191753
189,kein_Terminated,Zeit abgelaufen,0.38,120,3504,300.5,22,7,20250423-191808
190,kein_Terminated,Zeit abgelaufen,0.39,129,3622,300.5,22,7,20250423-191823
191,kein_Terminated,Zeit abgelaufen,0.33,118,2896,300.5,22,6,20250423-191839
192,kein_Terminated,Zeit abgelaufen,0.36,141,3098,300.5,22,6,20250423-191855
193,kein_Terminated,Zeit abgelaufen,0.38,138,3336,300.5,22,7,20250423-191910
194,kein_Terminated,Zeit abgelaufen,0.38,88,3840,300.5,22,7,20250423-191926
195,kein_Terminated,Zeit abgelaufen,0.43,123,4154,300.5,22,1,20250423-191941
196,kein_Terminated,Zeit abgelaufen,0.18,254,-496,300.5,25,5,20250423-191958
197,kein_Terminated,Zeit abgelaufen,0.21,340,-992,300.5,25,5,20250423-192015
198,kein_Terminated,Zeit abgelaufen,0.2,210,288,300.5,25,0,20250423-192033
199,kein_Terminated,Zeit abgelaufen,0.23,210,652,300.5,25,0,20250423-192050
200,kein_Terminated,Zeit abgelaufen,0.11,204,-804,300.5,25,6,20250423-192107
201,kein_Terminated,Zeit abgelaufen,0.2,233,66,300.5,25,6,20250423-192125
202,kein_Terminated,Zeit abgelaufen,0.22,202,600,300.5,25,0,20250423-192142
203,kein_Terminated,Zeit abgelaufen,0.18,139,758,300.5,24,4,20250423-192157
204,kein_Terminated,Zeit abgelaufen,0.25,139,1674,300.5,24,4,20250423-192212
205,kein_Terminated,Zeit abgelaufen,0.41,96,4156,300.5,24,7,20250423-192228
206,kein_Terminated,Zeit abgelaufen,0.19,355,-1274,300.5,24,7,20250423-192243
207,kein_Terminated,Zeit abgelaufen,0.37,165,2938,300.5,24,8,20250423-192259
208,kein_Terminated,Zeit abgelaufen,0.4,77,4226,300.5,24,8,20250423-192315
209,kein_Terminated,Zeit abgelaufen,0.23,92,1848,300.5,24,4,20250423-192330
210,kein_Terminated,Zeit abgelaufen,0.38,137,3370,300.5,24,8,20250423-192345
211,kein_Terminated,Zeit abgelaufen,0.37,153,3070,300.5,24,8,20250423-192401
212,kein_Terminated,Zeit abgelaufen,0.32,212,1864,300.5,24,5,20250423-192416
213,kein_Terminated,Zeit abgelaufen,0.29,287,714,300.5,24,5,20250423-192431
214,kein_Terminated,Zeit abgelaufen,0.29,306,580,300.5,24,6,20250423-192446
215,kein_Terminated,Zeit abgelaufen,0.24,256,392,300.5,24,6,20250423-192502
216,kein_Terminated,Zeit abgelaufen,0.39,124,3580,300.5,24,0,20250423-192517
217,kein_Terminated,Zeit abgelaufen,0.44,111,4402,300.5,23,8,20250423-192532
218,kein_Terminated,Zeit abgelaufen,0.51,152,4804,300.5,23,8,20250423-192548
219,kein_Terminated,Zeit abgelaufen,0.48,49,5490,300.5,23,6,20250423-192603
220,kein_Terminated,Zeit abgelaufen,0.19,62,1736,300.5,23,6,20250423-192618
221,kein_Terminated,Zeit abgelaufen,0.37,163,2986,300.5,23,9,20250423-192633
222,kein_Terminated,Zeit abgelaufen,0.34,112,3028,300.5,23,9,20250423-192649
223,kein_Terminated,Zeit abgelaufen,0.21,116,1364,300.5,23,3,20250423-192704
224,kein_Terminated,Zeit abgelaufen,0.32,104,2928,300.5,22,5,20250423-192719
225,kein_Terminated,Zeit abgelaufen,0.23,42,2480,300.5,22,5,20250423-192735
226,kein_Terminated,Zeit abgelaufen,0.45,72,4888,300.5,22,0,20250423-192750
227,kein_Terminated,Zeit abgelaufen,0.3,29,3494,300.5,22,0,20250423-192806
228,kein_Terminated,Zeit abgelaufen,0.53,90,5788,300.5,22,1,20250423-192822
229,kein_Terminated,Zeit abgelaufen,0.52,54,5960,300.5,22,1,20250423-192837
230,kein_Terminated,Zeit abgelaufen,0.39,38,4488,300.5,22,9,20250423-192852
231,kein_Terminated,Zeit abgelaufen,0.3,65,3062,300.5,22,7,20250423-192907
232,kein_Terminated,Zeit abgelaufen,0.52,87,5722,300.5,22,7,20250423-192923
233,kein_Terminated,Zeit abgelaufen,0.41,83,4258,300.5,22,8,20250423-192939
234,kein_Terminated,Zeit abgelaufen,0.4,93,4034,300.5,22,8,20250423-192954
235,kein_Terminated,Zeit abgelaufen,0.34,110,3084,300.5,22,7,20250423-193010
236,kein_Terminated,Zeit abgelaufen,0.47,131,4634,300.5,22,7,20250423-193026
237,kein_Terminated,Zeit abgelaufen,0.42,164,3640,300.5,22,9,20250423-193041
238,kein_Terminated,Zeit abgelaufen,0.35,124,3124,300.5,23,0,20250423-193056
239,kein_Terminated,Zeit abgelaufen,0.44,203,3422,300.5,23,0,20250423-193112
240,kein_Terminated,Zeit abgelaufen,0.37,104,3604,300.5,23,7,20250423-193127
241,kein_Terminated,Zeit abgelaufen,0.44,83,4662,300.5,23,7,20250423-193143
242,kein_Terminated,Zeit abgelaufen,0.18,205,178,300.5,23,3,20250423-193158
243,kein_Terminated,Zeit abgelaufen,0.23,152,1344,300.5,23,3,20250423-193213
244,kein_Terminated,Zeit abgelaufen,0.34,110,3092,300.5,23,1,20250423-193228
245,kein_Terminated,Zeit abgelaufen,0.24,256,236,300.5,25,0,20250423-193245
246,kein_Terminated,Zeit abgelaufen,0.37,175,2694,300.5,25,0,20250423-193303
247,kein_Terminated,Zeit abgelaufen,0.44,212,3140,300.5,25,2,20250423-193320
248,kein_Terminated,Zeit abgelaufen,0.55,158,4964,300.5,25,2,20250423-193337
249,kein_Terminated,Zeit abgelaufen,0.24,339,-578,300.5,25,5,20250423-193354
3,kein_Terminated,Zeit abgelaufen,0.34,299,1238,300.5,22,0,20250423-193416
250,kein_Terminated,Zeit abgelaufen,0.28,196,1304,300.5,25,5,20250423-193427
251,kein_Terminated,Zeit abgelaufen,0.25,188,1112,300.5,25,0,20250423-193444
252,kein_Terminated,Zeit abgelaufen,0.47,136,4560,300.5,23,1,20250423-193500
253,kein_Terminated,Zeit abgelaufen,0.5,117,5122,300.5,23,1,20250423-193515
254,kein_Terminated,Zeit abgelaufen,0.5,82,5468,300.5,23,6,20250423-193531
255,kein_Terminated,Zeit abgelaufen,0.47,244,3392,300.5,23,6,20250423-193546
256,kein_Terminated,Zeit abgelaufen,0.38,130,3376,300.5,23,1,20250423-193602
257,kein_Terminated,Zeit abgelaufen,0.33,110,2956,300.5,23,1,20250423-193617
258,kein_Terminated,Zeit abgelaufen,0.37,94,3712,300.5,23,1,20250423-193632
259,kein_Terminated,Zeit abgelaufen,0.38,75,3974,300.5,24,0,20250423-193648
260,kein_Terminated,Zeit abgelaufen,0.4,90,4028,300.5,24,0,20250423-193703
261,kein_Terminated,Zeit abgelaufen,0.37,221,2338,300.5,24,6,20250423-193719
262,kein_Terminated,Zeit abgelaufen,0.2,271,-302,300.5,24,6,20250423-193734
263,kein_Terminated,Zeit abgelaufen,0.22,116,1480,300.5,24,2,20250423-193749
264,kein_Terminated,Zeit abgelaufen,0.23,132,1540,300.5,24,2,20250423-193804
265,kein_Terminated,Zeit abgelaufen,0.31,72,3120,300.5,24,2,20250423-193820
266,kein_Terminated,Zeit abgelaufen,0.34,124,2968,300.5,22,6,20250423-193836
267,kein_Terminated,Zeit abgelaufen,0.36,119,3322,300.5,22,6,20250423-193851
268,kein_Terminated,Zeit abgelaufen,0.38,76,4044,300.5,22,9,20250423-193907
269,kein_Terminated,Zeit abgelaufen,0.37,181,2818,300.5,22,9,20250423-193923
270,kein_Terminated,Zeit abgelaufen,0.31,103,2842,300.5,22,2,20250423-193938
271,kein_Terminated,Zeit abgelaufen,0.48,72,5368,300.5,22,2,20250423-193953
272,kein_Terminated,Zeit abgelaufen,0.51,122,5192,300.5,22,3,20250423-194009
273,kein_Terminated,Zeit abgelaufen,0.39,182,3104,300.5,22,7,20250423-194025
274,kein_Terminated,Zeit abgelaufen,0.36,87,3658,300.5,22,7,20250423-194040
275,kein_Terminated,Zeit abgelaufen,0.41,133,3818,300.5,22,6,20250423-194056
276,kein_Terminated,Zeit abgelaufen,0.42,127,4058,300.5,22,6,20250423-194112
277,kein_Terminated,Zeit abgelaufen,0.47,92,4964,300.5,22,0,20250423-194127
278,kein_Terminated,Zeit abgelaufen,0.48,186,4160,300.5,22,0,20250423-194143
279,kein_Terminated,Zeit abgelaufen,0.51,172,4708,300.5,22,7,20250423-194158
280,kein_Terminated,Zeit abgelaufen,0.25,111,1938,300.5,23,3,20250423-194213
281,kein_Terminated,Zeit abgelaufen,0.23,114,1672,300.5,23,3,20250423-194228
282,kein_Terminated,Zeit abgelaufen,0.31,137,2498,300.5,23,9,20250423-194243
283,kein_Terminated,Zeit abgelaufen,0.47,171,4166,300.5,23,9,20250423-194259
284,kein_Terminated,Zeit abgelaufen,0.44,100,4460,300.5,23,7,20250423-194314
285,kein_Terminated,Zeit abgelaufen,0.33,100,3108,300.5,23,7,20250423-194329
286,kein_Terminated,Zeit abgelaufen,0.3,145,2214,300.5,23,3,20250423-194344
287,kein_Terminated,Zeit abgelaufen,0.48,95,5026,300.5,22,1,20250423-194400
288,kein_Terminated,Zeit abgelaufen,0.47,88,5028,300.5,22,1,20250423-194415
289,kein_Terminated,Zeit abgelaufen,0.4,72,4324,300.5,22,3,20250423-194430
290,kein_Terminated,Zeit abgelaufen,0.3,83,2874,300.5,22,3,20250423-194446
291,kein_Terminated,Zeit abgelaufen,0.4,110,3868,300.5,22,8,20250423-194502
292,kein_Terminated,Zeit abgelaufen,0.38,127,3546,300.5,22,8,20250423-194517
293,kein_Terminated,Zeit abgelaufen,0.35,134,3096,300.5,22,6,20250423-194533
294,kein_Terminated,Zeit abgelaufen,0.47,109,4790,300.5,22,1,20250423-194549
295,kein_Terminated,Zeit abgelaufen,0.31,91,2938,300.5,22,1,20250423-194604
296,kein_Terminated,Zeit abgelaufen,0.39,57,4262,300.5,22,2,20250423-194619
297,kein_Terminated,Zeit abgelaufen,0.54,52,6300,300.5,22,2,20250423-194635
298,kein_Terminated,Zeit abgelaufen,0.31,108,2760,300.5,22,6,20250423-194650
299,kein_Terminated,Zeit abgelaufen,0.37,102,3628,300.5,22,6,20250423-194705
300,kein_Terminated,Zeit abgelaufen,0.52,75,5806,300.5,22,2,20250423-194721
301,kein_Terminated,Zeit abgelaufen,0.25,106,2010,300.5,23,2,20250423-194736
302,kein_Terminated,Zeit abgelaufen,0.26,70,2512,300.5,23,2,20250423-194751
303,kein_Terminated,Zeit abgelaufen,0.38,198,2772,300.5,23,8,20250423-194807
304,kein_Terminated,Zeit abgelaufen,0.42,171,3542,300.5,23,8,20250423-194822
305,kein_Terminated,Zeit abgelaufen,0.19,210,148,300.5,23,6,20250423-194837
306,kein_Terminated,Zeit abgelaufen,0.17,330,-1304,300.5,23,6,20250423-194852
307,kein_Terminated,Zeit abgelaufen,0.4,89,4074,300.5,23,4,20250423-194907
308,kein_Terminated,Zeit abgelaufen,0.3,119,2474,300.5,24,2,20250423-194923
309,kein_Terminated,Zeit abgelaufen,0.25,100,2116,300.5,24,2,20250423-194938
310,kein_Terminated,Zeit abgelaufen,0.32,59,3294,300.5,24,1,20250423-194953
311,kein_Terminated,Zeit abgelaufen,0.38,71,4018,300.5,24,1,20250423-195009
312,kein_Terminated,Zeit abgelaufen,0.41,139,3690,300.5,24,2,20250423-195024
313,kein_Terminated,Zeit abgelaufen,0.26,153,1682,300.5,24,2,20250423-195040
314,kein_Terminated,Zeit abgelaufen,0.26,107,2110,300.5,24,4,20250423-195055
315,kein_Terminated,Zeit abgelaufen,0.31,226,1376,300.5,25,7,20250423-195112
316,kein_Terminated,Zeit abgelaufen,0.26,210,980,300.5,25,7,20250423-195130
317,kein_Terminated,Zeit abgelaufen,0.26,295,74,300.5,25,4,20250423-195147
318,kein_Terminated,Zeit abgelaufen,0.27,230,880,300.5,25,4,20250423-195204
319,kein_Terminated,Zeit abgelaufen,0.22,185,750,300.5,25,9,20250423-195222
320,kein_Terminated,Zeit abgelaufen,0.21,175,742,300.5,25,9,20250423-195240
321,kein_Terminated,Zeit abgelaufen,0.23,401,-1330,300.5,25,5,20250423-195257
322,kein_Terminated,Zeit abgelaufen,0.38,120,3580,300.5,22,3,20250423-195312
323,kein_Terminated,Zeit abgelaufen,0.37,112,3488,300.5,22,3,20250423-195327
324,kein_Terminated,Zeit abgelaufen,0.37,126,3308,300.5,22,3,20250423-195343
325,kein_Terminated,Zeit abgelaufen,0.37,103,3590,300.5,22,3,20250423-195359
326,kein_Terminated,Zeit abgelaufen,0.36,150,2980,300.5,22,6,20250423-195414
327,kein_Terminated,Zeit abgelaufen,0.27,160,1732,300.5,22,6,20250423-195430
328,kein_Terminated,Zeit abgelaufen,0.4,128,3772,300.5,22,8,20250423-195446
329,kein_Terminated,Zeit abgelaufen,0.37,177,2834,300.5,24,9,20250423-195501
330,kein_Terminated,Zeit abgelaufen,0.34,157,2690,300.5,24,9,20250423-195517
331,kein_Terminated,Zeit abgelaufen,0.32,113,2778,300.5,24,0,20250423-195532
332,kein_Terminated,Zeit abgelaufen,0.37,79,3838,300.5,24,0,20250423-195547
4,kein_Terminated,Zeit abgelaufen,0.31,143,2274,300.5,25,9,20250423-195610
333,kein_Terminated,Zeit abgelaufen,0.38,124,3472,300.5,24,8,20250423-195619
334,kein_Terminated,Zeit abgelaufen,0.35,127,3066,300.5,24,8,20250423-195635
335,kein_Terminated,Zeit abgelaufen,0.2,286,-408,300.5,24,7,20250423-195650
336,kein_Terminated,Zeit abgelaufen,0.28,261,782,300.5,25,6,20250423-195708
337,kein_Terminated,Zeit abgelaufen,0.32,206,1768,300.5,25,6,20250423-195725
338,kein_Terminated,Zeit abgelaufen,0.27,166,1468,300.5,25,8,20250423-195743
339,kein_Terminated,Zeit abgelaufen,0.23,172,1020,300.5,25,8,20250423-195801
340,kein_Terminated,Zeit abgelaufen,0.32,246,1280,300.5,25,7,20250423-195818
341,kein_Terminated,Zeit abgelaufen,0.22,219,362,300.5,25,7,20250423-195836
342,kein_Terminated,Zeit abgelaufen,0.58,149,5434,300.5,25,3,20250423-195853
343,kein_Terminated,Zeit abgelaufen,0.2,268,-304,300.5,23,6,20250423-195908
344,kein_Terminated,Zeit abgelaufen,0.39,75,4074,300.5,23,6,20250423-195924
345,kein_Terminated,Zeit abgelaufen,0.45,110,4468,300.5,23,7,20250423-195939
346,kein_Terminated,Zeit abgelaufen,0.36,63,3786,300.5,23,7,20250423-195954
347,kein_Terminated,Zeit abgelaufen,0.45,73,4906,300.5,23,7,20250423-200009
348,kein_Terminated,Zeit abgelaufen,0.2,272,-232,300.5,23,7,20250423-200024
349,kein_Terminated,Zeit abgelaufen,0.2,217,230,300.5,23,5,20250423-200039
350,kein_Terminated,Zeit abgelaufen,0.45,102,4560,300.5,24,5,20250423-200054
351,kein_Terminated,Zeit abgelaufen,0.2,156,848,300.5,24,5,20250423-200110
352,kein_Terminated,Zeit abgelaufen,0.47,89,4926,300.5,24,6,20250423-200126
353,kein_Terminated,Zeit abgelaufen,0.21,136,1132,300.5,24,6,20250423-200141
354,kein_Terminated,Zeit abgelaufen,0.31,212,1740,300.5,24,5,20250423-200157
355,kein_Terminated,Zeit abgelaufen,0.3,243,1274,300.5,24,5,20250423-200212
356,kein_Terminated,Zeit abgelaufen,0.43,60,4732,300.5,24,8,20250423-200227
357,kein_Terminated,Zeit abgelaufen,0.34,120,2784,300.5,25,1,20250423-200244
358,kein_Terminated,Zeit abgelaufen,0.4,138,3344,300.5,25,1,20250423-200302
359,kein_Terminated,Zeit abgelaufen,0.31,216,1488,300.5,25,4,20250423-200319
360,kein_Terminated,Zeit abgelaufen,0.24,247,298,300.5,25,4,20250423-200336
361,kein_Terminated,Zeit abgelaufen,0.2,208,276,300.5,25,5,20250423-200354
362,kein_Terminated,Zeit abgelaufen,0.25,201,930,300.5,25,5,20250423-200411
363,kein_Terminated,Zeit abgelaufen,0.31,80,2904,300.5,25,9,20250423-200428
364,kein_Terminated,Zeit abgelaufen,0.35,71,3674,300.5,23,9,20250423-200444
365,kein_Terminated,Zeit abgelaufen,0.5,92,5392,300.5,23,9,20250423-200459
366,kein_Terminated,Zeit abgelaufen,0.41,73,4310,300.5,23,1,20250423-200514
367,kein_Terminated,Zeit abgelaufen,0.36,110,3376,300.5,23,1,20250423-200529
368,kein_Terminated,Zeit abgelaufen,0.21,142,1172,300.5,23,2,20250423-200545
369,kein_Terminated,Zeit abgelaufen,0.24,118,1772,300.5,23,2,20250423-200600
370,kein_Terminated,Zeit abgelaufen,0.47,80,5092,300.5,23,7,20250423-200615
371,kein_Terminated,Zeit abgelaufen,0.2,110,1368,300.5,23,5,20250423-200630
372,kein_Terminated,Zeit abgelaufen,0.19,243,-90,300.5,23,5,20250423-200645
373,kein_Terminated,Zeit abgelaufen,0.47,127,4602,300.5,23,7,20250423-200700
374,kein_Terminated,Zeit abgelaufen,0.43,74,4600,300.5,23,7,20250423-200715
375,kein_Terminated,Zeit abgelaufen,0.49,96,5196,300.5,23,6,20250423-200731
376,kein_Terminated,Zeit abgelaufen,0.17,248,-396,300.5,23,6,20250423-200746
377,kein_Terminated,Zeit abgelaufen,0.47,154,4292,300.5,23,1,20250423-200801
378,kein_Terminated,Zeit abgelaufen,0.44,67,4854,300.5,23,5,20250423-200817
379,kein_Terminated,Zeit abgelaufen,0.29,225,1354,300.5,23,5,20250423-200832
380,kein_Terminated,Zeit abgelaufen,0.22,133,1422,300.5,23,3,20250423-200847
381,kein_Terminated,Zeit abgelaufen,0.23,92,1932,300.5,23,3,20250423-200902
382,kein_Terminated,Zeit abgelaufen,0.23,128,1524,300.5,23,2,20250423-200917
383,kein_Terminated,Zeit abgelaufen,0.26,97,2282,300.5,23,2,20250423-200932
384,kein_Terminated,Zeit abgelaufen,0.5,79,5446,300.5,23,6,20250423-200947
385,kein_Terminated,Zeit abgelaufen,0.34,80,3476,300.5,22,6,20250423-201004
386,kein_Terminated,Zeit abgelaufen,0.36,57,3914,300.5,22,6,20250423-201019
387,kein_Terminated,Zeit abgelaufen,0.42,113,4170,300.5,22,1,20250423-201035
388,kein_Terminated,Zeit abgelaufen,0.45,86,4788,300.5,22,1,20250423-201051
389,kein_Terminated,Zeit abgelaufen,0.43,115,4242,300.5,22,5,20250423-201106
390,kein_Terminated,Zeit abgelaufen,0.25,34,2784,300.5,22,5,20250423-201121
391,kein_Terminated,Zeit abgelaufen,0.26,86,2320,300.5,22,5,20250423-201136
392,kein_Terminated,Zeit abgelaufen,0.31,240,1332,300.5,25,6,20250423-201154
393,kein_Terminated,Zeit abgelaufen,0.24,129,1502,300.5,25,6,20250423-201211
394,kein_Terminated,Zeit abgelaufen,0.29,133,2138,300.5,25,2,20250423-201228
395,kein_Terminated,Zeit abgelaufen,0.3,98,2548,300.5,25,2,20250423-201246
396,kein_Terminated,Zeit abgelaufen,0.37,111,3310,300.5,25,9,20250423-201303
397,kein_Terminated,Zeit abgelaufen,0.26,71,2350,300.5,25,9,20250423-201320
398,kein_Terminated,Zeit abgelaufen,0.43,90,4272,300.5,25,1,20250423-201337
399,kein_Terminated,Zeit abgelaufen,0.42,50,4780,300.5,22,3,20250423-201353
400,kein_Terminated,Zeit abgelaufen,0.47,35,5594,300.5,22,3,20250423-201409
401,kein_Terminated,Zeit abgelaufen,0.42,63,4714,300.5,22,7,20250423-201424
402,kein_Terminated,Zeit abgelaufen,0.44,113,4346,300.5,22,7,20250423-201440
403,kein_Terminated,Zeit abgelaufen,0.29,49,3122,300.5,22,7,20250423-201455
404,kein_Terminated,Zeit abgelaufen,0.44,66,4880,300.5,22,7,20250423-201510
405,kein_Terminated,Zeit abgelaufen,0.36,83,3666,300.5,22,4,20250423-201526
406,kein_Terminated,Zeit abgelaufen,0.18,302,-888,300.5,25,4,20250423-201543
407,kein_Terminated,Zeit abgelaufen,0.21,325,-782,300.5,25,4,20250423-201600
408,kein_Terminated,Zeit abgelaufen,0.39,126,3400,300.5,25,9,20250423-201617
409,kein_Terminated,Zeit abgelaufen,0.44,155,3694,300.5,25,9,20250423-201635
410,kein_Terminated,Zeit abgelaufen,0.45,144,3980,300.5,25,1,20250423-201652
411,kein_Terminated,Zeit abgelaufen,0.34,160,2400,300.5,25,1,20250423-201710
412,kein_Terminated,Zeit abgelaufen,0.29,200,1428,300.5,25,5,20250423-201727
413,kein_Terminated,Zeit abgelaufen,0.38,130,3304,300.5,25,8,20250423-201744
414,kein_Terminated,Zeit abgelaufen,0.3,107,2430,300.5,25,8,20250423-201801
415,kein_Terminated,Zeit abgelaufen,0.5,211,3882,300.5,25,9,20250423-201819
5,kein_Terminated,Zeit abgelaufen,0.38,233,2182,300.5,25,9,20250423-201844
416,kein_Terminated,Zeit abgelaufen,0.38,144,3044,300.5,25,9,20250423-201854
417,kein_Terminated,Zeit abgelaufen,0.22,202,500,300.5,25,4,20250423-201911
418,kein_Terminated,Zeit abgelaufen,0.24,291,-98,300.5,25,4,20250423-201928
419,kein_Terminated,Zeit abgelaufen,0.26,213,982,300.5,25,3,20250423-201946
420,kein_Terminated,Zeit abgelaufen,0.45,136,4244,300.5,23,1,20250423-202001
421,kein_Terminated,Zeit abgelaufen,0.41,114,3952,300.5,23,1,20250423-202016
422,kein_Terminated,Zeit abgelaufen,0.41,113,4006,300.5,23,8,20250423-202031
423,kein_Terminated,Zeit abgelaufen,0.43,103,4362,300.5,23,8,20250423-202046
424,kein_Terminated,Zeit abgelaufen,0.21,128,1238,300.5,23,3,20250423-202101
425,kein_Terminated,Zeit abgelaufen,0.18,106,1088,300.5,23,3,20250423-202115
426,kein_Terminated,Zeit abgelaufen,0.3,43,3314,300.5,23,0,20250423-202131
427,kein_Terminated,Zeit abgelaufen,0.22,84,1812,300.5,22,6,20250423-202147
428,kein_Terminated,Zeit abgelaufen,0.32,68,3244,300.5,22,6,20250423-202202
429,kein_Terminated,Zeit abgelaufen,0.45,84,4756,300.5,22,2,20250423-202217
430,kein_Terminated,Zeit abgelaufen,0.48,24,5796,300.5,22,2,20250423-202233
431,kein_Terminated,Zeit abgelaufen,0.61,92,6808,300.5,22,2,20250423-202248
432,kein_Terminated,Zeit abgelaufen,0.51,86,5588,300.5,22,2,20250423-202303
433,kein_Terminated,Zeit abgelaufen,0.35,52,3844,300.5,22,6,20250423-202319
434,kein_Terminated,Zeit abgelaufen,0.55,95,5866,300.5,23,5,20250423-202334
435,kein_Terminated,Zeit abgelaufen,0.42,90,4344,300.5,23,5,20250423-202349
436,kein_Terminated,Zeit abgelaufen,0.43,78,4548,300.5,23,0,20250423-202405
437,kein_Terminated,Zeit abgelaufen,0.43,139,3942,300.5,23,0,20250423-202420
438,kein_Terminated,Zeit abgelaufen,0.37,83,3722,300.5,23,9,20250423-202435
439,kein_Terminated,Zeit abgelaufen,0.44,95,4482,300.5,23,9,20250423-202451
440,kein_Terminated,Zeit abgelaufen,0.52,177,4702,300.5,23,5,20250423-202506
441,kein_Terminated,Zeit abgelaufen,0.23,157,1142,300.5,25,4,20250423-202523
442,kein_Terminated,Zeit abgelaufen,0.22,303,-414,300.5,25,4,20250423-202540
443,kein_Terminated,Zeit abgelaufen,0.25,135,1602,300.5,25,0,20250423-202558
444,kein_Terminated,Zeit abgelaufen,0.44,168,3548,300.5,25,0,20250423-202615
445,kein_Terminated,Zeit abgelaufen,0.23,138,1376,300.5,25,8,20250423-202632
446,kein_Terminated,Zeit abgelaufen,0.37,104,3332,300.5,25,8,20250423-202650
447,kein_Terminated,Zeit abgelaufen,0.36,196,2352,300.5,25,2,20250423-202708
448,kein_Terminated,Zeit abgelaufen,0.36,90,3540,300.5,23,0,20250423-202722
449,kein_Terminated,Zeit abgelaufen,0.37,73,3886,300.5,23,0,20250423-202737
450,kein_Terminated,Zeit abgelaufen,0.49,47,5654,300.5,23,5,20250423-202753
451,kein_Terminated,Zeit abgelaufen,0.2,113,1366,300.5,23,5,20250423-202808
452,kein_Terminated,Zeit abgelaufen,0.41,127,3774,300.5,23,0,20250423-202824
453,kein_Terminated,Zeit abgelaufen,0.46,87,4874,300.5,23,0,20250423-202839
454,kein_Terminated,Zeit abgelaufen,0.43,72,4660,300.5,23,6,20250423-202854
455,kein_Terminated,Zeit abgelaufen,0.5,78,5512,300.5,22,7,20250423-202910
456,kein_Terminated,Zeit abgelaufen,0.33,80,3332,300.5,22,7,20250423-202925
457,kein_Terminated,Zeit abgelaufen,0.3,63,3130,300.5,22,3,20250423-202941
458,kein_Terminated,Zeit abgelaufen,0.34,64,3544,300.5,22,3,20250423-202956
459,kein_Terminated,Zeit abgelaufen,0.34,89,3326,300.5,22,5,20250423-203012
460,kein_Terminated,Zeit abgelaufen,0.25,53,2554,300.5,22,5,20250423-203028
461,kein_Terminated,Zeit abgelaufen,0.4,80,4236,300.5,22,9,20250423-203043
462,kein_Terminated,Zeit abgelaufen,0.34,125,2730,300.5,25,9,20250423-203101
463,kein_Terminated,Zeit abgelaufen,0.26,119,1830,300.5,25,9,20250423-203119
464,kein_Terminated,Zeit abgelaufen,0.23,210,564,300.5,25,7,20250423-203136
465,kein_Terminated,Zeit abgelaufen,0.31,85,2850,300.5,25,7,20250423-203153
466,kein_Terminated,Zeit abgelaufen,0.41,93,3974,300.5,25,1,20250423-203210
467,kein_Terminated,Zeit abgelaufen,0.29,122,2268,300.5,25,1,20250423-203228
468,kein_Terminated,Zeit abgelaufen,0.37,250,1872,300.5,25,2,20250423-203245
469,kein_Terminated,Zeit abgelaufen,0.22,109,1470,300.5,25,6,20250423-203302
470,kein_Terminated,Zeit abgelaufen,0.21,203,418,300.5,25,6,20250423-203320
471,kein_Terminated,Zeit abgelaufen,0.38,141,3070,300.5,25,9,20250423-203337
472,kein_Terminated,Zeit abgelaufen,0.35,166,2552,300.5,25,9,20250423-203354
473,kein_Terminated,Zeit abgelaufen,0.31,142,2280,300.5,25,2,20250423-203412
474,kein_Terminated,Zeit abgelaufen,0.37,149,2938,300.5,25,2,20250423-203429
475,kein_Terminated,Zeit abgelaufen,0.2,122,1148,300.5,25,6,20250423-203446
476,kein_Terminated,Zeit abgelaufen,0.28,195,1534,300.5,24,2,20250423-203501
477,kein_Terminated,Zeit abgelaufen,0.27,134,1984,300.5,24,2,20250423-203517
478,kein_Terminated,Zeit abgelaufen,0.24,172,1248,300.5,24,3,20250423-203532
479,kein_Terminated,Zeit abgelaufen,0.27,227,1054,300.5,24,3,20250423-203547
480,kein_Terminated,Zeit abgelaufen,0.28,47,2926,300.5,24,4,20250423-203603
481,kein_Terminated,Zeit abgelaufen,0.28,101,2386,300.5,24,4,20250423-203618
482,kein_Terminated,Zeit abgelaufen,0.41,49,4634,300.5,24,5,20250423-203633
483,kein_Terminated,Zeit abgelaufen,0.4,56,4376,300.5,24,8,20250423-203648
484,kein_Terminated,Zeit abgelaufen,0.35,99,3374,300.5,24,8,20250423-203704
485,kein_Terminated,Zeit abgelaufen,0.22,121,1526,300.5,24,3,20250423-203719
486,kein_Terminated,Zeit abgelaufen,0.23,92,1872,300.5,24,3,20250423-203735
487,kein_Terminated,Zeit abgelaufen,0.26,106,2080,300.5,24,3,20250423-203750
488,kein_Terminated,Zeit abgelaufen,0.25,156,1552,300.5,24,3,20250423-203806
489,kein_Terminated,Zeit abgelaufen,0.27,103,2306,300.5,24,2,20250423-203820
490,kein_Terminated,Zeit abgelaufen,0.49,121,4978,300.5,22,9,20250423-203836
491,kein_Terminated,Zeit abgelaufen,0.39,66,4224,300.5,22,9,20250423-203851
492,kein_Terminated,Zeit abgelaufen,0.4,43,4618,300.5,22,2,20250423-203907
493,kein_Terminated,Zeit abgelaufen,0.34,72,3560,300.5,22,2,20250423-203922
494,kein_Terminated,Zeit abgelaufen,0.44,59,4894,300.5,22,8,20250423-203938
495,kein_Terminated,Zeit abgelaufen,0.44,122,4356,300.5,22,8,20250423-203953
496,kein_Terminated,Zeit abgelaufen,0.32,76,3188,300.5,22,3,20250423-204008
497,kein_Terminated,Zeit abgelaufen,0.39,127,3562,300.5,22,9,20250423-204024
498,kein_Terminated,Zeit abgelaufen,0.43,44,4964,300.5,22,9,20250423-204039
6,kein_Terminated,Zeit abgelaufen,0.31,186,1772,300.5,25,2,20250423-204103
499,kein_Terminated,Zeit abgelaufen,0.41,89,4206,300.5,22,8,20250423-204112
500,kein_Terminated,Zeit abgelaufen,0.41,86,4340,300.5,22,8,20250423-204127
501,kein_Terminated,Zeit abgelaufen,0.33,68,3484,300.5,22,3,20250423-204143
502,kein_Terminated,Zeit abgelaufen,0.42,20,5004,300.5,22,3,20250423-204158
503,kein_Terminated,Zeit abgelaufen,0.33,40,3760,300.5,22,0,20250423-204214
504,kein_Terminated,Zeit abgelaufen,0.4,78,4204,300.5,23,7,20250423-204230
505,kein_Terminated,Zeit abgelaufen,0.45,97,4622,300.5,23,7,20250423-204245
506,kein_Terminated,Zeit abgelaufen,0.43,35,4970,300.5,23,6,20250423-204300
507,kein_Terminated,Zeit abgelaufen,0.43,80,4604,300.5,23,6,20250423-204315
508,kein_Terminated,Zeit abgelaufen,0.2,86,1572,300.5,23,2,20250423-204330
509,kein_Terminated,Zeit abgelaufen,0.43,99,4350,300.5,23,2,20250423-204345
510,kein_Terminated,Zeit abgelaufen,0.43,72,4668,300.5,23,7,20250423-204400
511,kein_Terminated,Zeit abgelaufen,0.5,158,4608,300.5,23,5,20250423-204416
512,kein_Terminated,Zeit abgelaufen,0.52,155,4882,300.5,23,5,20250423-204431
513,kein_Terminated,Zeit abgelaufen,0.38,65,4078,300.5,23,1,20250423-204446
514,kein_Terminated,Zeit abgelaufen,0.32,97,3038,300.5,23,1,20250423-204501
515,kein_Terminated,Zeit abgelaufen,0.22,106,1588,300.5,23,2,20250423-204516
516,kein_Terminated,Zeit abgelaufen,0.31,76,3116,300.5,23,2,20250423-204531
517,kein_Terminated,Zeit abgelaufen,0.28,151,1970,300.5,23,0,20250423-204546
518,kein_Terminated,Zeit abgelaufen,0.38,134,3348,300.5,24,0,20250423-204601
519,kein_Terminated,Zeit abgelaufen,0.3,91,2726,300.5,24,0,20250423-204617
520,kein_Terminated,Zeit abgelaufen,0.36,78,3708,300.5,24,1,20250423-204632
521,kein_Terminated,Zeit abgelaufen,0.33,126,2772,300.5,24,1,20250423-204648
522,kein_Terminated,Zeit abgelaufen,0.29,102,2500,300.5,24,2,20250423-204703
523,kein_Terminated,Zeit abgelaufen,0.4,119,3742,300.5,24,2,20250423-204718
524,kein_Terminated,Zeit abgelaufen,0.37,87,3758,300.5,24,1,20250423-204734
525,kein_Terminated,Zeit abgelaufen,0.21,82,1796,300.5,23,2,20250423-204749
526,kein_Terminated,Zeit abgelaufen,0.29,126,2268,300.5,23,2,20250423-204803
527,kein_Terminated,Zeit abgelaufen,0.35,126,3104,300.5,23,0,20250423-204818
528,kein_Terminated,Zeit abgelaufen,0.36,40,4016,300.5,23,0,20250423-204834
529,kein_Terminated,Zeit abgelaufen,0.35,61,3726,300.5,23,0,20250423-204849
530,kein_Terminated,Zeit abgelaufen,0.38,43,4274,300.5,23,0,20250423-204904
531,kein_Terminated,Zeit abgelaufen,0.26,95,2270,300.5,23,3,20250423-204920
532,kein_Terminated,Zeit abgelaufen,0.38,133,3350,300.5,23,8,20250423-204935
533,kein_Terminated,Zeit abgelaufen,0.35,152,2808,300.5,23,8,20250423-204950
534,kein_Terminated,Zeit abgelaufen,0.26,43,2778,300.5,23,0,20250423-205005
535,kein_Terminated,Zeit abgelaufen,0.35,57,3814,300.5,23,0,20250423-205021
536,kein_Terminated,Zeit abgelaufen,0.38,43,4278,300.5,23,0,20250423-205036
537,kein_Terminated,Zeit abgelaufen,0.37,79,3758,300.5,23,0,20250423-205052
538,kein_Terminated,Zeit abgelaufen,0.16,310,-1196,300.5,23,7,20250423-205107
539,kein_Terminated,Zeit abgelaufen,0.39,98,3824,300.5,23,8,20250423-205123
540,kein_Terminated,Zeit abgelaufen,0.35,107,3234,300.5,23,8,20250423-205138
541,kein_Terminated,Zeit abgelaufen,0.34,71,3498,300.5,23,1,20250423-205154
542,kein_Terminated,Zeit abgelaufen,0.44,73,4702,300.5,23,1,20250423-205209
543,kein_Terminated,Zeit abgelaufen,0.32,63,3326,300.5,23,4,20250423-205224
544,kein_Terminated,Zeit abgelaufen,0.37,35,4278,300.5,23,4,20250423-205239
545,kein_Terminated,Zeit abgelaufen,0.33,123,2910,300.5,23,4,20250423-205254
546,kein_Terminated,Zeit abgelaufen,0.35,102,3088,300.5,25,1,20250423-205312
547,kein_Terminated,Zeit abgelaufen,0.29,152,1868,300.5,25,1,20250423-205329
548,kein_Terminated,Zeit abgelaufen,0.29,135,2134,300.5,25,2,20250423-205347
549,kein_Terminated,Zeit abgelaufen,0.49,134,4492,300.5,25,2,20250423-205404
550,kein_Terminated,Zeit abgelaufen,0.4,117,3582,300.5,25,1,20250423-205422
551,kein_Terminated,Zeit abgelaufen,0.29,88,2560,300.5,25,1,20250423-205439
552,kein_Terminated,Zeit abgelaufen,0.39,167,2938,300.5,25,1,20250423-205457
553,kein_Terminated,Zeit abgelaufen,0.25,83,2218,300.5,22,4,20250423-205512
554,kein_Terminated,Zeit abgelaufen,0.25,53,2538,300.5,22,4,20250423-205527
555,kein_Terminated,Zeit abgelaufen,0.27,93,2430,300.5,22,6,20250423-205543
556,kein_Terminated,Zeit abgelaufen,0.44,103,4522,300.5,22,6,20250423-205558
557,kein_Terminated,Zeit abgelaufen,0.36,75,3746,300.5,22,9,20250423-205614
558,kein_Terminated,Zeit abgelaufen,0.39,114,3732,300.5,22,9,20250423-205630
559,kein_Terminated,Zeit abgelaufen,0.27,81,2490,300.5,22,5,20250423-205645
560,kein_Terminated,Zeit abgelaufen,0.31,204,1680,300.5,25,8,20250423-205702
561,kein_Terminated,Zeit abgelaufen,0.26,224,832,300.5,25,8,20250423-205719
562,kein_Terminated,Zeit abgelaufen,0.21,182,680,300.5,25,9,20250423-205737
563,kein_Terminated,Zeit abgelaufen,0.23,203,646,300.5,25,9,20250423-205755
564,kein_Terminated,Zeit abgelaufen,0.45,147,3970,300.5,25,0,20250423-205812
565,kein_Terminated,Zeit abgelaufen,0.42,175,3294,300.5,25,0,20250423-205830
566,kein_Terminated,Zeit abgelaufen,0.46,263,2874,300.5,25,2,20250423-205847
567,kein_Terminated,Zeit abgelaufen,0.23,45,2314,300.5,23,3,20250423-205902
568,kein_Terminated,Zeit abgelaufen,0.26,60,2596,300.5,23,3,20250423-205917
569,kein_Terminated,Zeit abgelaufen,0.26,35,2866,300.5,23,3,20250423-205932
570,kein_Terminated,Zeit abgelaufen,0.29,63,2962,300.5,23,3,20250423-205947
571,kein_Terminated,Zeit abgelaufen,0.37,100,3596,300.5,23,1,20250423-210002
572,kein_Terminated,Zeit abgelaufen,0.41,126,3860,300.5,23,1,20250423-210018
573,kein_Terminated,Zeit abgelaufen,0.38,78,3900,300.5,23,8,20250423-210033
574,kein_Terminated,Zeit abgelaufen,0.13,365,-2214,300.5,25,4,20250423-210050
575,kein_Terminated,Zeit abgelaufen,0.07,385,-3054,300.5,25,4,20250423-210107
576,kein_Terminated,Zeit abgelaufen,0.35,133,2870,300.5,25,0,20250423-210125
577,kein_Terminated,Zeit abgelaufen,0.31,136,2268,300.5,25,0,20250423-210142
578,kein_Terminated,Zeit abgelaufen,0.37,216,2240,300.5,25,8,20250423-210159
579,kein_Terminated,Zeit abgelaufen,0.32,171,2050,300.5,25,8,20250423-210217
580,kein_Terminated,Zeit abgelaufen,0.34,205,1930,300.5,25,2,20250423-210235
581,kein_Terminated,Zeit abgelaufen,0.47,78,5036,300.5,24,5,20250423-210250
7,kein_Terminated,Zeit abgelaufen,0.3,145,2042,300.5,25,7,20250423-210315
582,kein_Terminated,Zeit abgelaufen,0.44,87,4622,300.5,24,5,20250423-210323
583,kein_Terminated,Zeit abgelaufen,0.24,117,1746,300.5,24,4,20250423-210338
584,kein_Terminated,Zeit abgelaufen,0.29,111,2442,300.5,24,4,20250423-210353
585,kein_Terminated,Zeit abgelaufen,0.43,222,3116,300.5,24,8,20250423-210408
586,kein_Terminated,Zeit abgelaufen,0.37,144,3128,300.5,24,8,20250423-210424
587,kein_Terminated,Zeit abgelaufen,0.42,86,4384,300.5,24,0,20250423-210440
588,kein_Terminated,Zeit abgelaufen,0.46,94,4800,300.5,23,7,20250423-210455
589,kein_Terminated,Zeit abgelaufen,0.47,155,4258,300.5,23,7,20250423-210511
590,kein_Terminated,Zeit abgelaufen,0.35,132,3012,300.5,23,9,20250423-210526
591,kein_Terminated,Zeit abgelaufen,0.4,137,3642,300.5,23,9,20250423-210541
592,kein_Terminated,Zeit abgelaufen,0.4,125,3738,300.5,23,4,20250423-210557
593,kein_Terminated,Zeit abgelaufen,0.3,68,3068,300.5,23,4,20250423-210611
594,kein_Terminated,Zeit abgelaufen,0.41,85,4282,300.5,23,1,20250423-210627
595,kein_Terminated,Zeit abgelaufen,0.35,145,2914,300.5,22,7,20250423-210642
596,kein_Terminated,Zeit abgelaufen,0.27,72,2640,300.5,22,7,20250423-210658
597,kein_Terminated,Zeit abgelaufen,0.32,62,3380,300.5,22,4,20250423-210713
598,kein_Terminated,Zeit abgelaufen,0.29,82,2768,300.5,22,4,20250423-210728
599,kein_Terminated,Zeit abgelaufen,0.26,70,2556,300.5,22,3,20250423-210744
600,kein_Terminated,Zeit abgelaufen,0.33,61,3446,300.5,22,3,20250423-210759
601,kein_Terminated,Zeit abgelaufen,0.28,63,2862,300.5,22,6,20250423-210815
602,kein_Terminated,Zeit abgelaufen,0.31,110,2768,300.5,23,1,20250423-210830
603,kein_Terminated,Zeit abgelaufen,0.38,71,4002,300.5,23,1,20250423-210845
604,kein_Terminated,Zeit abgelaufen,0.37,156,3088,300.5,23,8,20250423-210900
605,kein_Terminated,Zeit abgelaufen,0.43,85,4518,300.5,23,8,20250423-210916
606,kein_Terminated,Zeit abgelaufen,0.25,89,2182,300.5,23,3,20250423-210931
607,kein_Terminated,Zeit abgelaufen,0.2,87,1618,300.5,23,3,20250423-210945
608,kein_Terminated,Zeit abgelaufen,0.43,211,3246,300.5,23,5,20250423-211000
609,kein_Terminated,Zeit abgelaufen,0.2,106,1316,300.5,25,9,20250423-211018
610,kein_Terminated,Zeit abgelaufen,0.27,137,1866,300.5,25,9,20250423-211036
611,kein_Terminated,Zeit abgelaufen,0.18,236,-264,300.5,25,5,20250423-211053
612,kein_Terminated,Zeit abgelaufen,0.24,204,724,300.5,25,5,20250423-211110
613,kein_Terminated,Zeit abgelaufen,0.36,77,3546,300.5,25,0,20250423-211127
614,kein_Terminated,Zeit abgelaufen,0.4,125,3510,300.5,25,0,20250423-211144
615,kein_Terminated,Zeit abgelaufen,0.25,177,1122,300.5,25,8,20250423-211201
616,kein_Terminated,Zeit abgelaufen,0.3,94,2788,300.5,23,0,20250423-211217
617,kein_Terminated,Zeit abgelaufen,0.39,139,3458,300.5,23,0,20250423-211232
618,kein_Terminated,Zeit abgelaufen,0.48,180,4180,300.5,23,8,20250423-211247
619,kein_Terminated,Zeit abgelaufen,0.39,128,3532,300.5,23,8,20250423-211302
620,kein_Terminated,Zeit abgelaufen,0.47,85,5034,300.5,23,5,20250423-211317
621,kein_Terminated,Zeit abgelaufen,0.47,37,5426,300.5,23,5,20250423-211332
622,kein_Terminated,Zeit abgelaufen,0.31,196,1840,300.5,23,9,20250423-211348
623,kein_Terminated,Zeit abgelaufen,0.44,52,5048,300.5,22,2,20250423-211403
624,kein_Terminated,Zeit abgelaufen,0.54,97,5854,300.5,22,2,20250423-211418
625,kein_Terminated,Zeit abgelaufen,0.4,59,4398,300.5,22,3,20250423-211434
626,kein_Terminated,Zeit abgelaufen,0.46,71,5102,300.5,22,3,20250423-211449
627,kein_Terminated,Zeit abgelaufen,0.48,51,5538,300.5,22,2,20250423-211505
628,kein_Terminated,Zeit abgelaufen,0.51,28,6160,300.5,22,2,20250423-211520
629,kein_Terminated,Zeit abgelaufen,0.55,41,6474,300.5,22,2,20250423-211535
630,kein_Terminated,Zeit abgelaufen,0.45,60,4996,300.5,22,4,20250423-211551
631,kein_Terminated,Zeit abgelaufen,0.22,68,2056,300.5,22,4,20250423-211606
632,kein_Terminated,Zeit abgelaufen,0.44,48,5062,300.5,22,1,20250423-211621
633,kein_Terminated,Zeit abgelaufen,0.4,67,4318,300.5,22,1,20250423-211637
634,kein_Terminated,Zeit abgelaufen,0.38,43,4378,300.5,22,1,20250423-211652
635,kein_Terminated,Zeit abgelaufen,0.49,72,5424,300.5,22,1,20250423-211708
636,kein_Terminated,Zeit abgelaufen,0.61,41,7274,300.5,22,2,20250423-211723
637,kein_Terminated,Zeit abgelaufen,0.46,103,4734,300.5,22,7,20250423-211739
638,kein_Terminated,Zeit abgelaufen,0.57,75,6454,300.5,22,7,20250423-211755
639,kein_Terminated,Zeit abgelaufen,0.49,92,5252,300.5,22,6,20250423-211810
640,kein_Terminated,Zeit abgelaufen,0.45,105,4618,300.5,22,6,20250423-211826
641,kein_Terminated,Zeit abgelaufen,0.52,74,5852,300.5,22,8,20250423-211842
642,kein_Terminated,Zeit abgelaufen,0.35,66,3652,300.5,22,8,20250423-211857
643,kein_Terminated,Zeit abgelaufen,0.4,110,3956,300.5,22,8,20250423-211913
644,kein_Terminated,Zeit abgelaufen,0.45,84,4716,300.5,24,1,20250423-211928
645,kein_Terminated,Zeit abgelaufen,0.45,95,4674,300.5,24,1,20250423-211943
646,kein_Terminated,Zeit abgelaufen,0.37,96,3564,300.5,24,0,20250423-211958
647,kein_Terminated,Zeit abgelaufen,0.3,142,2300,300.5,24,0,20250423-212014
648,kein_Terminated,Zeit abgelaufen,0.45,129,4238,300.5,24,9,20250423-212030
649,kein_Terminated,Zeit abgelaufen,0.38,157,3162,300.5,24,9,20250423-212045
650,kein_Terminated,Zeit abgelaufen,0.41,110,4008,300.5,24,0,20250423-212101
651,kein_Terminated,Zeit abgelaufen,0.39,117,3710,300.5,24,9,20250423-212116
652,kein_Terminated,Zeit abgelaufen,0.43,247,2902,300.5,24,9,20250423-212131
653,kein_Terminated,Zeit abgelaufen,0.23,186,956,300.5,24,2,20250423-212146
654,kein_Terminated,Zeit abgelaufen,0.26,129,1878,300.5,24,2,20250423-212202
655,kein_Terminated,Zeit abgelaufen,0.33,77,3310,300.5,24,6,20250423-212217
656,kein_Terminated,Zeit abgelaufen,0.51,158,4824,300.5,24,6,20250423-212232
657,kein_Terminated,Zeit abgelaufen,0.47,128,4572,300.5,24,8,20250423-212248
658,kein_Terminated,Zeit abgelaufen,0.43,130,4032,300.5,24,5,20250423-212303
659,kein_Terminated,Zeit abgelaufen,0.41,78,4300,300.5,24,5,20250423-212318
660,kein_Terminated,Zeit abgelaufen,0.35,120,3136,300.5,24,9,20250423-212334
661,kein_Terminated,Zeit abgelaufen,0.48,130,4636,300.5,24,9,20250423-212349
662,kein_Terminated,Zeit abgelaufen,0.39,90,3896,300.5,24,8,20250423-212405
663,kein_Terminated,Zeit abgelaufen,0.37,82,3816,300.5,24,8,20250423-212420
664,kein_Terminated,Zeit abgelaufen,0.52,86,5668,300.5,24,6,20250423-212436
8,kein_Terminated,Zeit abgelaufen,0.33,302,1088,300.5,23,8,20250423-212459
665,kein_Terminated,Zeit abgelaufen,0.4,112,3868,300.5,24,8,20250423-212506
666,kein_Terminated,Zeit abgelaufen,0.36,59,3838,300.5,24,8,20250423-212521
667,kein_Terminated,Zeit abgelaufen,0.23,72,2048,300.5,24,3,20250423-212537
668,kein_Terminated,Zeit abgelaufen,0.26,80,2408,300.5,24,3,20250423-212552
669,kein_Terminated,Zeit abgelaufen,0.4,62,4304,300.5,24,0,20250423-212607
670,kein_Terminated,Zeit abgelaufen,0.37,83,3710,300.5,24,0,20250423-212622
671,kein_Terminated,Zeit abgelaufen,0.38,71,4050,300.5,24,5,20250423-212638
672,kein_Terminated,Zeit abgelaufen,0.46,189,3906,300.5,24,6,20250423-212653
673,kein_Terminated,Zeit abgelaufen,0.48,125,4662,300.5,24,6,20250423-212708
674,kein_Terminated,Zeit abgelaufen,0.47,62,5196,300.5,24,5,20250423-212724
675,kein_Terminated,Zeit abgelaufen,0.46,106,4644,300.5,24,5,20250423-212739
676,kein_Terminated,Zeit abgelaufen,0.39,117,3634,300.5,24,9,20250423-212755
677,kein_Terminated,Zeit abgelaufen,0.44,169,3794,300.5,24,9,20250423-212811
678,kein_Terminated,Zeit abgelaufen,0.22,95,1690,300.5,24,3,20250423-212826
679,kein_Terminated,Zeit abgelaufen,0.28,127,2134,300.5,24,3,20250423-212841
680,kein_Terminated,Zeit abgelaufen,0.28,103,2358,300.5,24,3,20250423-212856
681,kein_Terminated,Zeit abgelaufen,0.37,115,3414,300.5,24,8,20250423-212912
682,kein_Terminated,Zeit abgelaufen,0.43,141,3886,300.5,24,8,20250423-212927
683,kein_Terminated,Zeit abgelaufen,0.38,170,3020,300.5,24,8,20250423-212942
684,kein_Terminated,Zeit abgelaufen,0.34,60,3628,300.5,24,8,20250423-212958
685,kein_Terminated,Zeit abgelaufen,0.38,128,3440,300.5,24,9,20250423-213013
686,kein_Terminated,Zeit abgelaufen,0.22,175,818,300.5,25,7,20250423-213030
687,kein_Terminated,Zeit abgelaufen,0.3,113,2438,300.5,25,7,20250423-213047
688,kein_Terminated,Zeit abgelaufen,0.23,241,314,300.5,25,6,20250423-213105
689,kein_Terminated,Zeit abgelaufen,0.39,215,2522,300.5,25,6,20250423-213122
690,kein_Terminated,Zeit abgelaufen,0.47,188,3704,300.5,25,9,20250423-213139
691,kein_Terminated,Zeit abgelaufen,0.33,79,3082,300.5,25,9,20250423-213157
692,kein_Terminated,Zeit abgelaufen,0.4,70,4012,300.5,25,9,20250423-213215
693,kein_Terminated,Zeit abgelaufen,0.26,84,2296,300.5,24,4,20250423-213230
694,kein_Terminated,Zeit abgelaufen,0.22,71,2006,300.5,24,4,20250423-213245
695,kein_Terminated,Zeit abgelaufen,0.22,34,2320,300.5,24,3,20250423-213300
696,kein_Terminated,Zeit abgelaufen,0.24,103,1934,300.5,24,3,20250423-213315
697,kein_Terminated,Zeit abgelaufen,0.46,99,4758,300.5,24,5,20250423-213331
698,kein_Terminated,Zeit abgelaufen,0.49,146,4596,300.5,24,5,20250423-213347
699,kein_Terminated,Zeit abgelaufen,0.48,63,5374,300.5,24,5,20250423-213402
700,kein_Terminated,Zeit abgelaufen,0.29,87,2746,300.5,24,2,20250423-213417
701,kein_Terminated,Zeit abgelaufen,0.27,38,2896,300.5,24,2,20250423-213432
702,kein_Terminated,Zeit abgelaufen,0.34,43,3746,300.5,24,0,20250423-213447
703,kein_Terminated,Zeit abgelaufen,0.29,46,3148,300.5,24,0,20250423-213502
704,kein_Terminated,Zeit abgelaufen,0.5,76,5428,300.5,24,5,20250423-213518
705,kein_Terminated,Zeit abgelaufen,0.54,132,5368,300.5,24,5,20250423-213533
706,kein_Terminated,Zeit abgelaufen,0.44,44,5012,300.5,24,5,20250423-213549
707,kein_Terminated,Zeit abgelaufen,0.34,94,3336,300.5,22,1,20250423-213604
708,kein_Terminated,Zeit abgelaufen,0.47,64,5200,300.5,22,1,20250423-213619
709,kein_Terminated,Zeit abgelaufen,0.34,51,3774,300.5,22,0,20250423-213635
710,kein_Terminated,Zeit abgelaufen,0.33,44,3660,300.5,22,0,20250423-213650
711,kein_Terminated,Zeit abgelaufen,0.41,97,4214,300.5,22,5,20250423-213705
712,kein_Terminated,Zeit abgelaufen,0.22,111,1610,300.5,22,5,20250423-213721
713,kein_Terminated,Zeit abgelaufen,0.25,78,2332,300.5,22,7,20250423-213736
714,kein_Terminated,Zeit abgelaufen,0.31,138,2284,300.5,25,9,20250423-213753
715,kein_Terminated,Zeit abgelaufen,0.32,190,1952,300.5,25,9,20250423-213811
716,kein_Terminated,Zeit abgelaufen,0.24,341,-622,300.5,25,5,20250423-213828
717,kein_Terminated,Zeit abgelaufen,0.38,237,2178,300.5,25,5,20250423-213845
718,kein_Terminated,Zeit abgelaufen,0.32,155,2206,300.5,25,2,20250423-213903
719,kein_Terminated,Zeit abgelaufen,0.28,99,2374,300.5,25,2,20250423-213920
720,kein_Terminated,Zeit abgelaufen,0.35,207,2098,300.5,25,6,20250423-213938
721,kein_Terminated,Zeit abgelaufen,0.38,64,4036,300.5,24,1,20250423-213953
722,kein_Terminated,Zeit abgelaufen,0.34,84,3316,300.5,24,1,20250423-214009
723,kein_Terminated,Zeit abgelaufen,0.48,89,5138,300.5,24,6,20250423-214024
724,kein_Terminated,Zeit abgelaufen,0.5,95,5262,300.5,24,6,20250423-214039
725,kein_Terminated,Zeit abgelaufen,0.39,112,3648,300.5,24,7,20250423-214055
726,kein_Terminated,Zeit abgelaufen,0.37,57,3994,300.5,24,7,20250423-214111
727,kein_Terminated,Zeit abgelaufen,0.39,37,4522,300.5,24,0,20250423-214126
728,kein_Terminated,Zeit abgelaufen,0.42,159,3458,300.5,25,3,20250423-214143
729,kein_Terminated,Zeit abgelaufen,0.47,181,3762,300.5,25,3,20250423-214202
730,kein_Terminated,Zeit abgelaufen,0.41,244,2444,300.5,25,7,20250423-214219
731,kein_Terminated,Zeit abgelaufen,0.31,126,2384,300.5,25,7,20250423-214236
732,kein_Terminated,Zeit abgelaufen,0.06,383,-3210,300.5,25,4,20250423-214253
733,kein_Terminated,Zeit abgelaufen,0.22,266,-104,300.5,25,4,20250423-214310
734,kein_Terminated,Zeit abgelaufen,0.25,187,1082,300.5,25,5,20250423-214327
735,kein_Terminated,Zeit abgelaufen,0.35,57,3786,300.5,22,3,20250423-214343
736,kein_Terminated,Zeit abgelaufen,0.48,59,5446,300.5,22,3,20250423-214359
737,kein_Terminated,Zeit abgelaufen,0.38,61,4134,300.5,22,6,20250423-214414
738,kein_Terminated,Zeit abgelaufen,0.29,66,2980,300.5,22,6,20250423-214429
739,kein_Terminated,Zeit abgelaufen,0.47,104,4924,300.5,22,9,20250423-214445
740,kein_Terminated,Zeit abgelaufen,0.4,104,4016,300.5,22,9,20250423-214501
741,kein_Terminated,Zeit abgelaufen,0.34,95,3342,300.5,22,6,20250423-214516
742,kein_Terminated,Zeit abgelaufen,0.39,84,3928,300.5,24,8,20250423-214532
743,kein_Terminated,Zeit abgelaufen,0.38,181,2950,300.5,24,8,20250423-214547
744,kein_Terminated,Zeit abgelaufen,0.43,134,3944,300.5,24,6,20250423-214602
745,kein_Terminated,Zeit abgelaufen,0.43,71,4590,300.5,24,6,20250423-214617
746,kein_Terminated,Zeit abgelaufen,0.24,51,2386,300.5,24,4,20250423-214633
747,kein_Terminated,Zeit abgelaufen,0.28,129,2106,300.5,24,4,20250423-214648
9,kein_Terminated,Zeit abgelaufen,0.49,251,3558,300.5,23,1,20250423-214712
748,kein_Terminated,Zeit abgelaufen,0.41,90,4204,300.5,24,7,20250423-214718
749,kein_Terminated,Zeit abgelaufen,0.04,399,-3562,300.5,25,4,20250423-214735
750,kein_Terminated,Zeit abgelaufen,0.08,395,-3066,300.5,25,4,20250423-214751
751,kein_Terminated,Zeit abgelaufen,0.38,278,1768,300.5,25,7,20250423-214808
752,kein_Terminated,Zeit abgelaufen,0.32,125,2530,300.5,25,7,20250423-214826
753,kein_Terminated,Zeit abgelaufen,0.46,148,3976,300.5,25,9,20250423-214843
754,kein_Terminated,Zeit abgelaufen,0.23,256,180,300.5,25,9,20250423-214900
755,kein_Terminated,Zeit abgelaufen,0.3,124,2256,300.5,25,7,20250423-214918
756,kein_Terminated,Zeit abgelaufen,0.28,97,2482,300.5,23,3,20250423-214933
757,kein_Terminated,Zeit abgelaufen,0.28,109,2342,300.5,23,3,20250423-214948
758,kein_Terminated,Zeit abgelaufen,0.47,108,4792,300.5,23,2,20250423-215003
759,kein_Terminated,Zeit abgelaufen,0.5,71,5470,300.5,23,2,20250423-215019
760,kein_Terminated,Zeit abgelaufen,0.5,45,5814,300.5,23,6,20250423-215034
761,kein_Terminated,Zeit abgelaufen,0.45,93,4718,300.5,23,6,20250423-215049
762,kein_Terminated,Zeit abgelaufen,0.51,83,5490,300.5,23,0,20250423-215104
763,kein_Terminated,Zeit abgelaufen,0.51,152,4784,300.5,24,9,20250423-215120
764,kein_Terminated,Zeit abgelaufen,0.4,220,2796,300.5,24,9,20250423-215136
765,kein_Terminated,Zeit abgelaufen,0.27,97,2334,300.5,24,4,20250423-215150
766,kein_Terminated,Zeit abgelaufen,0.27,166,1652,300.5,24,4,20250423-215206
767,kein_Terminated,Zeit abgelaufen,0.26,116,2008,300.5,24,4,20250423-215221
768,kein_Terminated,Zeit abgelaufen,0.27,88,2392,300.5,24,4,20250423-215236
769,kein_Terminated,Zeit abgelaufen,0.38,187,2770,300.5,24,7,20250423-215252
770,kein_Terminated,Zeit abgelaufen,0.31,73,3166,300.5,24,0,20250423-215307
771,kein_Terminated,Zeit abgelaufen,0.48,117,4870,300.5,24,0,20250423-215323
772,kein_Terminated,Zeit abgelaufen,0.49,224,3832,300.5,24,5,20250423-215338
773,kein_Terminated,Zeit abgelaufen,0.47,136,4496,300.5,24,5,20250423-215354
774,kein_Terminated,Zeit abgelaufen,0.49,123,4874,300.5,24,7,20250423-215409
775,kein_Terminated,Zeit abgelaufen,0.35,107,3242,300.5,24,7,20250423-215425
776,kein_Terminated,Zeit abgelaufen,0.32,47,3466,300.5,24,0,20250423-215440
777,kein_Terminated,Zeit abgelaufen,0.48,118,4520,300.5,25,9,20250423-215458
778,kein_Terminated,Zeit abgelaufen,0.33,158,2364,300.5,25,9,20250423-215515
779,kein_Terminated,Zeit abgelaufen,0.4,131,3418,300.5,25,1,20250423-215533
780,kein_Terminated,Zeit abgelaufen,0.47,113,4538,300.5,25,1,20250423-215551
781,kein_Terminated,Zeit abgelaufen,0.18,271,-594,300.5,25,6,20250423-215608
782,kein_Terminated,Zeit abgelaufen,0.3,241,1114,300.5,25,6,20250423-215624
783,kein_Terminated,Zeit abgelaufen,0.33,198,1940,300.5,25,2,20250423-215642
784,kein_Terminated,Zeit abgelaufen,0.45,71,4882,300.5,22,3,20250423-215657
785,kein_Terminated,Zeit abgelaufen,0.3,91,2882,300.5,22,3,20250423-215712
786,kein_Terminated,Zeit abgelaufen,0.47,61,5282,300.5,22,0,20250423-215728
787,kein_Terminated,Zeit abgelaufen,0.4,76,4272,300.5,22,0,20250423-215744
788,kein_Terminated,Zeit abgelaufen,0.51,66,5816,300.5,22,1,20250423-215759
789,kein_Terminated,Zeit abgelaufen,0.45,113,4458,300.5,22,1,20250423-215814
790,kein_Terminated,Zeit abgelaufen,0.35,83,3514,300.5,22,4,20250423-215830
791,kein_Terminated,Zeit abgelaufen,0.37,142,3200,300.5,24,8,20250423-215845
792,kein_Terminated,Zeit abgelaufen,0.53,160,4984,300.5,24,8,20250423-215901
793,kein_Terminated,Zeit abgelaufen,0.27,120,2152,300.5,24,4,20250423-215916
794,kein_Terminated,Zeit abgelaufen,0.27,104,2220,300.5,24,4,20250423-215931
795,kein_Terminated,Zeit abgelaufen,0.37,139,3202,300.5,24,9,20250423-215946
796,kein_Terminated,Zeit abgelaufen,0.41,100,4152,300.5,24,9,20250423-220002
797,kein_Terminated,Zeit abgelaufen,0.42,127,3966,300.5,24,7,20250423-220017
798,kein_Terminated,Zeit abgelaufen,0.46,125,4426,300.5,23,8,20250423-220032
799,kein_Terminated,Zeit abgelaufen,0.41,141,3650,300.5,23,8,20250423-220047
800,kein_Terminated,Zeit abgelaufen,0.3,59,3150,300.5,23,0,20250423-220103
801,kein_Terminated,Zeit abgelaufen,0.39,72,4214,300.5,23,0,20250423-220118
802,kein_Terminated,Zeit abgelaufen,0.5,71,5542,300.5,23,6,20250423-220133
803,kein_Terminated,Zeit abgelaufen,0.52,105,5446,300.5,23,6,20250423-220149
804,kein_Terminated,Zeit abgelaufen,0.54,59,6150,300.5,23,6,20250423-220205
805,kein_Terminated,Zeit abgelaufen,0.43,92,4460,300.5,23,9,20250423-220220
806,kein_Terminated,Zeit abgelaufen,0.39,150,3372,300.5,23,9,20250423-220235
807,kein_Terminated,Zeit abgelaufen,0.35,163,2670,300.5,23,0,20250423-220251
808,kein_Terminated,Zeit abgelaufen,0.48,109,4842,300.5,23,0,20250423-220306
809,kein_Terminated,Zeit abgelaufen,0.17,154,576,300.5,23,3,20250423-220320
810,kein_Terminated,Zeit abgelaufen,0.26,164,1592,300.5,23,3,20250423-220335
811,kein_Terminated,Zeit abgelaufen,0.35,73,3566,300.5,23,1,20250423-220350
812,kein_Terminated,Zeit abgelaufen,0.51,78,5600,300.5,22,6,20250423-220406
813,kein_Terminated,Zeit abgelaufen,0.31,59,3262,300.5,22,6,20250423-220421
814,kein_Terminated,Zeit abgelaufen,0.34,64,3592,300.5,22,5,20250423-220437
815,kein_Terminated,Zeit abgelaufen,0.37,68,4000,300.5,22,5,20250423-220453
816,kein_Terminated,Zeit abgelaufen,0.46,91,4926,300.5,22,7,20250423-220508
817,kein_Terminated,Zeit abgelaufen,0.39,83,4070,300.5,22,7,20250423-220524
818,kein_Terminated,Zeit abgelaufen,0.36,69,3870,300.5,22,2,20250423-220539
819,kein_Terminated,Zeit abgelaufen,0.28,120,2096,300.5,25,1,20250423-220557
820,kein_Terminated,Zeit abgelaufen,0.46,152,3980,300.5,25,1,20250423-220614
821,kein_Terminated,Zeit abgelaufen,0.33,131,2626,300.5,25,1,20250423-220632
822,kein_Terminated,Zeit abgelaufen,0.43,125,3866,300.5,25,1,20250423-220649
823,kein_Terminated,Zeit abgelaufen,0.37,167,2770,300.5,25,8,20250423-220706
824,kein_Terminated,Zeit abgelaufen,0.27,136,1876,300.5,25,8,20250423-220724
825,kein_Terminated,Zeit abgelaufen,0.29,103,2350,300.5,25,9,20250423-220741
826,kein_Terminated,Zeit abgelaufen,0.46,177,3958,300.5,23,7,20250423-220756
827,kein_Terminated,Zeit abgelaufen,0.49,72,5432,300.5,23,7,20250423-220812
828,kein_Terminated,Zeit abgelaufen,0.48,66,5272,300.5,23,0,20250423-220827
829,kein_Terminated,Zeit abgelaufen,0.47,82,4988,300.5,23,0,20250423-220843
830,kein_Terminated,Zeit abgelaufen,0.45,132,4228,300.5,23,7,20250423-220858
10,kein_Terminated,Zeit abgelaufen,0.51,184,4500,300.5,23,1,20250423-220923
831,kein_Terminated,Zeit abgelaufen,0.2,158,888,300.5,23,7,20250423-220929
832,kein_Terminated,Zeit abgelaufen,0.41,68,4384,300.5,23,4,20250423-220944
833,kein_Terminated,Zeit abgelaufen,0.5,90,5348,300.5,23,6,20250423-220959
834,kein_Terminated,Zeit abgelaufen,0.53,95,5658,300.5,23,6,20250423-221015
835,kein_Terminated,Zeit abgelaufen,0.21,188,672,300.5,23,6,20250423-221030
836,kein_Terminated,Zeit abgelaufen,0.54,82,5988,300.5,23,6,20250423-221045
837,kein_Terminated,Zeit abgelaufen,0.24,112,1880,300.5,23,3,20250423-221101
838,kein_Terminated,Zeit abgelaufen,0.27,113,2134,300.5,23,3,20250423-221115
839,kein_Terminated,Zeit abgelaufen,0.33,76,3376,300.5,23,6,20250423-221131
840,kein_Terminated,Zeit abgelaufen,0.45,110,4272,300.5,25,1,20250423-221148
841,kein_Terminated,Zeit abgelaufen,0.3,138,2224,300.5,25,1,20250423-221206
842,kein_Terminated,Zeit abgelaufen,0.4,106,3720,300.5,25,2,20250423-221223
843,kein_Terminated,Zeit abgelaufen,0.48,162,4120,300.5,25,2,20250423-221240
844,kein_Terminated,Zeit abgelaufen,0.06,364,-2980,300.5,25,4,20250423-221257
845,kein_Terminated,Zeit abgelaufen,0.13,329,-1822,300.5,25,4,20250423-221314
846,kein_Terminated,Zeit abgelaufen,0.47,157,4042,300.5,25,0,20250423-221331
847,kein_Terminated,Zeit abgelaufen,0.26,73,2478,300.5,24,4,20250423-221346
848,kein_Terminated,Zeit abgelaufen,0.28,68,2776,300.5,24,4,20250423-221402
849,kein_Terminated,Zeit abgelaufen,0.44,120,4304,300.5,24,7,20250423-221417
850,kein_Terminated,Zeit abgelaufen,0.45,68,4924,300.5,24,7,20250423-221432
851,kein_Terminated,Zeit abgelaufen,0.44,89,4538,300.5,24,7,20250423-221448
852,kein_Terminated,Zeit abgelaufen,0.43,82,4556,300.5,24,7,20250423-221503
853,kein_Terminated,Zeit abgelaufen,0.39,131,3574,300.5,24,8,20250423-221518
854,kein_Terminated,Zeit abgelaufen,0.43,141,3998,300.5,23,9,20250423-221535
855,kein_Terminated,Zeit abgelaufen,0.33,89,3202,300.5,23,9,20250423-221549
856,kein_Terminated,Zeit abgelaufen,0.43,86,4556,300.5,23,4,20250423-221605
857,kein_Terminated,Zeit abgelaufen,0.46,99,4742,300.5,23,4,20250423-221619
858,kein_Terminated,Zeit abgelaufen,0.3,34,3404,300.5,23,1,20250423-221635
859,kein_Terminated,Zeit abgelaufen,0.43,61,4722,300.5,23,1,20250423-221651
860,kein_Terminated,Zeit abgelaufen,0.43,92,4412,300.5,23,7,20250423-221706
861,kein_Terminated,Zeit abgelaufen,0.39,81,3962,300.5,24,7,20250423-221721
862,kein_Terminated,Zeit abgelaufen,0.38,101,3710,300.5,24,7,20250423-221737
863,kein_Terminated,Zeit abgelaufen,0.49,104,5060,300.5,24,7,20250423-221752
864,kein_Terminated,Zeit abgelaufen,0.45,59,5042,300.5,24,7,20250423-221807
865,kein_Terminated,Zeit abgelaufen,0.5,121,4950,300.5,24,1,20250423-221823
866,kein_Terminated,Zeit abgelaufen,0.34,104,3144,300.5,24,1,20250423-221838
867,kein_Terminated,Zeit abgelaufen,0.3,98,2696,300.5,24,2,20250423-221854
868,kein_Terminated,Zeit abgelaufen,0.32,89,3034,300.5,24,1,20250423-221909
869,kein_Terminated,Zeit abgelaufen,0.4,93,3986,300.5,24,1,20250423-221925
870,kein_Terminated,Zeit abgelaufen,0.46,97,4726,300.5,24,7,20250423-221940
871,kein_Terminated,Zeit abgelaufen,0.5,136,4820,300.5,24,7,20250423-221956
872,kein_Terminated,Zeit abgelaufen,0.54,138,5284,300.5,24,8,20250423-222012
873,kein_Terminated,Zeit abgelaufen,0.38,100,3648,300.5,24,8,20250423-222027
874,kein_Terminated,Zeit abgelaufen,0.47,101,4806,300.5,24,9,20250423-222042
875,kein_Terminated,Zeit abgelaufen,0.35,65,3710,300.5,22,3,20250423-222058
876,kein_Terminated,Zeit abgelaufen,0.38,74,3996,300.5,22,3,20250423-222114
877,kein_Terminated,Zeit abgelaufen,0.5,54,5784,300.5,22,0,20250423-222129
878,kein_Terminated,Zeit abgelaufen,0.39,53,4354,300.5,22,0,20250423-222145
879,kein_Terminated,Zeit abgelaufen,0.58,109,6218,300.5,22,7,20250423-222201
880,kein_Terminated,Zeit abgelaufen,0.51,59,5782,300.5,22,7,20250423-222216
881,kein_Terminated,Zeit abgelaufen,0.46,85,4942,300.5,22,8,20250423-222231
882,kein_Terminated,Zeit abgelaufen,0.54,53,6270,300.5,22,0,20250423-222247
883,kein_Terminated,Zeit abgelaufen,0.4,43,4594,300.5,22,0,20250423-222303
884,kein_Terminated,Zeit abgelaufen,0.33,62,3540,300.5,22,5,20250423-222318
885,kein_Terminated,Zeit abgelaufen,0.34,87,3370,300.5,22,5,20250423-222334
886,kein_Terminated,Zeit abgelaufen,0.38,66,4128,300.5,22,5,20250423-222350
887,kein_Terminated,Zeit abgelaufen,0.34,78,3412,300.5,22,5,20250423-222405
888,kein_Terminated,Zeit abgelaufen,0.44,37,5142,300.5,22,5,20250423-222421
889,kein_Terminated,Zeit abgelaufen,0.51,105,5334,300.5,23,6,20250423-222436
890,kein_Terminated,Zeit abgelaufen,0.38,146,3200,300.5,23,6,20250423-222451
891,kein_Terminated,Zeit abgelaufen,0.47,128,4548,300.5,23,7,20250423-222506
892,kein_Terminated,Zeit abgelaufen,0.45,132,4284,300.5,23,7,20250423-222521
893,kein_Terminated,Zeit abgelaufen,0.28,137,2026,300.5,23,3,20250423-222536
894,kein_Terminated,Zeit abgelaufen,0.2,121,1270,300.5,23,3,20250423-222551
895,kein_Terminated,Zeit abgelaufen,0.42,113,4154,300.5,23,1,20250423-222607
896,kein_Terminated,Zeit abgelaufen,0.36,102,3384,300.5,24,1,20250423-222622
897,kein_Terminated,Zeit abgelaufen,0.33,75,3366,300.5,24,1,20250423-222637
898,kein_Terminated,Zeit abgelaufen,0.28,150,1984,300.5,24,6,20250423-222652
899,kein_Terminated,Zeit abgelaufen,0.45,153,4010,300.5,24,6,20250423-222708
900,kein_Terminated,Zeit abgelaufen,0.38,149,3186,300.5,24,9,20250423-222723
901,kein_Terminated,Zeit abgelaufen,0.44,90,4524,300.5,24,9,20250423-222739
902,kein_Terminated,Zeit abgelaufen,0.27,90,2420,300.5,24,2,20250423-222754
903,kein_Terminated,Zeit abgelaufen,0.36,105,3382,300.5,24,1,20250423-222810
904,kein_Terminated,Zeit abgelaufen,0.42,76,4388,300.5,24,1,20250423-222825
905,kein_Terminated,Zeit abgelaufen,0.42,133,3894,300.5,24,2,20250423-222841
906,kein_Terminated,Zeit abgelaufen,0.28,95,2462,300.5,24,2,20250423-222856
907,kein_Terminated,Zeit abgelaufen,0.46,72,5048,300.5,24,7,20250423-222911
908,kein_Terminated,Zeit abgelaufen,0.34,221,1954,300.5,24,7,20250423-222926
909,kein_Terminated,Zeit abgelaufen,0.44,114,4264,300.5,24,0,20250423-222942
910,kein_Terminated,Zeit abgelaufen,0.28,285,462,300.5,25,2,20250423-222959
911,kein_Terminated,Zeit abgelaufen,0.53,175,4590,300.5,25,2,20250423-223016
912,kein_Terminated,Zeit abgelaufen,0.44,87,4422,300.5,25,1,20250423-223034
913,kein_Terminated,Zeit abgelaufen,0.36,48,3808,300.5,25,1,20250423-223051
11,kein_Terminated,Zeit abgelaufen,0.46,256,3224,300.5,23,7,20250423-223117
914,kein_Terminated,Zeit abgelaufen,0.25,222,676,300.5,25,7,20250423-223122
915,kein_Terminated,Zeit abgelaufen,0.35,169,2526,300.5,25,7,20250423-223139
916,kein_Terminated,Zeit abgelaufen,0.06,369,-3030,300.5,25,4,20250423-223157
917,kein_Terminated,Zeit abgelaufen,0.5,100,5272,300.5,24,5,20250423-223212
918,kein_Terminated,Zeit abgelaufen,0.52,71,5786,300.5,24,5,20250423-223227
919,kein_Terminated,Zeit abgelaufen,0.49,101,5022,300.5,24,7,20250423-223243
920,kein_Terminated,Zeit abgelaufen,0.39,136,3468,300.5,24,7,20250423-223258
921,kein_Terminated,Zeit abgelaufen,0.41,133,3786,300.5,24,6,20250423-223314
922,kein_Terminated,Zeit abgelaufen,0.38,91,3870,300.5,24,6,20250423-223330
923,kein_Terminated,Zeit abgelaufen,0.43,98,4380,300.5,24,6,20250423-223345
924,kein_Terminated,Zeit abgelaufen,0.21,61,1938,300.5,24,3,20250423-223400
925,kein_Terminated,Zeit abgelaufen,0.25,56,2548,300.5,24,3,20250423-223415
926,kein_Terminated,Zeit abgelaufen,0.59,104,6308,300.5,24,5,20250423-223431
927,kein_Terminated,Zeit abgelaufen,0.4,124,3720,300.5,24,5,20250423-223446
928,kein_Terminated,Zeit abgelaufen,0.27,93,2354,300.5,24,3,20250423-223501
929,kein_Terminated,Zeit abgelaufen,0.27,105,2206,300.5,24,3,20250423-223517
930,kein_Terminated,Zeit abgelaufen,0.26,102,2148,300.5,24,5,20250423-223532
931,kein_Terminated,Zeit abgelaufen,0.29,81,2742,300.5,22,6,20250423-223547
932,kein_Terminated,Zeit abgelaufen,0.46,53,5270,300.5,22,6,20250423-223603
933,kein_Terminated,Zeit abgelaufen,0.59,23,7166,300.5,22,2,20250423-223619
934,kein_Terminated,Zeit abgelaufen,0.5,34,5952,300.5,22,2,20250423-223634
935,kein_Terminated,Zeit abgelaufen,0.5,34,6000,300.5,22,2,20250423-223649
936,kein_Terminated,Zeit abgelaufen,0.58,54,6848,300.5,22,2,20250423-223705
937,kein_Terminated,Zeit abgelaufen,0.48,37,5718,300.5,22,3,20250423-223720
938,kein_Terminated,Zeit abgelaufen,0.36,71,3810,300.5,22,6,20250423-223735
939,kein_Terminated,Zeit abgelaufen,0.37,71,3874,300.5,22,6,20250423-223751
940,kein_Terminated,Zeit abgelaufen,0.5,47,5762,300.5,22,0,20250423-223807
941,kein_Terminated,Zeit abgelaufen,0.27,51,2854,300.5,22,0,20250423-223822
942,kein_Terminated,Zeit abgelaufen,0.35,60,3796,300.5,22,5,20250423-223837
943,kein_Terminated,Zeit abgelaufen,0.38,76,3972,300.5,22,5,20250423-223853
944,kein_Terminated,Zeit abgelaufen,0.41,62,4580,300.5,22,8,20250423-223908
945,kein_Terminated,Zeit abgelaufen,0.53,23,6406,300.5,22,7,20250423-223923
946,kein_Terminated,Zeit abgelaufen,0.38,64,4128,300.5,22,7,20250423-223939
947,kein_Terminated,Zeit abgelaufen,0.38,58,4168,300.5,22,4,20250423-223954
948,kein_Terminated,Zeit abgelaufen,0.36,46,4084,300.5,22,4,20250423-224010
949,kein_Terminated,Zeit abgelaufen,0.51,46,6000,300.5,22,5,20250423-224025
950,kein_Terminated,Zeit abgelaufen,0.43,58,4820,300.5,22,5,20250423-224041
951,kein_Terminated,Zeit abgelaufen,0.47,122,4700,300.5,22,9,20250423-224056
952,kein_Terminated,Zeit abgelaufen,0.41,48,4576,300.5,24,6,20250423-224111
953,kein_Terminated,Zeit abgelaufen,0.6,96,6520,300.5,24,6,20250423-224127
954,kein_Terminated,Zeit abgelaufen,0.27,113,2194,300.5,24,4,20250423-224142
955,kein_Terminated,Zeit abgelaufen,0.27,150,1816,300.5,24,4,20250423-224158
956,kein_Terminated,Zeit abgelaufen,0.4,101,3958,300.5,24,8,20250423-224214
957,kein_Terminated,Zeit abgelaufen,0.42,115,4106,300.5,24,8,20250423-224229
958,kein_Terminated,Zeit abgelaufen,0.24,64,2348,300.5,24,4,20250423-224244
959,kein_Terminated,Zeit abgelaufen,0.46,112,4620,300.5,24,7,20250423-224300
960,kein_Terminated,Zeit abgelaufen,0.39,134,3492,300.5,24,7,20250423-224315
961,kein_Terminated,Zeit abgelaufen,0.47,170,4120,300.5,24,6,20250423-224331
962,kein_Terminated,Zeit abgelaufen,0.44,157,3862,300.5,24,6,20250423-224346
963,kein_Terminated,Zeit abgelaufen,0.29,84,2780,300.5,24,2,20250423-224402
964,kein_Terminated,Zeit abgelaufen,0.43,86,4528,300.5,24,2,20250423-224417
965,kein_Terminated,Zeit abgelaufen,0.5,116,5120,300.5,24,8,20250423-224433
966,kein_Terminated,Zeit abgelaufen,0.42,164,3516,300.5,24,8,20250423-224448
967,kein_Terminated,Zeit abgelaufen,0.39,70,4124,300.5,24,8,20250423-224505
968,kein_Terminated,Zeit abgelaufen,0.26,116,2096,300.5,24,3,20250423-224520
969,kein_Terminated,Zeit abgelaufen,0.21,51,1986,300.5,24,3,20250423-224535
970,kein_Terminated,Zeit abgelaufen,0.55,116,5712,300.5,24,5,20250423-224551
971,kein_Terminated,Zeit abgelaufen,0.46,119,4554,300.5,24,5,20250423-224606
972,kein_Terminated,Zeit abgelaufen,0.29,53,3050,300.5,24,0,20250423-224621
973,kein_Terminated,Zeit abgelaufen,0.28,213,1238,300.5,25,7,20250423-224638
974,kein_Terminated,Zeit abgelaufen,0.26,134,1744,300.5,25,7,20250423-224655
975,kein_Terminated,Zeit abgelaufen,0.26,133,1758,300.5,25,8,20250423-224713
976,kein_Terminated,Zeit abgelaufen,0.22,178,816,300.5,25,8,20250423-224730
977,kein_Terminated,Zeit abgelaufen,0.31,239,1330,300.5,25,5,20250423-224747
978,kein_Terminated,Zeit abgelaufen,0.21,110,1352,300.5,25,5,20250423-224804
979,kein_Terminated,Zeit abgelaufen,0.4,124,3504,300.5,25,0,20250423-224822
980,kein_Terminated,Zeit abgelaufen,0.44,106,4376,300.5,23,0,20250423-224838
981,kein_Terminated,Zeit abgelaufen,0.28,64,2800,300.5,23,0,20250423-224853
982,kein_Terminated,Zeit abgelaufen,0.44,105,4502,300.5,23,9,20250423-224908
983,kein_Terminated,Zeit abgelaufen,0.46,165,4018,300.5,23,9,20250423-224923
984,kein_Terminated,Zeit abgelaufen,0.47,103,4866,300.5,23,1,20250423-224939
985,kein_Terminated,Zeit abgelaufen,0.35,24,4044,300.5,23,1,20250423-224954
986,kein_Terminated,Zeit abgelaufen,0.36,56,3880,300.5,23,1,20250423-225009
987,kein_Terminated,Zeit abgelaufen,0.37,84,3780,300.5,23,8,20250423-225025
988,kein_Terminated,Zeit abgelaufen,0.48,103,4950,300.5,23,8,20250423-225041
989,kein_Terminated,Zeit abgelaufen,0.44,93,4506,300.5,23,5,20250423-225055
990,kein_Terminated,Zeit abgelaufen,0.48,103,4982,300.5,23,5,20250423-225111
991,kein_Terminated,Zeit abgelaufen,0.36,75,3706,300.5,23,1,20250423-225126
992,kein_Terminated,Zeit abgelaufen,0.37,72,3808,300.5,23,1,20250423-225141
993,kein_Terminated,Zeit abgelaufen,0.37,113,3514,300.5,23,4,20250423-225156
994,kein_Terminated,Zeit abgelaufen,0.49,65,5466,300.5,22,2,20250423-225212
995,kein_Terminated,Zeit abgelaufen,0.54,60,6180,300.5,22,2,20250423-225227
996,kein_Terminated,Zeit abgelaufen,0.4,45,4518,300.5,22,1,20250423-225243
12,kein_Terminated,Zeit abgelaufen,0.38,135,3378,300.5,23,4,20250423-225310
997,kein_Terminated,Zeit abgelaufen,0.38,51,4294,300.5,22,1,20250423-225315
998,kein_Terminated,Zeit abgelaufen,0.47,69,5198,300.5,22,8,20250423-225330
999,kein_Terminated,Zeit abgelaufen,0.41,100,4136,300.5,22,8,20250423-225345
1000,kein_Terminated,Zeit abgelaufen,0.48,36,5704,300.5,22,2,20250423-225400
1001,kein_Terminated,Zeit abgelaufen,0.48,93,5042,300.5,24,8,20250423-225416
1002,kein_Terminated,Zeit abgelaufen,0.3,200,1732,300.5,24,8,20250423-225432
1003,kein_Terminated,Zeit abgelaufen,0.25,60,2444,300.5,24,2,20250423-225447
1004,kein_Terminated,Zeit abgelaufen,0.29,67,2862,300.5,24,2,20250423-225503
1005,kein_Terminated,Zeit abgelaufen,0.25,50,2620,300.5,24,4,20250423-225518
1006,kein_Terminated,Zeit abgelaufen,0.21,28,2248,300.5,24,4,20250423-225533
1007,kein_Terminated,Zeit abgelaufen,0.27,100,2368,300.5,24,4,20250423-225549
1008,kein_Terminated,Zeit abgelaufen,0.32,75,3054,300.5,25,3,20250423-225606
1009,kein_Terminated,Zeit abgelaufen,0.49,172,4092,300.5,25,3,20250423-225623
1010,kein_Terminated,Zeit abgelaufen,0.2,162,764,300.5,25,6,20250423-225640
1011,kein_Terminated,Zeit abgelaufen,0.3,176,1740,300.5,25,6,20250423-225658
1012,kein_Terminated,Zeit abgelaufen,0.36,187,2466,300.5,25,6,20250423-225715
1013,kein_Terminated,Zeit abgelaufen,0.35,191,2214,300.5,25,6,20250423-225732
1014,kein_Terminated,Zeit abgelaufen,0.3,141,2126,300.5,25,0,20250423-225750
1015,kein_Terminated,Zeit abgelaufen,0.21,115,1430,300.5,24,6,20250423-225805
1016,kein_Terminated,Zeit abgelaufen,0.26,101,2230,300.5,24,6,20250423-225820
1017,kein_Terminated,Zeit abgelaufen,0.36,111,3350,300.5,24,8,20250423-225835
1018,kein_Terminated,Zeit abgelaufen,0.39,169,3086,300.5,24,8,20250423-225851
1019,kein_Terminated,Zeit abgelaufen,0.37,55,3978,300.5,24,1,20250423-225906
1020,kein_Terminated,Zeit abgelaufen,0.45,96,4624,300.5,24,1,20250423-225921
1021,kein_Terminated,Zeit abgelaufen,0.47,81,5078,300.5,24,9,20250423-225937
1022,kein_Terminated,Zeit abgelaufen,0.33,170,2196,300.5,25,3,20250423-225955
1023,kein_Terminated,Zeit abgelaufen,0.32,109,2730,300.5,25,3,20250423-230012
1024,kein_Terminated,Zeit abgelaufen,0.39,155,3078,300.5,25,2,20250423-230029
1025,kein_Terminated,Zeit abgelaufen,0.46,106,4484,300.5,25,2,20250423-230047
1026,kein_Terminated,Zeit abgelaufen,0.39,114,3536,300.5,25,2,20250423-230104
1027,kein_Terminated,Zeit abgelaufen,0.45,136,4052,300.5,25,2,20250423-230121
1028,kein_Terminated,Zeit abgelaufen,0.06,425,-3578,300.5,25,4,20250423-230138
1029,kein_Terminated,Zeit abgelaufen,0.51,57,5806,300.5,22,4,20250423-230154
1030,kein_Terminated,Zeit abgelaufen,0.33,54,3604,300.5,22,4,20250423-230209
1031,kein_Terminated,Zeit abgelaufen,0.51,82,5552,300.5,22,3,20250423-230225
1032,kein_Terminated,Zeit abgelaufen,0.36,32,4176,300.5,22,3,20250423-230240
1033,kein_Terminated,Zeit abgelaufen,0.33,37,3754,300.5,22,1,20250423-230255
1034,kein_Terminated,Zeit abgelaufen,0.56,73,6306,300.5,22,1,20250423-230310
1035,kein_Terminated,Zeit abgelaufen,0.34,56,3628,300.5,22,5,20250423-230326
1036,kein_Terminated,Zeit abgelaufen,0.29,43,3198,300.5,23,2,20250423-230341
1037,kein_Terminated,Zeit abgelaufen,0.26,98,2260,300.5,23,2,20250423-230356
1038,kein_Terminated,Zeit abgelaufen,0.48,56,5472,300.5,23,1,20250423-230412
1039,kein_Terminated,Zeit abgelaufen,0.43,92,4428,300.5,23,1,20250423-230427
1040,kein_Terminated,Zeit abgelaufen,0.38,91,3746,300.5,23,7,20250423-230442
1041,kein_Terminated,Zeit abgelaufen,0.4,122,3804,300.5,23,7,20250423-230457
1042,kein_Terminated,Zeit abgelaufen,0.39,147,3406,300.5,23,7,20250423-230513
1043,kein_Terminated,Zeit abgelaufen,0.43,94,4172,300.5,25,3,20250423-230531
1044,kein_Terminated,Zeit abgelaufen,0.38,177,2726,300.5,25,3,20250423-230548
1045,kein_Terminated,Zeit abgelaufen,0.27,109,2090,300.5,25,8,20250423-230606
1046,kein_Terminated,Zeit abgelaufen,0.34,134,2708,300.5,25,8,20250423-230623
1047,kein_Terminated,Zeit abgelaufen,0.45,143,3970,300.5,25,9,20250423-230640
1048,kein_Terminated,Zeit abgelaufen,0.32,81,2946,300.5,25,9,20250423-230658
1049,kein_Terminated,Zeit abgelaufen,0.4,110,3744,300.5,25,2,20250423-230715
1050,kein_Terminated,Zeit abgelaufen,0.45,102,4376,300.5,25,1,20250423-230732
1051,kein_Terminated,Zeit abgelaufen,0.4,120,3568,300.5,25,1,20250423-230749
1052,kein_Terminated,Zeit abgelaufen,0.48,133,4454,300.5,25,0,20250423-230807
1053,kein_Terminated,Zeit abgelaufen,0.39,102,3688,300.5,25,0,20250423-230824
1054,kein_Terminated,Zeit abgelaufen,0.19,334,-1136,300.5,25,4,20250423-230841
1055,kein_Terminated,Zeit abgelaufen,0.19,267,-422,300.5,25,4,20250423-230859
1056,kein_Terminated,Zeit abgelaufen,0.34,149,2498,300.5,25,1,20250423-230916
1057,kein_Terminated,Zeit abgelaufen,0.24,304,-192,300.5,25,6,20250423-230933
1058,kein_Terminated,Zeit abgelaufen,0.21,144,1000,300.5,25,6,20250423-230950
1059,kein_Terminated,Zeit abgelaufen,0.21,307,-574,300.5,25,6,20250423-231008
1060,kein_Terminated,Zeit abgelaufen,0.21,340,-952,300.5,25,6,20250423-231024
1061,kein_Terminated,Zeit abgelaufen,0.28,116,2172,300.5,25,8,20250423-231041
1062,kein_Terminated,Zeit abgelaufen,0.25,133,1666,300.5,25,8,20250423-231059
1063,kein_Terminated,Zeit abgelaufen,0.31,160,2068,300.5,25,7,20250423-231116
1064,kein_Terminated,Zeit abgelaufen,0.13,358,-2136,300.5,25,4,20250423-231133
1065,kein_Terminated,Zeit abgelaufen,0.06,386,-3184,300.5,25,4,20250423-231150
1066,kein_Terminated,Zeit abgelaufen,0.28,204,1284,300.5,25,6,20250423-231207
1067,kein_Terminated,Zeit abgelaufen,0.15,355,-1874,300.5,25,6,20250423-231224
1068,kein_Terminated,Zeit abgelaufen,0.14,381,-2218,300.5,25,4,20250423-231241
1069,kein_Terminated,Zeit abgelaufen,0.32,211,1706,300.5,25,4,20250423-231258
1070,kein_Terminated,Zeit abgelaufen,0.29,145,2030,300.5,25,9,20250423-231316
1071,kein_Terminated,Zeit abgelaufen,0.43,144,3732,300.5,25,1,20250423-231333
1072,kein_Terminated,Zeit abgelaufen,0.41,69,4206,300.5,25,1,20250423-231351
1073,kein_Terminated,Zeit abgelaufen,0.35,116,2952,300.5,25,9,20250423-231408
1074,kein_Terminated,Zeit abgelaufen,0.3,114,2376,300.5,25,9,20250423-231425
1075,kein_Terminated,Zeit abgelaufen,0.24,252,300,300.5,25,6,20250423-231442
1076,kein_Terminated,Zeit abgelaufen,0.24,198,892,300.5,25,6,20250423-231459
1077,kein_Terminated,Zeit abgelaufen,0.58,149,5530,300.5,25,2,20250423-231516
1078,kein_Terminated,Zeit abgelaufen,0.44,140,4112,300.5,24,6,20250423-231532
1079,kein_Terminated,Zeit abgelaufen,0.59,93,6458,300.5,24,6,20250423-231548
13,kein_Terminated,Zeit abgelaufen,0.51,207,4330,300.5,23,6,20250423-231614
1080,kein_Terminated,Zeit abgelaufen,0.38,89,3854,300.5,24,0,20250423-231618
1081,kein_Terminated,Zeit abgelaufen,0.39,85,3918,300.5,24,0,20250423-231633

Trainingszeit (Stunden)
4.81
