DEFAULT_REWARD_AND_ACTION_CHANGE_FREQ,DEFAULT_EPISODE_LEN_SEC,DEFAULT_REWARD_FOR_NEW_FIELD,DEFAULT_Punishment_for_Step,DEFAULT_EVAL_FREQ,DEFAULT_EVAL_EPISODES,DEFAULT_TRAIN_TIMESTEPS,DEFAULT_TARGET_REWARD,DEFAULT_NUMBER_LAST_ACTIONS,DEFAULT_PYB_FREQ,DEFAULT_CTRL_FREQ,DEFAULT_Multiplier_Collision_Penalty,DEFAULT_VelocityScale,DEFAULT_explore_Matrix_Size,DEFAULT_collision_penalty_terminated,DEFAULT_Terminated_Wall_Distance,DEFAULT_no_collision_reward,DEFAULT_Punishment_for_Walls,DEFAULT_Influence_of_Walls,DEFAULT_USE_PRETRAINED_MODEL,DEFAULT_PRETRAINED_MODEL_PATH,DEFAULT_List_MazesToUse,DEFAULT_List_Start_PositionsToUse,DEFAULT_MaxRoundsOnOneMaze,DEFAULT_MaxRoundsSameStartingPositions,DEFAULT_USE_SAVED_HYPERPARAMETER_SET,HyperparameterSetIDtoLoad,DEFAULT_UseOrderedMazeAndStartingPositionInsteadOfRandom,DEFAULT_NumberOfRunsOnEachStartingPosition
2,300,4,0,50000,1,750000,99999,100,100,50,2,0.5,5,-20,0.35,0,8,3,False,,"(27, 28, 29, 30, 31)","(0, 1, 2, 3, 4, 5, 6, 7, 8, 9)",6,2,True,SET_20250425-231500,False,3

Runde,Terminated,Truncated,Map-Abgedeckt,"Wand ber√ºhrungen(Raycast<=0,1)",Summe Reward,Flugzeit der Runde,Maze_number,Start-Position,Uhrzeit Welt
1,kein_Terminated,Zeit abgelaufen,0.15,370,-8384,300.5,29,6,20250425-233431
2,kein_Terminated,Zeit abgelaufen,0.13,536,-9816,300.5,29,2,20250425-233500
3,kein_Terminated,Zeit abgelaufen,0.14,494,-9696,300.5,29,2,20250425-233529
4,kein_Terminated,Zeit abgelaufen,0.27,414,-7752,300.5,29,3,20250425-233556
5,kein_Terminated,Zeit abgelaufen,0.21,331,-8860,300.5,29,6,20250425-233624
6,kein_Terminated,Zeit abgelaufen,0.37,128,-2064,300.5,29,0,20250425-233651
7,kein_Terminated,Zeit abgelaufen,0.32,89,-76,300.5,29,3,20250425-233719
8,kein_Terminated,Zeit abgelaufen,0.28,161,-2632,300.5,29,6,20250425-233747
9,kein_Terminated,Zeit abgelaufen,0.2,42,-168,300.5,29,5,20250425-233815
10,kein_Terminated,Zeit abgelaufen,0.12,13,-3140,300.5,29,8,20250425-233843
11,kein_Terminated,Zeit abgelaufen,0.2,15,-544,300.5,29,6,20250425-233911
12,kein_Terminated,Zeit abgelaufen,0.2,0,1644,300.5,29,6,20250425-233938
13,kein_Terminated,Zeit abgelaufen,0.22,46,-3088,300.5,29,9,20250425-234006
14,kein_Terminated,Zeit abgelaufen,0.33,0,1788,300.5,29,5,20250425-234034
15,kein_Terminated,Zeit abgelaufen,0.25,50,-1404,300.5,29,0,20250425-234102
16,kein_Terminated,Zeit abgelaufen,0.35,11,788,300.5,29,5,20250425-234129
17,kein_Terminated,Zeit abgelaufen,0.58,79,1736,300.5,29,4,20250425-234157
18,kein_Terminated,Zeit abgelaufen,0.36,9,1884,300.5,29,4,20250425-234225
19,kein_Terminated,Zeit abgelaufen,0.21,0,1916,300.5,29,0,20250425-234253
20,kein_Terminated,Zeit abgelaufen,0.22,0,2280,300.5,29,8,20250425-234320
21,kein_Terminated,Zeit abgelaufen,0.3,0,2512,300.5,29,6,20250425-234348
22,kein_Terminated,Zeit abgelaufen,0.14,0,1184,300.5,29,8,20250425-234416
23,kein_Terminated,Zeit abgelaufen,0.23,1,1316,300.5,29,7,20250425-234445
24,kein_Terminated,Zeit abgelaufen,0.2,0,1696,300.5,29,9,20250425-234513
25,kein_Terminated,Zeit abgelaufen,0.29,0,2504,300.5,29,5,20250425-234540
26,kein_Terminated,Zeit abgelaufen,0.17,0,1864,300.5,29,9,20250425-234608
27,kein_Terminated,Zeit abgelaufen,0.37,2,2672,300.5,29,3,20250425-234636
28,kein_Terminated,Zeit abgelaufen,0.23,0,1800,300.5,29,0,20250425-234704
29,kein_Terminated,Zeit abgelaufen,0.27,0,1900,300.5,29,5,20250425-234731
30,kein_Terminated,Zeit abgelaufen,0.24,2,1780,300.5,29,0,20250425-234759
31,kein_Terminated,Zeit abgelaufen,0.27,0,1820,300.5,29,6,20250425-234827
32,kein_Terminated,Zeit abgelaufen,0.2,0,1580,300.5,29,7,20250425-234855
33,kein_Terminated,Zeit abgelaufen,0.28,7,1604,300.5,29,1,20250425-234923
34,kein_Terminated,Zeit abgelaufen,0.32,0,3192,300.5,29,2,20250425-234950
35,kein_Terminated,Zeit abgelaufen,0.19,0,1512,300.5,29,8,20250425-235018
36,kein_Terminated,Zeit abgelaufen,0.19,0,1884,300.5,29,8,20250425-235046
37,kein_Terminated,Zeit abgelaufen,0.3,0,2764,300.5,29,2,20250425-235114
38,kein_Terminated,Zeit abgelaufen,0.27,0,2484,300.5,29,5,20250425-235142
39,kein_Terminated,Zeit abgelaufen,0.27,0,2700,300.5,29,5,20250425-235210
40,kein_Terminated,Zeit abgelaufen,0.3,0,2884,300.5,29,2,20250425-235238
41,kein_Terminated,Zeit abgelaufen,0.3,0,2840,300.5,29,2,20250425-235306
42,kein_Terminated,Zeit abgelaufen,0.28,1,2344,300.5,29,1,20250425-235334
43,kein_Terminated,Zeit abgelaufen,0.32,0,2848,300.5,29,2,20250425-235403
44,kein_Terminated,Zeit abgelaufen,0.29,1,2488,300.5,29,1,20250425-235431
45,kein_Terminated,Zeit abgelaufen,0.33,0,2824,300.5,29,5,20250425-235459
46,kein_Terminated,Zeit abgelaufen,0.42,11,2896,300.5,29,2,20250425-235527
47,kein_Terminated,Zeit abgelaufen,0.34,0,2968,300.5,29,2,20250425-235555
48,kein_Terminated,Zeit abgelaufen,0.32,1,2840,300.5,29,6,20250425-235622
49,kein_Terminated,Zeit abgelaufen,0.38,10,2964,300.5,29,2,20250425-235650
50,kein_Terminated,Zeit abgelaufen,0.36,17,2088,300.5,29,4,20250425-235718
51,kein_Terminated,Zeit abgelaufen,0.2,0,2228,300.5,29,8,20250425-235745
52,kein_Terminated,Zeit abgelaufen,0.22,0,2396,300.5,29,8,20250425-235814
53,kein_Terminated,Zeit abgelaufen,0.25,0,2244,300.5,29,0,20250425-235841
54,kein_Terminated,Zeit abgelaufen,0.27,0,2592,300.5,29,0,20250425-235909
55,kein_Terminated,Zeit abgelaufen,0.33,0,2660,300.5,29,2,20250425-235937
56,kein_Terminated,Zeit abgelaufen,0.34,0,2560,300.5,29,3,20250426-000005
57,kein_Terminated,Zeit abgelaufen,0.27,0,2540,300.5,29,9,20250426-000033
58,kein_Terminated,Zeit abgelaufen,0.3,0,3060,300.5,29,5,20250426-000101
59,kein_Terminated,Zeit abgelaufen,0.31,0,2500,300.5,29,3,20250426-000128
60,kein_Terminated,Zeit abgelaufen,0.32,0,3176,300.5,29,7,20250426-000157
61,kein_Terminated,Zeit abgelaufen,0.31,2,2544,300.5,29,1,20250426-000224
62,kein_Terminated,Zeit abgelaufen,0.35,2,3108,300.5,29,2,20250426-000252
63,kein_Terminated,Zeit abgelaufen,0.27,0,1696,300.5,29,0,20250426-000320
64,kein_Terminated,Zeit abgelaufen,0.3,1,2680,300.5,29,2,20250426-000348
65,kein_Terminated,Zeit abgelaufen,0.37,2,3356,300.5,29,4,20250426-000416
66,kein_Terminated,Zeit abgelaufen,0.28,0,3096,300.5,29,5,20250426-000444
67,kein_Terminated,Zeit abgelaufen,0.38,4,2936,300.5,29,4,20250426-000511
68,kein_Terminated,Zeit abgelaufen,0.3,0,2476,300.5,29,5,20250426-000539
69,kein_Terminated,Zeit abgelaufen,0.31,1,2168,300.5,29,6,20250426-000607
70,kein_Terminated,Zeit abgelaufen,0.37,2,3188,300.5,29,3,20250426-000635
71,kein_Terminated,Zeit abgelaufen,0.33,0,2728,300.5,29,3,20250426-000703
72,kein_Terminated,Zeit abgelaufen,0.27,0,2072,300.5,29,9,20250426-000730
73,kein_Terminated,Zeit abgelaufen,0.31,0,3044,300.5,29,0,20250426-000758
74,kein_Terminated,Zeit abgelaufen,0.38,0,3500,300.5,29,4,20250426-000826
75,kein_Terminated,Zeit abgelaufen,0.33,0,2336,300.5,29,7,20250426-000853
76,kein_Terminated,Zeit abgelaufen,0.31,2,2836,300.5,29,3,20250426-000922
77,kein_Terminated,Zeit abgelaufen,0.33,1,2516,300.5,29,6,20250426-000950
78,kein_Terminated,Zeit abgelaufen,0.37,0,3344,300.5,29,2,20250426-001018
79,kein_Terminated,Zeit abgelaufen,0.32,0,2972,300.5,29,2,20250426-001046
80,kein_Terminated,Zeit abgelaufen,0.35,0,3072,300.5,29,5,20250426-001114
81,kein_Terminated,Zeit abgelaufen,0.26,0,856,300.5,29,8,20250426-001142
82,kein_Terminated,Zeit abgelaufen,0.37,0,3584,300.5,29,4,20250426-001209
83,kein_Terminated,Zeit abgelaufen,0.32,0,3244,300.5,29,0,20250426-001237
1,kein_Terminated,Zeit abgelaufen,0.28,0,2728,300.5,29,9,20250426-001305
84,kein_Terminated,Zeit abgelaufen,0.32,7,2532,300.5,29,6,20250426-001328
85,kein_Terminated,Zeit abgelaufen,0.28,0,2624,300.5,29,9,20250426-001356
86,kein_Terminated,Zeit abgelaufen,0.31,0,2120,300.5,29,2,20250426-001424
87,kein_Terminated,Zeit abgelaufen,0.35,3,2856,300.5,29,1,20250426-001452
88,kein_Terminated,Zeit abgelaufen,0.31,0,2784,300.5,29,0,20250426-001519
89,kein_Terminated,Zeit abgelaufen,0.35,5,3272,300.5,29,2,20250426-001548
90,kein_Terminated,Zeit abgelaufen,0.4,0,3868,300.5,29,4,20250426-001616
91,kein_Terminated,Zeit abgelaufen,0.36,0,3344,300.5,29,4,20250426-001643
92,kein_Terminated,Zeit abgelaufen,0.38,2,3604,300.5,29,4,20250426-001711
93,kein_Terminated,Zeit abgelaufen,0.25,0,2444,300.5,29,9,20250426-001739
94,kein_Terminated,Zeit abgelaufen,0.29,0,3136,300.5,29,5,20250426-001807
95,kein_Terminated,Zeit abgelaufen,0.32,0,3148,300.5,29,6,20250426-001835
96,kein_Terminated,Zeit abgelaufen,0.34,0,3168,300.5,29,3,20250426-001903
97,kein_Terminated,Zeit abgelaufen,0.35,0,3044,300.5,29,3,20250426-001931
98,kein_Terminated,Zeit abgelaufen,0.36,1,3044,300.5,29,3,20250426-001959
99,kein_Terminated,Zeit abgelaufen,0.29,0,2960,300.5,29,8,20250426-002027
100,kein_Terminated,Zeit abgelaufen,0.21,0,2312,300.5,29,8,20250426-002056
101,kein_Terminated,Zeit abgelaufen,0.28,0,2788,300.5,29,7,20250426-002124
102,kein_Terminated,Zeit abgelaufen,0.4,13,3124,300.5,29,3,20250426-002152
103,kein_Terminated,Zeit abgelaufen,0.32,0,3124,300.5,29,7,20250426-002220
104,kein_Terminated,Zeit abgelaufen,0.35,1,3448,300.5,29,3,20250426-002248
105,kein_Terminated,Zeit abgelaufen,0.31,1,3056,300.5,29,5,20250426-002316
106,kein_Terminated,Zeit abgelaufen,0.28,0,2952,300.5,29,9,20250426-002344
107,kein_Terminated,Zeit abgelaufen,0.34,16,1800,300.5,29,3,20250426-002413
108,kein_Terminated,Zeit abgelaufen,0.36,5,2944,300.5,29,3,20250426-002440
109,kein_Terminated,Zeit abgelaufen,0.35,0,3244,300.5,29,2,20250426-002508
110,kein_Terminated,Zeit abgelaufen,0.31,4,2196,300.5,29,1,20250426-002536
111,kein_Terminated,Zeit abgelaufen,0.31,0,2904,300.5,29,0,20250426-002604
112,kein_Terminated,Zeit abgelaufen,0.37,8,3084,300.5,29,1,20250426-002632
113,kein_Terminated,Zeit abgelaufen,0.32,0,3352,300.5,29,6,20250426-002700
114,kein_Terminated,Zeit abgelaufen,0.27,0,2860,300.5,29,8,20250426-002729
115,kein_Terminated,Zeit abgelaufen,0.34,0,3000,300.5,29,0,20250426-002757
116,kein_Terminated,Zeit abgelaufen,0.26,0,2564,300.5,29,7,20250426-002825
117,kein_Terminated,Zeit abgelaufen,0.32,0,3468,300.5,29,5,20250426-002853
118,kein_Terminated,Zeit abgelaufen,0.33,1,2716,300.5,29,6,20250426-002922
119,kein_Terminated,Zeit abgelaufen,0.32,0,2980,300.5,29,6,20250426-002949
120,kein_Terminated,Zeit abgelaufen,0.34,0,2916,300.5,29,0,20250426-003018
121,kein_Terminated,Zeit abgelaufen,0.37,0,3364,300.5,29,3,20250426-003046
122,kein_Terminated,Zeit abgelaufen,0.3,0,2884,300.5,29,8,20250426-003114
123,kein_Terminated,Zeit abgelaufen,0.27,0,2716,300.5,29,8,20250426-003142
124,kein_Terminated,Zeit abgelaufen,0.39,7,3224,300.5,29,1,20250426-003210
125,kein_Terminated,Zeit abgelaufen,0.35,8,2604,300.5,29,1,20250426-003238
126,kein_Terminated,Zeit abgelaufen,0.35,4,3296,300.5,29,9,20250426-003306
127,kein_Terminated,Zeit abgelaufen,0.38,0,3108,300.5,29,3,20250426-003334
128,kein_Terminated,Zeit abgelaufen,0.28,0,2704,300.5,29,9,20250426-003402
129,kein_Terminated,Zeit abgelaufen,0.34,0,3004,300.5,29,5,20250426-003430
130,kein_Terminated,Zeit abgelaufen,0.29,0,3128,300.5,29,7,20250426-003458
131,kein_Terminated,Zeit abgelaufen,0.39,0,3040,300.5,29,2,20250426-003526
132,kein_Terminated,Zeit abgelaufen,0.38,0,3132,300.5,29,3,20250426-003554
133,kein_Terminated,Zeit abgelaufen,0.31,0,3256,300.5,29,5,20250426-003623
134,kein_Terminated,Zeit abgelaufen,0.37,5,3136,300.5,29,1,20250426-003651
135,kein_Terminated,Zeit abgelaufen,0.36,0,3036,300.5,29,6,20250426-003719
136,kein_Terminated,Zeit abgelaufen,0.3,0,3020,300.5,29,8,20250426-003747
137,kein_Terminated,Zeit abgelaufen,0.36,0,3276,300.5,29,2,20250426-003816
138,kein_Terminated,Zeit abgelaufen,0.35,23,1872,300.5,29,6,20250426-003844
139,kein_Terminated,Zeit abgelaufen,0.36,0,3128,300.5,29,2,20250426-003912
140,kein_Terminated,Zeit abgelaufen,0.35,0,3144,300.5,29,3,20250426-003940
141,kein_Terminated,Zeit abgelaufen,0.38,0,3376,300.5,29,0,20250426-004008
142,kein_Terminated,Zeit abgelaufen,0.36,2,3136,300.5,29,0,20250426-004036
143,kein_Terminated,Zeit abgelaufen,0.28,0,2808,300.5,29,7,20250426-004104
144,kein_Terminated,Zeit abgelaufen,0.41,6,2648,300.5,29,4,20250426-004133
145,kein_Terminated,Zeit abgelaufen,0.36,3,3212,300.5,29,1,20250426-004201
146,kein_Terminated,Zeit abgelaufen,0.38,0,3332,300.5,29,4,20250426-004229
147,kein_Terminated,Zeit abgelaufen,0.36,0,3108,300.5,29,4,20250426-004256
148,kein_Terminated,Zeit abgelaufen,0.34,2,2856,300.5,29,6,20250426-004324
149,kein_Terminated,Zeit abgelaufen,0.33,0,3252,300.5,29,7,20250426-004352
150,kein_Terminated,Zeit abgelaufen,0.29,0,2704,300.5,29,7,20250426-004421
151,kein_Terminated,Zeit abgelaufen,0.32,0,3160,300.5,29,7,20250426-004449
152,kein_Terminated,Zeit abgelaufen,0.38,6,2444,300.5,29,3,20250426-004517
153,kein_Terminated,Zeit abgelaufen,0.35,0,3440,300.5,29,6,20250426-004545
154,kein_Terminated,Zeit abgelaufen,0.38,2,3464,300.5,29,3,20250426-004613
155,kein_Terminated,Zeit abgelaufen,0.31,0,3116,300.5,29,5,20250426-004641
156,kein_Terminated,Zeit abgelaufen,0.36,0,3100,300.5,29,4,20250426-004709
157,kein_Terminated,Zeit abgelaufen,0.36,1,3292,300.5,29,3,20250426-004737
158,kein_Terminated,Zeit abgelaufen,0.29,0,3004,300.5,29,9,20250426-004805
159,kein_Terminated,Zeit abgelaufen,0.32,0,3232,300.5,29,5,20250426-004833
160,kein_Terminated,Zeit abgelaufen,0.38,6,3384,300.5,29,4,20250426-004901
161,kein_Terminated,Zeit abgelaufen,0.27,0,2884,300.5,29,8,20250426-004929
162,kein_Terminated,Zeit abgelaufen,0.36,5,2548,300.5,29,2,20250426-004958
163,kein_Terminated,Zeit abgelaufen,0.35,1,3108,300.5,29,3,20250426-005025
164,kein_Terminated,Zeit abgelaufen,0.37,1,3148,300.5,29,4,20250426-005053
165,kein_Terminated,Zeit abgelaufen,0.38,0,3348,300.5,29,3,20250426-005122
166,kein_Terminated,Zeit abgelaufen,0.28,0,2936,300.5,29,8,20250426-005150
2,kein_Terminated,Zeit abgelaufen,0.35,24,2396,300.5,29,7,20250426-005219
167,kein_Terminated,Zeit abgelaufen,0.32,0,2864,300.5,29,7,20250426-005240
168,kein_Terminated,Zeit abgelaufen,0.35,1,2972,300.5,29,3,20250426-005308
169,kein_Terminated,Zeit abgelaufen,0.36,0,3124,300.5,29,3,20250426-005337
170,kein_Terminated,Zeit abgelaufen,0.37,0,3224,300.5,29,4,20250426-005405
171,kein_Terminated,Zeit abgelaufen,0.31,0,2848,300.5,29,8,20250426-005432
172,kein_Terminated,Zeit abgelaufen,0.36,11,2588,300.5,29,1,20250426-005500
173,kein_Terminated,Zeit abgelaufen,0.31,0,3204,300.5,29,5,20250426-005529
174,kein_Terminated,Zeit abgelaufen,0.28,0,2796,300.5,29,8,20250426-005557
175,kein_Terminated,Zeit abgelaufen,0.35,0,3052,300.5,29,6,20250426-005625
176,kein_Terminated,Zeit abgelaufen,0.41,4,3660,300.5,29,4,20250426-005653
177,kein_Terminated,Zeit abgelaufen,0.39,0,3364,300.5,29,3,20250426-005721
178,kein_Terminated,Zeit abgelaufen,0.34,0,2916,300.5,29,7,20250426-005750
179,kein_Terminated,Zeit abgelaufen,0.36,0,2836,300.5,29,9,20250426-005818
180,kein_Terminated,Zeit abgelaufen,0.38,3,2560,300.5,29,1,20250426-005845
181,kein_Terminated,Zeit abgelaufen,0.38,1,3368,300.5,29,1,20250426-005913
182,kein_Terminated,Zeit abgelaufen,0.33,2,3012,300.5,29,8,20250426-005941
183,kein_Terminated,Zeit abgelaufen,0.35,0,3360,300.5,29,4,20250426-010009
184,kein_Terminated,Zeit abgelaufen,0.38,0,3468,300.5,29,3,20250426-010037
185,kein_Terminated,Zeit abgelaufen,0.34,0,3272,300.5,29,9,20250426-010106
186,kein_Terminated,Zeit abgelaufen,0.33,0,3020,300.5,29,9,20250426-010134
187,kein_Terminated,Zeit abgelaufen,0.38,0,2696,300.5,29,0,20250426-010202
188,kein_Terminated,Zeit abgelaufen,0.38,0,3660,300.5,29,4,20250426-010230
189,kein_Terminated,Zeit abgelaufen,0.4,2,3316,300.5,29,3,20250426-010258
190,kein_Terminated,Zeit abgelaufen,0.38,0,3712,300.5,29,4,20250426-010326
191,kein_Terminated,Zeit abgelaufen,0.34,0,2484,300.5,29,7,20250426-010354
192,kein_Terminated,Zeit abgelaufen,0.33,4,2708,300.5,29,6,20250426-010422
193,kein_Terminated,Zeit abgelaufen,0.37,0,3440,300.5,29,3,20250426-010451
194,kein_Terminated,Zeit abgelaufen,0.38,4,3624,300.5,29,2,20250426-010519
195,kein_Terminated,Zeit abgelaufen,0.4,0,3336,300.5,29,6,20250426-010547
196,kein_Terminated,Zeit abgelaufen,0.29,0,3000,300.5,29,7,20250426-010615
197,kein_Terminated,Zeit abgelaufen,0.32,0,3412,300.5,29,5,20250426-010643
198,kein_Terminated,Zeit abgelaufen,0.39,0,3412,300.5,29,4,20250426-010711
199,kein_Terminated,Zeit abgelaufen,0.41,2,3584,300.5,29,0,20250426-010739
200,kein_Terminated,Zeit abgelaufen,0.31,0,2788,300.5,29,8,20250426-010807
201,kein_Terminated,Zeit abgelaufen,0.3,0,2540,300.5,29,8,20250426-010835
202,kein_Terminated,Zeit abgelaufen,0.36,0,3588,300.5,29,7,20250426-010904
203,kein_Terminated,Zeit abgelaufen,0.37,0,3548,300.5,29,2,20250426-010931
204,kein_Terminated,Zeit abgelaufen,0.36,0,3652,300.5,29,4,20250426-011000
205,kein_Terminated,Zeit abgelaufen,0.37,0,3432,300.5,29,4,20250426-011028
206,kein_Terminated,Zeit abgelaufen,0.37,0,3556,300.5,29,0,20250426-011056
207,kein_Terminated,Zeit abgelaufen,0.28,0,3028,300.5,29,8,20250426-011124
208,kein_Terminated,Zeit abgelaufen,0.35,0,3476,300.5,29,5,20250426-011152
209,kein_Terminated,Zeit abgelaufen,0.35,1,2600,300.5,29,1,20250426-011220
210,kein_Terminated,Zeit abgelaufen,0.34,0,2824,300.5,29,6,20250426-011249
211,kein_Terminated,Zeit abgelaufen,0.38,0,3364,300.5,29,2,20250426-011317
212,kein_Terminated,Zeit abgelaufen,0.36,0,3668,300.5,29,4,20250426-011345
213,kein_Terminated,Zeit abgelaufen,0.38,1,3496,300.5,29,2,20250426-011413
214,kein_Terminated,Zeit abgelaufen,0.35,1,3172,300.5,29,7,20250426-011441
215,kein_Terminated,Zeit abgelaufen,0.35,1,3232,300.5,29,5,20250426-011509
216,kein_Terminated,Zeit abgelaufen,0.36,13,2748,300.5,29,3,20250426-011537
217,kein_Terminated,Zeit abgelaufen,0.35,2,3052,300.5,29,2,20250426-011606
218,kein_Terminated,Zeit abgelaufen,0.33,1,2784,300.5,29,5,20250426-011634
219,kein_Terminated,Zeit abgelaufen,0.32,2,3036,300.5,29,5,20250426-011702
220,kein_Terminated,Zeit abgelaufen,0.39,6,3332,300.5,29,1,20250426-011730
221,kein_Terminated,Zeit abgelaufen,0.26,0,2632,300.5,29,8,20250426-011759
222,kein_Terminated,Zeit abgelaufen,0.39,4,3064,300.5,29,1,20250426-011827
223,kein_Terminated,Zeit abgelaufen,0.37,1,3208,300.5,29,5,20250426-011855
224,kein_Terminated,Zeit abgelaufen,0.37,2,3324,300.5,29,1,20250426-011923
225,kein_Terminated,Zeit abgelaufen,0.39,7,2216,300.5,29,0,20250426-011951
226,kein_Terminated,Zeit abgelaufen,0.39,10,3440,300.5,29,4,20250426-012019
227,kein_Terminated,Zeit abgelaufen,0.35,0,3252,300.5,29,5,20250426-012048
228,kein_Terminated,Zeit abgelaufen,0.37,0,3820,300.5,29,7,20250426-012116
229,kein_Terminated,Zeit abgelaufen,0.4,4,2848,300.5,29,4,20250426-012144
230,kein_Terminated,Zeit abgelaufen,0.36,1,3452,300.5,29,1,20250426-012212
231,kein_Terminated,Zeit abgelaufen,0.35,0,3388,300.5,29,5,20250426-012240
232,kein_Terminated,Zeit abgelaufen,0.41,1,3640,300.5,29,4,20250426-012309
233,kein_Terminated,Zeit abgelaufen,0.27,0,2904,300.5,29,9,20250426-012337
234,kein_Terminated,Zeit abgelaufen,0.37,0,3220,300.5,29,5,20250426-012406
235,kein_Terminated,Zeit abgelaufen,0.4,0,3232,300.5,29,6,20250426-012434
236,kein_Terminated,Zeit abgelaufen,0.39,1,3436,300.5,29,1,20250426-012502
237,kein_Terminated,Zeit abgelaufen,0.35,0,3404,300.5,29,3,20250426-012530
238,kein_Terminated,Zeit abgelaufen,0.35,0,3496,300.5,29,2,20250426-012558
239,kein_Terminated,Zeit abgelaufen,0.35,0,3136,300.5,29,8,20250426-012626
240,kein_Terminated,Zeit abgelaufen,0.35,0,3260,300.5,29,9,20250426-012654
241,kein_Terminated,Zeit abgelaufen,0.39,0,2980,300.5,29,0,20250426-012722
242,kein_Terminated,Zeit abgelaufen,0.36,2,3092,300.5,29,1,20250426-012751
243,kein_Terminated,Zeit abgelaufen,0.37,1,2644,300.5,29,6,20250426-012819
244,kein_Terminated,Zeit abgelaufen,0.37,0,3328,300.5,29,2,20250426-012847
245,kein_Terminated,Zeit abgelaufen,0.34,0,3212,300.5,29,2,20250426-012915
246,kein_Terminated,Zeit abgelaufen,0.38,1,3576,300.5,29,7,20250426-012944
247,kein_Terminated,Zeit abgelaufen,0.33,0,2796,300.5,29,0,20250426-013011
248,kein_Terminated,Zeit abgelaufen,0.38,4,3684,300.5,29,1,20250426-013040
249,kein_Terminated,Zeit abgelaufen,0.35,0,3520,300.5,29,4,20250426-013107
3,kein_Terminated,Zeit abgelaufen,0.36,4,2572,300.5,29,7,20250426-013137
250,kein_Terminated,Zeit abgelaufen,0.34,0,2612,300.5,29,2,20250426-013157
251,kein_Terminated,Zeit abgelaufen,0.38,2,3260,300.5,29,6,20250426-013226
252,kein_Terminated,Zeit abgelaufen,0.37,0,3652,300.5,29,5,20250426-013254
253,kein_Terminated,Zeit abgelaufen,0.35,0,3232,300.5,29,7,20250426-013322
254,kein_Terminated,Zeit abgelaufen,0.37,0,3404,300.5,29,3,20250426-013351
255,kein_Terminated,Zeit abgelaufen,0.38,2,3488,300.5,29,2,20250426-013419
256,kein_Terminated,Zeit abgelaufen,0.36,0,3220,300.5,29,0,20250426-013447
257,kein_Terminated,Zeit abgelaufen,0.36,1,3144,300.5,29,5,20250426-013515
258,kein_Terminated,Zeit abgelaufen,0.38,2,3380,300.5,29,6,20250426-013543
259,kein_Terminated,Zeit abgelaufen,0.37,0,3840,300.5,29,9,20250426-013612
260,kein_Terminated,Zeit abgelaufen,0.37,0,3184,300.5,29,6,20250426-013640
261,kein_Terminated,Zeit abgelaufen,0.35,3,3568,300.5,29,1,20250426-013709
262,kein_Terminated,Zeit abgelaufen,0.38,0,3560,300.5,29,0,20250426-013737
263,kein_Terminated,Zeit abgelaufen,0.35,0,3484,300.5,29,7,20250426-013805
264,kein_Terminated,Zeit abgelaufen,0.4,2,3760,300.5,29,4,20250426-013833
265,kein_Terminated,Zeit abgelaufen,0.33,0,3296,300.5,29,5,20250426-013902
266,kein_Terminated,Zeit abgelaufen,0.37,1,3732,300.5,29,1,20250426-013930
267,kein_Terminated,Zeit abgelaufen,0.36,2,3416,300.5,29,4,20250426-013958
268,kein_Terminated,Zeit abgelaufen,0.32,0,3392,300.5,29,9,20250426-014026
269,kein_Terminated,Zeit abgelaufen,0.36,0,3160,300.5,29,2,20250426-014054
270,kein_Terminated,Zeit abgelaufen,0.35,0,3260,300.5,29,0,20250426-014123
271,kein_Terminated,Zeit abgelaufen,0.27,0,2864,300.5,29,8,20250426-014151
272,kein_Terminated,Zeit abgelaufen,0.38,0,3552,300.5,29,6,20250426-014219
273,kein_Terminated,Zeit abgelaufen,0.39,0,3668,300.5,29,4,20250426-014247
274,kein_Terminated,Zeit abgelaufen,0.39,0,3312,300.5,29,6,20250426-014315
275,kein_Terminated,Zeit abgelaufen,0.36,0,3752,300.5,29,0,20250426-014343
276,kein_Terminated,Zeit abgelaufen,0.38,3,2988,300.5,29,2,20250426-014411
277,kein_Terminated,Zeit abgelaufen,0.35,1,3012,300.5,29,3,20250426-014439
278,kein_Terminated,Zeit abgelaufen,0.37,0,3632,300.5,29,5,20250426-014508
279,kein_Terminated,Zeit abgelaufen,0.31,0,3300,300.5,29,9,20250426-014536
280,kein_Terminated,Zeit abgelaufen,0.36,0,3416,300.5,29,3,20250426-014604
281,kein_Terminated,Zeit abgelaufen,0.38,0,3616,300.5,29,4,20250426-014632
282,kein_Terminated,Zeit abgelaufen,0.34,0,3348,300.5,29,9,20250426-014700
283,kein_Terminated,Zeit abgelaufen,0.35,1,3488,300.5,29,1,20250426-014729
284,kein_Terminated,Zeit abgelaufen,0.37,0,3412,300.5,29,3,20250426-014757
285,kein_Terminated,Zeit abgelaufen,0.36,0,3424,300.5,29,3,20250426-014825
286,kein_Terminated,Zeit abgelaufen,0.35,0,3604,300.5,29,2,20250426-014853
287,kein_Terminated,Zeit abgelaufen,0.4,2,3456,300.5,29,4,20250426-014921
288,kein_Terminated,Zeit abgelaufen,0.33,0,3496,300.5,29,6,20250426-014950
289,kein_Terminated,Zeit abgelaufen,0.33,0,3456,300.5,29,4,20250426-015018
290,kein_Terminated,Zeit abgelaufen,0.36,0,3420,300.5,29,7,20250426-015046
291,kein_Terminated,Zeit abgelaufen,0.47,11,4044,300.5,29,4,20250426-015114
292,kein_Terminated,Zeit abgelaufen,0.35,0,3408,300.5,29,9,20250426-015142
293,kein_Terminated,Zeit abgelaufen,0.35,0,3408,300.5,29,5,20250426-015211
294,kein_Terminated,Zeit abgelaufen,0.34,1,3164,300.5,29,7,20250426-015239
295,kein_Terminated,Zeit abgelaufen,0.24,0,2508,300.5,29,8,20250426-015307
296,kein_Terminated,Zeit abgelaufen,0.24,0,2476,300.5,29,8,20250426-015336
297,kein_Terminated,Zeit abgelaufen,0.37,0,3516,300.5,29,3,20250426-015404
298,kein_Terminated,Zeit abgelaufen,0.37,0,3808,300.5,29,0,20250426-015432
299,kein_Terminated,Zeit abgelaufen,0.35,1,3684,300.5,29,1,20250426-015501
300,kein_Terminated,Zeit abgelaufen,0.31,0,3452,300.5,29,6,20250426-015529
301,kein_Terminated,Zeit abgelaufen,0.39,0,3236,300.5,29,3,20250426-015557
302,kein_Terminated,Zeit abgelaufen,0.37,0,3908,300.5,29,4,20250426-015625
303,kein_Terminated,Zeit abgelaufen,0.32,0,3328,300.5,29,8,20250426-015653
304,kein_Terminated,Zeit abgelaufen,0.37,0,3944,300.5,29,0,20250426-015721
305,kein_Terminated,Zeit abgelaufen,0.35,0,3476,300.5,29,7,20250426-015749
306,kein_Terminated,Zeit abgelaufen,0.35,0,3620,300.5,29,9,20250426-015817
307,kein_Terminated,Zeit abgelaufen,0.37,0,3632,300.5,29,6,20250426-015845
308,kein_Terminated,Zeit abgelaufen,0.37,2,3536,300.5,29,1,20250426-015913
309,kein_Terminated,Zeit abgelaufen,0.39,4,3780,300.5,29,2,20250426-015941
310,kein_Terminated,Zeit abgelaufen,0.34,1,3608,300.5,29,1,20250426-020010
311,kein_Terminated,Zeit abgelaufen,0.29,0,3220,300.5,29,8,20250426-020038
312,kein_Terminated,Zeit abgelaufen,0.35,0,3256,300.5,29,2,20250426-020106
313,kein_Terminated,Zeit abgelaufen,0.37,0,3260,300.5,29,7,20250426-020134
314,kein_Terminated,Zeit abgelaufen,0.34,0,3492,300.5,29,6,20250426-020202
315,kein_Terminated,Zeit abgelaufen,0.37,0,3640,300.5,29,0,20250426-020230
316,kein_Terminated,Zeit abgelaufen,0.37,0,3756,300.5,29,7,20250426-020258
317,kein_Terminated,Zeit abgelaufen,0.36,0,3604,300.5,29,5,20250426-020326
318,kein_Terminated,Zeit abgelaufen,0.35,1,3672,300.5,29,9,20250426-020354
319,kein_Terminated,Zeit abgelaufen,0.34,0,3620,300.5,29,9,20250426-020422
320,kein_Terminated,Zeit abgelaufen,0.31,0,3412,300.5,29,9,20250426-020450
321,kein_Terminated,Zeit abgelaufen,0.36,1,3572,300.5,29,2,20250426-020518
322,kein_Terminated,Zeit abgelaufen,0.35,0,3572,300.5,29,7,20250426-020546
323,kein_Terminated,Zeit abgelaufen,0.26,0,2972,300.5,29,8,20250426-020614
324,kein_Terminated,Zeit abgelaufen,0.38,2,3512,300.5,29,0,20250426-020642
325,kein_Terminated,Zeit abgelaufen,0.32,0,3536,300.5,29,6,20250426-020711
326,kein_Terminated,Zeit abgelaufen,0.36,1,3680,300.5,29,1,20250426-020739
327,kein_Terminated,Zeit abgelaufen,0.35,0,3700,300.5,29,8,20250426-020807
328,kein_Terminated,Zeit abgelaufen,0.37,0,3704,300.5,29,0,20250426-020836
329,kein_Terminated,Zeit abgelaufen,0.38,1,3684,300.5,29,1,20250426-020904
330,kein_Terminated,Zeit abgelaufen,0.36,0,3704,300.5,29,3,20250426-020932
331,kein_Terminated,Zeit abgelaufen,0.38,0,3736,300.5,29,0,20250426-021000
332,kein_Terminated,Zeit abgelaufen,0.35,0,3628,300.5,29,3,20250426-021028
4,kein_Terminated,Zeit abgelaufen,0.39,0,3504,300.5,29,4,20250426-021100
333,kein_Terminated,Zeit abgelaufen,0.36,0,3560,300.5,29,6,20250426-021118
334,kein_Terminated,Zeit abgelaufen,0.37,0,3448,300.5,29,2,20250426-021147
335,kein_Terminated,Zeit abgelaufen,0.37,1,3520,300.5,29,1,20250426-021215
336,kein_Terminated,Zeit abgelaufen,0.34,1,3436,300.5,29,1,20250426-021243
337,kein_Terminated,Zeit abgelaufen,0.34,0,3684,300.5,29,3,20250426-021311
338,kein_Terminated,Zeit abgelaufen,0.37,0,4000,300.5,29,5,20250426-021339
339,kein_Terminated,Zeit abgelaufen,0.38,0,3832,300.5,29,3,20250426-021407
340,kein_Terminated,Zeit abgelaufen,0.39,0,3868,300.5,29,3,20250426-021435
341,kein_Terminated,Zeit abgelaufen,0.38,1,3948,300.5,29,0,20250426-021503
342,kein_Terminated,Zeit abgelaufen,0.34,0,3620,300.5,29,5,20250426-021531
343,kein_Terminated,Zeit abgelaufen,0.37,0,3360,300.5,29,6,20250426-021559
344,kein_Terminated,Zeit abgelaufen,0.36,0,3756,300.5,29,3,20250426-021626
345,kein_Terminated,Zeit abgelaufen,0.31,0,2900,300.5,29,9,20250426-021654
346,kein_Terminated,Zeit abgelaufen,0.33,0,3308,300.5,29,2,20250426-021722
347,kein_Terminated,Zeit abgelaufen,0.39,0,3812,300.5,29,2,20250426-021750
348,kein_Terminated,Zeit abgelaufen,0.36,0,3708,300.5,29,2,20250426-021818
349,kein_Terminated,Zeit abgelaufen,0.35,0,3420,300.5,29,7,20250426-021846
350,kein_Terminated,Zeit abgelaufen,0.25,0,2724,300.5,29,8,20250426-021915
351,kein_Terminated,Zeit abgelaufen,0.31,0,2940,300.5,29,9,20250426-021943
352,kein_Terminated,Zeit abgelaufen,0.33,1,3180,300.5,29,7,20250426-022011
353,kein_Terminated,Zeit abgelaufen,0.34,0,3384,300.5,29,8,20250426-022039
354,kein_Terminated,Zeit abgelaufen,0.36,0,3768,300.5,29,2,20250426-022107
355,kein_Terminated,Zeit abgelaufen,0.39,0,3680,300.5,29,5,20250426-022135
356,kein_Terminated,Zeit abgelaufen,0.37,0,3780,300.5,29,2,20250426-022204
357,kein_Terminated,Zeit abgelaufen,0.37,1,3692,300.5,29,5,20250426-022232
358,kein_Terminated,Zeit abgelaufen,0.32,0,3232,300.5,29,8,20250426-022300
359,kein_Terminated,Zeit abgelaufen,0.36,1,3756,300.5,29,1,20250426-022328
360,kein_Terminated,Zeit abgelaufen,0.36,1,3740,300.5,29,1,20250426-022356
361,kein_Terminated,Zeit abgelaufen,0.35,1,3624,300.5,29,1,20250426-022424
362,kein_Terminated,Zeit abgelaufen,0.37,0,3788,300.5,29,5,20250426-022452
363,kein_Terminated,Zeit abgelaufen,0.39,0,3848,300.5,29,4,20250426-022520
364,kein_Terminated,Zeit abgelaufen,0.36,0,3652,300.5,29,2,20250426-022549
365,kein_Terminated,Zeit abgelaufen,0.37,0,3756,300.5,29,5,20250426-022617
366,kein_Terminated,Zeit abgelaufen,0.4,0,3536,300.5,29,6,20250426-022645
367,kein_Terminated,Zeit abgelaufen,0.35,0,3732,300.5,29,5,20250426-022713
368,kein_Terminated,Zeit abgelaufen,0.4,1,3780,300.5,29,6,20250426-022741
369,kein_Terminated,Zeit abgelaufen,0.37,0,3596,300.5,29,6,20250426-022810
370,kein_Terminated,Zeit abgelaufen,0.38,0,3376,300.5,29,7,20250426-022838
371,kein_Terminated,Zeit abgelaufen,0.38,1,3660,300.5,29,1,20250426-022906
372,kein_Terminated,Zeit abgelaufen,0.37,0,3636,300.5,29,0,20250426-022934
373,kein_Terminated,Zeit abgelaufen,0.38,0,3764,300.5,29,2,20250426-023002
374,kein_Terminated,Zeit abgelaufen,0.37,1,3984,300.5,29,1,20250426-023030
375,kein_Terminated,Zeit abgelaufen,0.37,0,3896,300.5,29,7,20250426-023058
376,kein_Terminated,Zeit abgelaufen,0.37,0,3684,300.5,29,0,20250426-023126
377,kein_Terminated,Zeit abgelaufen,0.32,1,2792,300.5,29,1,20250426-023155
378,kein_Terminated,Zeit abgelaufen,0.35,0,3792,300.5,29,2,20250426-023223
379,kein_Terminated,Zeit abgelaufen,0.36,0,3920,300.5,29,5,20250426-023251
380,kein_Terminated,Zeit abgelaufen,0.37,0,3760,300.5,29,3,20250426-023320
381,kein_Terminated,Zeit abgelaufen,0.38,0,3768,300.5,29,7,20250426-023348
382,kein_Terminated,Zeit abgelaufen,0.29,0,2980,300.5,29,8,20250426-023416
383,kein_Terminated,Zeit abgelaufen,0.37,0,3732,300.5,29,5,20250426-023444
384,kein_Terminated,Zeit abgelaufen,0.39,0,3508,300.5,29,7,20250426-023512
385,kein_Terminated,Zeit abgelaufen,0.34,0,3552,300.5,29,3,20250426-023541
386,kein_Terminated,Zeit abgelaufen,0.35,0,3780,300.5,29,9,20250426-023609
387,kein_Terminated,Zeit abgelaufen,0.39,2,3848,300.5,29,0,20250426-023637
388,kein_Terminated,Zeit abgelaufen,0.38,0,3908,300.5,29,2,20250426-023705
389,kein_Terminated,Zeit abgelaufen,0.37,0,3296,300.5,29,4,20250426-023733
390,kein_Terminated,Zeit abgelaufen,0.38,0,3708,300.5,29,3,20250426-023801
391,kein_Terminated,Zeit abgelaufen,0.38,0,3864,300.5,29,2,20250426-023829
392,kein_Terminated,Zeit abgelaufen,0.38,0,3824,300.5,29,2,20250426-023858
393,kein_Terminated,Zeit abgelaufen,0.35,0,3524,300.5,29,2,20250426-023926
394,kein_Terminated,Zeit abgelaufen,0.36,0,3736,300.5,29,8,20250426-023954
395,kein_Terminated,Zeit abgelaufen,0.37,0,3860,300.5,29,7,20250426-024022
396,kein_Terminated,Zeit abgelaufen,0.39,0,3812,300.5,29,0,20250426-024050
397,kein_Terminated,Zeit abgelaufen,0.35,0,3852,300.5,29,9,20250426-024118
398,kein_Terminated,Zeit abgelaufen,0.36,0,3796,300.5,29,2,20250426-024146
399,kein_Terminated,Zeit abgelaufen,0.37,2,3532,300.5,29,3,20250426-024214
400,kein_Terminated,Zeit abgelaufen,0.36,0,3704,300.5,29,5,20250426-024242
401,kein_Terminated,Zeit abgelaufen,0.37,0,3532,300.5,29,9,20250426-024310
402,kein_Terminated,Zeit abgelaufen,0.34,0,3568,300.5,29,2,20250426-024338
403,kein_Terminated,Zeit abgelaufen,0.39,1,3832,300.5,29,0,20250426-024406
404,kein_Terminated,Zeit abgelaufen,0.35,1,3800,300.5,29,1,20250426-024434
405,kein_Terminated,Zeit abgelaufen,0.34,0,3700,300.5,29,5,20250426-024502
406,kein_Terminated,Zeit abgelaufen,0.36,0,3664,300.5,29,7,20250426-024530
407,kein_Terminated,Zeit abgelaufen,0.36,0,3772,300.5,29,2,20250426-024558
408,kein_Terminated,Zeit abgelaufen,0.37,0,3992,300.5,29,3,20250426-024626
409,kein_Terminated,Zeit abgelaufen,0.37,2,3916,300.5,29,4,20250426-024655
410,kein_Terminated,Zeit abgelaufen,0.37,0,3884,300.5,29,3,20250426-024723
411,kein_Terminated,Zeit abgelaufen,0.34,0,3604,300.5,29,8,20250426-024751
412,kein_Terminated,Zeit abgelaufen,0.35,0,3480,300.5,29,3,20250426-024819
413,kein_Terminated,Zeit abgelaufen,0.38,1,3824,300.5,29,1,20250426-024847
414,kein_Terminated,Zeit abgelaufen,0.4,0,3728,300.5,29,2,20250426-024915
415,kein_Terminated,Zeit abgelaufen,0.39,0,3884,300.5,29,2,20250426-024943
5,kein_Terminated,Zeit abgelaufen,0.36,5,2856,300.5,29,0,20250426-025017
416,kein_Terminated,Zeit abgelaufen,0.4,0,3808,300.5,29,4,20250426-025034
417,kein_Terminated,Zeit abgelaufen,0.29,0,3216,300.5,29,8,20250426-025102
418,kein_Terminated,Zeit abgelaufen,0.37,0,3776,300.5,29,3,20250426-025130
419,kein_Terminated,Zeit abgelaufen,0.39,0,3840,300.5,29,6,20250426-025158
420,kein_Terminated,Zeit abgelaufen,0.4,2,3476,300.5,29,0,20250426-025226
421,kein_Terminated,Zeit abgelaufen,0.38,0,3676,300.5,29,3,20250426-025254
422,kein_Terminated,Zeit abgelaufen,0.4,0,3864,300.5,29,0,20250426-025322
423,kein_Terminated,Zeit abgelaufen,0.42,0,3916,300.5,29,4,20250426-025351
424,kein_Terminated,Zeit abgelaufen,0.4,0,3880,300.5,29,0,20250426-025418
425,kein_Terminated,Zeit abgelaufen,0.4,0,3572,300.5,29,3,20250426-025446
426,kein_Terminated,Zeit abgelaufen,0.38,0,3872,300.5,29,2,20250426-025514
427,kein_Terminated,Zeit abgelaufen,0.39,0,3612,300.5,29,3,20250426-025542
428,kein_Terminated,Zeit abgelaufen,0.47,0,3988,300.5,29,4,20250426-025611
429,kein_Terminated,Zeit abgelaufen,0.42,4,3932,300.5,29,4,20250426-025639
430,kein_Terminated,Zeit abgelaufen,0.39,0,4072,300.5,29,5,20250426-025707
431,kein_Terminated,Zeit abgelaufen,0.41,11,3172,300.5,29,4,20250426-025735
432,kein_Terminated,Zeit abgelaufen,0.35,0,3612,300.5,29,7,20250426-025803
433,kein_Terminated,Zeit abgelaufen,0.42,0,4248,300.5,29,4,20250426-025831
434,kein_Terminated,Zeit abgelaufen,0.4,0,3964,300.5,29,0,20250426-025859
435,kein_Terminated,Zeit abgelaufen,0.36,1,2648,300.5,29,5,20250426-025927
436,kein_Terminated,Zeit abgelaufen,0.35,0,3776,300.5,29,9,20250426-025956
437,kein_Terminated,Zeit abgelaufen,0.41,7,3376,300.5,29,3,20250426-030024
438,kein_Terminated,Zeit abgelaufen,0.36,1,3816,300.5,29,1,20250426-030052
439,kein_Terminated,Zeit abgelaufen,0.36,0,3696,300.5,29,0,20250426-030120
440,kein_Terminated,Zeit abgelaufen,0.38,0,3820,300.5,29,7,20250426-030147
441,kein_Terminated,Zeit abgelaufen,0.37,0,3412,300.5,29,5,20250426-030215
442,kein_Terminated,Zeit abgelaufen,0.35,0,3624,300.5,29,9,20250426-030244
443,kein_Terminated,Zeit abgelaufen,0.39,2,3784,300.5,29,0,20250426-030312
444,kein_Terminated,Zeit abgelaufen,0.41,0,3164,300.5,29,2,20250426-030340
445,kein_Terminated,Zeit abgelaufen,0.38,0,3088,300.5,29,5,20250426-030408
446,kein_Terminated,Zeit abgelaufen,0.39,0,3848,300.5,29,5,20250426-030436
447,kein_Terminated,Zeit abgelaufen,0.38,0,3756,300.5,29,5,20250426-030504
448,kein_Terminated,Zeit abgelaufen,0.39,0,3860,300.5,29,3,20250426-030532
449,kein_Terminated,Zeit abgelaufen,0.36,0,3592,300.5,29,7,20250426-030559
450,kein_Terminated,Zeit abgelaufen,0.39,0,3520,300.5,29,5,20250426-030627
451,kein_Terminated,Zeit abgelaufen,0.38,1,3664,300.5,29,1,20250426-030655
452,kein_Terminated,Zeit abgelaufen,0.36,0,3952,300.5,29,5,20250426-030724
453,kein_Terminated,Zeit abgelaufen,0.38,0,3360,300.5,29,5,20250426-030752
454,kein_Terminated,Zeit abgelaufen,0.34,0,3608,300.5,29,8,20250426-030820
455,kein_Terminated,Zeit abgelaufen,0.39,1,3956,300.5,29,3,20250426-030848
456,kein_Terminated,Zeit abgelaufen,0.38,1,3816,300.5,29,1,20250426-030916
457,kein_Terminated,Zeit abgelaufen,0.37,0,3828,300.5,29,7,20250426-030944
458,kein_Terminated,Zeit abgelaufen,0.34,0,3548,300.5,29,2,20250426-031012
459,kein_Terminated,Zeit abgelaufen,0.39,0,4020,300.5,29,0,20250426-031040
460,kein_Terminated,Zeit abgelaufen,0.39,0,3812,300.5,29,4,20250426-031108
461,kein_Terminated,Zeit abgelaufen,0.37,0,3808,300.5,29,7,20250426-031136
462,kein_Terminated,Zeit abgelaufen,0.37,0,3700,300.5,29,3,20250426-031204
463,kein_Terminated,Zeit abgelaufen,0.43,2,3928,300.5,29,4,20250426-031232
464,kein_Terminated,Zeit abgelaufen,0.36,1,3660,300.5,29,1,20250426-031300
465,kein_Terminated,Zeit abgelaufen,0.37,0,3580,300.5,29,7,20250426-031328
466,kein_Terminated,Zeit abgelaufen,0.39,0,3676,300.5,29,4,20250426-031357
467,kein_Terminated,Zeit abgelaufen,0.37,0,3912,300.5,29,9,20250426-031425
468,kein_Terminated,Zeit abgelaufen,0.39,0,4064,300.5,29,2,20250426-031453
469,kein_Terminated,Zeit abgelaufen,0.36,0,3832,300.5,29,2,20250426-031521
470,kein_Terminated,Zeit abgelaufen,0.39,0,3900,300.5,29,3,20250426-031549
471,kein_Terminated,Zeit abgelaufen,0.36,0,3500,300.5,29,0,20250426-031617
472,kein_Terminated,Zeit abgelaufen,0.39,0,3960,300.5,29,0,20250426-031645
473,kein_Terminated,Zeit abgelaufen,0.37,3,3820,300.5,29,0,20250426-031713
474,kein_Terminated,Zeit abgelaufen,0.37,0,3876,300.5,29,3,20250426-031741
475,kein_Terminated,Zeit abgelaufen,0.39,1,3980,300.5,29,0,20250426-031809
476,kein_Terminated,Zeit abgelaufen,0.39,0,3792,300.5,29,4,20250426-031837
477,kein_Terminated,Zeit abgelaufen,0.36,0,3784,300.5,29,2,20250426-031905
478,kein_Terminated,Zeit abgelaufen,0.36,0,3632,300.5,29,6,20250426-031933
479,kein_Terminated,Zeit abgelaufen,0.38,0,4080,300.5,29,2,20250426-032001
480,kein_Terminated,Zeit abgelaufen,0.37,0,3868,300.5,29,6,20250426-032029
481,kein_Terminated,Zeit abgelaufen,0.33,0,3736,300.5,29,5,20250426-032058
482,kein_Terminated,Zeit abgelaufen,0.37,1,3816,300.5,29,1,20250426-032126
483,kein_Terminated,Zeit abgelaufen,0.41,0,4056,300.5,29,0,20250426-032154
484,kein_Terminated,Zeit abgelaufen,0.34,0,3672,300.5,29,2,20250426-032222
485,kein_Terminated,Zeit abgelaufen,0.37,0,3956,300.5,29,5,20250426-032250
486,kein_Terminated,Zeit abgelaufen,0.35,0,3696,300.5,29,6,20250426-032318
487,kein_Terminated,Zeit abgelaufen,0.36,0,3360,300.5,29,9,20250426-032346
488,kein_Terminated,Zeit abgelaufen,0.38,0,3940,300.5,29,3,20250426-032414
489,kein_Terminated,Zeit abgelaufen,0.39,0,4084,300.5,29,0,20250426-032442
490,kein_Terminated,Zeit abgelaufen,0.36,0,3728,300.5,29,5,20250426-032510
491,kein_Terminated,Zeit abgelaufen,0.38,1,3996,300.5,29,3,20250426-032538
492,kein_Terminated,Zeit abgelaufen,0.37,0,3740,300.5,29,5,20250426-032606
493,kein_Terminated,Zeit abgelaufen,0.37,0,4056,300.5,29,6,20250426-032634
494,kein_Terminated,Zeit abgelaufen,0.38,0,3948,300.5,29,6,20250426-032703
495,kein_Terminated,Zeit abgelaufen,0.31,0,3332,300.5,29,6,20250426-032731
496,kein_Terminated,Zeit abgelaufen,0.35,0,3640,300.5,29,6,20250426-032759
497,kein_Terminated,Zeit abgelaufen,0.39,0,4064,300.5,29,0,20250426-032827
498,kein_Terminated,Zeit abgelaufen,0.39,0,3760,300.5,29,2,20250426-032855
6,kein_Terminated,Zeit abgelaufen,0.36,14,2628,300.5,29,9,20250426-032930
499,kein_Terminated,Zeit abgelaufen,0.37,0,3604,300.5,29,7,20250426-032946
500,kein_Terminated,Zeit abgelaufen,0.32,0,3424,300.5,29,7,20250426-033014
501,kein_Terminated,Zeit abgelaufen,0.36,0,3744,300.5,29,8,20250426-033042
502,kein_Terminated,Zeit abgelaufen,0.36,0,3976,300.5,29,6,20250426-033110
503,kein_Terminated,Zeit abgelaufen,0.39,0,4172,300.5,29,0,20250426-033138
504,kein_Terminated,Zeit abgelaufen,0.42,0,4240,300.5,29,4,20250426-033206
505,kein_Terminated,Zeit abgelaufen,0.35,0,3660,300.5,29,7,20250426-033234
506,kein_Terminated,Zeit abgelaufen,0.36,0,3680,300.5,29,9,20250426-033302
507,kein_Terminated,Zeit abgelaufen,0.39,0,4188,300.5,29,4,20250426-033330
508,kein_Terminated,Zeit abgelaufen,0.35,0,3788,300.5,29,5,20250426-033358
509,kein_Terminated,Zeit abgelaufen,0.38,0,3840,300.5,29,0,20250426-033426
510,kein_Terminated,Zeit abgelaufen,0.37,1,3872,300.5,29,1,20250426-033454
511,kein_Terminated,Zeit abgelaufen,0.38,1,3852,300.5,29,1,20250426-033522
512,kein_Terminated,Zeit abgelaufen,0.35,0,3780,300.5,29,6,20250426-033550
513,kein_Terminated,Zeit abgelaufen,0.37,1,3400,300.5,29,2,20250426-033618
514,kein_Terminated,Zeit abgelaufen,0.38,0,4000,300.5,29,2,20250426-033646
515,kein_Terminated,Zeit abgelaufen,0.36,0,3832,300.5,29,6,20250426-033714
516,kein_Terminated,Zeit abgelaufen,0.37,1,3988,300.5,29,1,20250426-033742
517,kein_Terminated,Zeit abgelaufen,0.37,2,3796,300.5,29,0,20250426-033810
518,kein_Terminated,Zeit abgelaufen,0.35,0,3780,300.5,29,7,20250426-033838
519,kein_Terminated,Zeit abgelaufen,0.35,0,3628,300.5,29,7,20250426-033906
520,kein_Terminated,Zeit abgelaufen,0.39,0,4032,300.5,29,0,20250426-033934
521,kein_Terminated,Zeit abgelaufen,0.3,0,3388,300.5,29,8,20250426-034002
522,kein_Terminated,Zeit abgelaufen,0.36,0,3496,300.5,29,3,20250426-034030
523,kein_Terminated,Zeit abgelaufen,0.36,0,3792,300.5,29,6,20250426-034058
524,kein_Terminated,Zeit abgelaufen,0.33,0,3592,300.5,29,6,20250426-034126
525,kein_Terminated,Zeit abgelaufen,0.37,0,3876,300.5,29,2,20250426-034154
526,kein_Terminated,Zeit abgelaufen,0.41,1,3772,300.5,29,1,20250426-034222
527,kein_Terminated,Zeit abgelaufen,0.37,0,3732,300.5,29,0,20250426-034251
528,kein_Terminated,Zeit abgelaufen,0.34,0,3704,300.5,29,5,20250426-034319
529,kein_Terminated,Zeit abgelaufen,0.36,0,3740,300.5,29,9,20250426-034347
530,kein_Terminated,Zeit abgelaufen,0.35,0,3776,300.5,29,8,20250426-034415
531,kein_Terminated,Zeit abgelaufen,0.35,0,3728,300.5,29,9,20250426-034444
532,kein_Terminated,Zeit abgelaufen,0.35,0,3896,300.5,29,5,20250426-034512
533,kein_Terminated,Zeit abgelaufen,0.39,0,3984,300.5,29,3,20250426-034540
534,kein_Terminated,Zeit abgelaufen,0.37,0,3904,300.5,29,2,20250426-034608
535,kein_Terminated,Zeit abgelaufen,0.39,0,4016,300.5,29,3,20250426-034636
536,kein_Terminated,Zeit abgelaufen,0.36,0,3560,300.5,29,3,20250426-034704
537,kein_Terminated,Zeit abgelaufen,0.4,0,4016,300.5,29,4,20250426-034732
538,kein_Terminated,Zeit abgelaufen,0.38,1,4068,300.5,29,1,20250426-034801
539,kein_Terminated,Zeit abgelaufen,0.35,1,3456,300.5,29,3,20250426-034829
540,kein_Terminated,Zeit abgelaufen,0.35,0,3576,300.5,29,6,20250426-034857
541,kein_Terminated,Zeit abgelaufen,0.37,0,3984,300.5,29,3,20250426-034925
542,kein_Terminated,Zeit abgelaufen,0.4,0,3724,300.5,29,4,20250426-034954
543,kein_Terminated,Zeit abgelaufen,0.39,0,4144,300.5,29,4,20250426-035022
544,kein_Terminated,Zeit abgelaufen,0.37,0,4092,300.5,29,2,20250426-035050
545,kein_Terminated,Zeit abgelaufen,0.4,1,3632,300.5,29,1,20250426-035118
546,kein_Terminated,Zeit abgelaufen,0.38,1,3788,300.5,29,1,20250426-035146
547,kein_Terminated,Zeit abgelaufen,0.36,0,3788,300.5,29,9,20250426-035214
548,kein_Terminated,Zeit abgelaufen,0.39,0,4140,300.5,29,3,20250426-035242
549,kein_Terminated,Zeit abgelaufen,0.4,0,3972,300.5,29,4,20250426-035310
550,kein_Terminated,Zeit abgelaufen,0.36,0,3856,300.5,29,8,20250426-035339
551,kein_Terminated,Zeit abgelaufen,0.37,0,3488,300.5,29,0,20250426-035407
552,kein_Terminated,Zeit abgelaufen,0.39,1,4052,300.5,29,1,20250426-035435
553,kein_Terminated,Zeit abgelaufen,0.35,0,3688,300.5,29,8,20250426-035503
554,kein_Terminated,Zeit abgelaufen,0.34,0,3564,300.5,29,3,20250426-035532
555,kein_Terminated,Zeit abgelaufen,0.35,0,3896,300.5,29,6,20250426-035600
556,kein_Terminated,Zeit abgelaufen,0.4,0,3740,300.5,29,4,20250426-035628
557,kein_Terminated,Zeit abgelaufen,0.38,1,3640,300.5,29,1,20250426-035655
558,kein_Terminated,Zeit abgelaufen,0.36,0,3872,300.5,29,9,20250426-035723
559,kein_Terminated,Zeit abgelaufen,0.39,0,3920,300.5,29,3,20250426-035751
560,kein_Terminated,Zeit abgelaufen,0.33,0,3556,300.5,29,9,20250426-035820
561,kein_Terminated,Zeit abgelaufen,0.37,0,4016,300.5,29,2,20250426-035848
562,kein_Terminated,Zeit abgelaufen,0.37,1,3668,300.5,29,6,20250426-035916
563,kein_Terminated,Zeit abgelaufen,0.37,1,3928,300.5,29,1,20250426-035944
564,kein_Terminated,Zeit abgelaufen,0.39,2,3924,300.5,29,3,20250426-040013
565,kein_Terminated,Zeit abgelaufen,0.37,0,4196,300.5,29,5,20250426-040041
566,kein_Terminated,Zeit abgelaufen,0.37,1,3972,300.5,29,1,20250426-040109
567,kein_Terminated,Zeit abgelaufen,0.38,0,3868,300.5,29,8,20250426-040137
568,kein_Terminated,Zeit abgelaufen,0.37,0,4148,300.5,29,5,20250426-040205
569,kein_Terminated,Zeit abgelaufen,0.35,0,3812,300.5,29,9,20250426-040234
570,kein_Terminated,Zeit abgelaufen,0.35,0,3644,300.5,29,7,20250426-040302
571,kein_Terminated,Zeit abgelaufen,0.35,0,3644,300.5,29,7,20250426-040330
572,kein_Terminated,Zeit abgelaufen,0.36,0,3944,300.5,29,9,20250426-040358
573,kein_Terminated,Zeit abgelaufen,0.35,0,3800,300.5,29,5,20250426-040427
574,kein_Terminated,Zeit abgelaufen,0.4,0,3808,300.5,29,0,20250426-040455
575,kein_Terminated,Zeit abgelaufen,0.36,0,3444,300.5,29,9,20250426-040523
576,kein_Terminated,Zeit abgelaufen,0.35,0,3504,300.5,29,3,20250426-040551
577,kein_Terminated,Zeit abgelaufen,0.36,0,3800,300.5,29,7,20250426-040619
578,kein_Terminated,Zeit abgelaufen,0.35,0,3820,300.5,29,3,20250426-040647
579,kein_Terminated,Zeit abgelaufen,0.35,0,3868,300.5,29,9,20250426-040715
580,kein_Terminated,Zeit abgelaufen,0.44,0,3836,300.5,29,4,20250426-040743
581,kein_Terminated,Zeit abgelaufen,0.37,0,4000,300.5,29,3,20250426-040812
7,kein_Terminated,Zeit abgelaufen,0.38,2,3348,300.5,29,0,20250426-040848
582,kein_Terminated,Zeit abgelaufen,0.36,0,3932,300.5,29,5,20250426-040902
583,kein_Terminated,Zeit abgelaufen,0.37,0,3936,300.5,29,6,20250426-040930
584,kein_Terminated,Zeit abgelaufen,0.35,0,3752,300.5,29,8,20250426-040958
585,kein_Terminated,Zeit abgelaufen,0.36,0,3472,300.5,29,7,20250426-041026
586,kein_Terminated,Zeit abgelaufen,0.37,0,4016,300.5,29,6,20250426-041054
587,kein_Terminated,Zeit abgelaufen,0.35,0,3752,300.5,29,8,20250426-041122
588,kein_Terminated,Zeit abgelaufen,0.35,0,3828,300.5,29,9,20250426-041150
589,kein_Terminated,Zeit abgelaufen,0.36,0,3852,300.5,29,6,20250426-041218
590,kein_Terminated,Zeit abgelaufen,0.35,0,3952,300.5,29,7,20250426-041246
591,kein_Terminated,Zeit abgelaufen,0.35,0,3668,300.5,29,7,20250426-041314
592,kein_Terminated,Zeit abgelaufen,0.36,0,3924,300.5,29,6,20250426-041341
593,kein_Terminated,Zeit abgelaufen,0.36,0,3536,300.5,29,3,20250426-041410
594,kein_Terminated,Zeit abgelaufen,0.37,0,3900,300.5,29,0,20250426-041438
595,kein_Terminated,Zeit abgelaufen,0.34,0,3572,300.5,29,7,20250426-041506
596,kein_Terminated,Zeit abgelaufen,0.36,0,3816,300.5,29,9,20250426-041534
597,kein_Terminated,Zeit abgelaufen,0.37,0,3952,300.5,29,5,20250426-041602
598,kein_Terminated,Zeit abgelaufen,0.41,0,4388,300.5,29,4,20250426-041630
599,kein_Terminated,Zeit abgelaufen,0.39,0,3964,300.5,29,0,20250426-041658
600,kein_Terminated,Zeit abgelaufen,0.38,0,4120,300.5,29,4,20250426-041726
601,kein_Terminated,Zeit abgelaufen,0.38,0,3880,300.5,29,7,20250426-041754
602,kein_Terminated,Zeit abgelaufen,0.36,0,3796,300.5,29,7,20250426-041822
603,kein_Terminated,Zeit abgelaufen,0.37,0,3844,300.5,29,0,20250426-041850
604,kein_Terminated,Zeit abgelaufen,0.4,0,4040,300.5,29,0,20250426-041918
605,kein_Terminated,Zeit abgelaufen,0.35,0,3556,300.5,29,2,20250426-041946
606,kein_Terminated,Zeit abgelaufen,0.38,0,3984,300.5,29,3,20250426-042014
607,kein_Terminated,Zeit abgelaufen,0.39,0,3972,300.5,29,4,20250426-042042
608,kein_Terminated,Zeit abgelaufen,0.37,0,3728,300.5,29,7,20250426-042110
609,kein_Terminated,Zeit abgelaufen,0.32,0,3572,300.5,29,9,20250426-042138
610,kein_Terminated,Zeit abgelaufen,0.37,0,4080,300.5,29,2,20250426-042205
611,kein_Terminated,Zeit abgelaufen,0.39,0,3912,300.5,29,0,20250426-042234
612,kein_Terminated,Zeit abgelaufen,0.36,0,3888,300.5,29,6,20250426-042302
613,kein_Terminated,Zeit abgelaufen,0.37,0,4048,300.5,29,7,20250426-042330
614,kein_Terminated,Zeit abgelaufen,0.34,0,3860,300.5,29,9,20250426-042358
615,kein_Terminated,Zeit abgelaufen,0.4,1,4092,300.5,29,1,20250426-042426
616,kein_Terminated,Zeit abgelaufen,0.37,0,4100,300.5,29,7,20250426-042454
617,kein_Terminated,Zeit abgelaufen,0.38,0,3968,300.5,29,7,20250426-042522
618,kein_Terminated,Zeit abgelaufen,0.36,0,3996,300.5,29,8,20250426-042550
619,kein_Terminated,Zeit abgelaufen,0.35,0,3864,300.5,29,9,20250426-042618
620,kein_Terminated,Zeit abgelaufen,0.39,1,4012,300.5,29,1,20250426-042646
621,kein_Terminated,Zeit abgelaufen,0.34,0,3808,300.5,29,8,20250426-042714
622,kein_Terminated,Zeit abgelaufen,0.38,1,3756,300.5,29,1,20250426-042742
623,kein_Terminated,Zeit abgelaufen,0.33,0,3412,300.5,29,8,20250426-042809
624,kein_Terminated,Zeit abgelaufen,0.29,0,3272,300.5,29,7,20250426-042837
625,kein_Terminated,Zeit abgelaufen,0.38,0,3908,300.5,29,6,20250426-042905
626,kein_Terminated,Zeit abgelaufen,0.35,0,3604,300.5,29,3,20250426-042933
627,kein_Terminated,Zeit abgelaufen,0.35,0,3684,300.5,29,7,20250426-043001
628,kein_Terminated,Zeit abgelaufen,0.39,0,4220,300.5,29,3,20250426-043029
629,kein_Terminated,Zeit abgelaufen,0.33,0,3648,300.5,29,9,20250426-043057
630,kein_Terminated,Zeit abgelaufen,0.34,0,3804,300.5,29,8,20250426-043125
631,kein_Terminated,Zeit abgelaufen,0.38,0,3600,300.5,29,7,20250426-043153
632,kein_Terminated,Zeit abgelaufen,0.32,0,3428,300.5,29,9,20250426-043221
633,kein_Terminated,Zeit abgelaufen,0.34,0,3724,300.5,29,5,20250426-043248
634,kein_Terminated,Zeit abgelaufen,0.36,0,3792,300.5,29,0,20250426-043316
635,kein_Terminated,Zeit abgelaufen,0.39,0,4212,300.5,29,2,20250426-043344
636,kein_Terminated,Zeit abgelaufen,0.39,0,4224,300.5,29,2,20250426-043412
637,kein_Terminated,Zeit abgelaufen,0.36,0,3904,300.5,29,5,20250426-043440
638,kein_Terminated,Zeit abgelaufen,0.4,0,4248,300.5,29,4,20250426-043508
639,kein_Terminated,Zeit abgelaufen,0.41,1,4212,300.5,29,1,20250426-043536
640,kein_Terminated,Zeit abgelaufen,0.34,0,3632,300.5,29,8,20250426-043605
641,kein_Terminated,Zeit abgelaufen,0.35,0,3728,300.5,29,7,20250426-043633
642,kein_Terminated,Zeit abgelaufen,0.38,0,4204,300.5,29,4,20250426-043701
643,kein_Terminated,Zeit abgelaufen,0.38,0,3920,300.5,29,2,20250426-043729
644,kein_Terminated,Zeit abgelaufen,0.35,0,3848,300.5,29,8,20250426-043757
645,kein_Terminated,Zeit abgelaufen,0.38,0,4128,300.5,29,5,20250426-043824
646,kein_Terminated,Zeit abgelaufen,0.4,0,4228,300.5,29,3,20250426-043853
647,kein_Terminated,Zeit abgelaufen,0.32,0,3552,300.5,29,8,20250426-043921
648,kein_Terminated,Zeit abgelaufen,0.36,0,4012,300.5,29,9,20250426-043949
649,kein_Terminated,Zeit abgelaufen,0.39,0,4000,300.5,29,2,20250426-044017
650,kein_Terminated,Zeit abgelaufen,0.4,1,4140,300.5,29,1,20250426-044044
651,kein_Terminated,Zeit abgelaufen,0.39,0,4180,300.5,29,4,20250426-044112
652,kein_Terminated,Zeit abgelaufen,0.42,0,4036,300.5,29,0,20250426-044141
653,kein_Terminated,Zeit abgelaufen,0.39,1,4080,300.5,29,2,20250426-044209
654,kein_Terminated,Zeit abgelaufen,0.36,0,4044,300.5,29,6,20250426-044237
655,kein_Terminated,Zeit abgelaufen,0.4,1,4196,300.5,29,1,20250426-044304
656,kein_Terminated,Zeit abgelaufen,0.37,0,3868,300.5,29,5,20250426-044333
657,kein_Terminated,Zeit abgelaufen,0.39,0,4224,300.5,29,4,20250426-044401
658,kein_Terminated,Zeit abgelaufen,0.38,0,3564,300.5,29,6,20250426-044429
659,kein_Terminated,Zeit abgelaufen,0.38,0,4020,300.5,29,7,20250426-044456
660,kein_Terminated,Zeit abgelaufen,0.37,0,4020,300.5,29,7,20250426-044524
661,kein_Terminated,Zeit abgelaufen,0.38,1,3896,300.5,29,8,20250426-044552
662,kein_Terminated,Zeit abgelaufen,0.4,1,4252,300.5,29,1,20250426-044620
663,kein_Terminated,Zeit abgelaufen,0.4,0,4088,300.5,29,4,20250426-044648
664,kein_Terminated,Zeit abgelaufen,0.39,0,4196,300.5,29,3,20250426-044716
8,kein_Terminated,Zeit abgelaufen,0.38,5,3072,300.5,29,5,20250426-044753
665,kein_Terminated,Zeit abgelaufen,0.37,0,3896,300.5,29,9,20250426-044806
666,kein_Terminated,Zeit abgelaufen,0.36,0,4044,300.5,29,5,20250426-044835
667,kein_Terminated,Zeit abgelaufen,0.41,3,4224,300.5,29,1,20250426-044903
668,kein_Terminated,Zeit abgelaufen,0.37,0,4036,300.5,29,5,20250426-044931
669,kein_Terminated,Zeit abgelaufen,0.39,0,4204,300.5,29,6,20250426-044959
670,kein_Terminated,Zeit abgelaufen,0.37,0,4104,300.5,29,9,20250426-045027
671,kein_Terminated,Zeit abgelaufen,0.35,0,3832,300.5,29,6,20250426-045055
672,kein_Terminated,Zeit abgelaufen,0.4,1,4308,300.5,29,1,20250426-045123
673,kein_Terminated,Zeit abgelaufen,0.39,0,4104,300.5,29,6,20250426-045151
674,kein_Terminated,Zeit abgelaufen,0.41,1,3516,300.5,29,4,20250426-045219
675,kein_Terminated,Zeit abgelaufen,0.37,0,4116,300.5,29,9,20250426-045247
676,kein_Terminated,Zeit abgelaufen,0.39,1,4276,300.5,29,1,20250426-045315
677,kein_Terminated,Zeit abgelaufen,0.37,0,3896,300.5,29,7,20250426-045342
678,kein_Terminated,Zeit abgelaufen,0.37,0,3812,300.5,29,3,20250426-045410
679,kein_Terminated,Zeit abgelaufen,0.39,1,4060,300.5,29,1,20250426-045439
680,kein_Terminated,Zeit abgelaufen,0.38,0,4040,300.5,29,6,20250426-045507
681,kein_Terminated,Zeit abgelaufen,0.38,0,4020,300.5,29,9,20250426-045534
682,kein_Terminated,Zeit abgelaufen,0.41,1,4084,300.5,29,4,20250426-045603
683,kein_Terminated,Zeit abgelaufen,0.36,0,3972,300.5,29,9,20250426-045631
684,kein_Terminated,Zeit abgelaufen,0.43,1,3784,300.5,29,4,20250426-045658
685,kein_Terminated,Zeit abgelaufen,0.41,2,3872,300.5,29,1,20250426-045726
686,kein_Terminated,Zeit abgelaufen,0.36,0,3624,300.5,29,8,20250426-045755
687,kein_Terminated,Zeit abgelaufen,0.39,0,3756,300.5,29,3,20250426-045823
688,kein_Terminated,Zeit abgelaufen,0.36,0,3476,300.5,29,8,20250426-045851
689,kein_Terminated,Zeit abgelaufen,0.36,0,3940,300.5,29,9,20250426-045920
690,kein_Terminated,Zeit abgelaufen,0.35,0,3732,300.5,29,8,20250426-045948
691,kein_Terminated,Zeit abgelaufen,0.36,0,3872,300.5,29,8,20250426-050016
692,kein_Terminated,Zeit abgelaufen,0.37,0,3796,300.5,29,7,20250426-050045
693,kein_Terminated,Zeit abgelaufen,0.4,0,4064,300.5,29,4,20250426-050113
694,kein_Terminated,Zeit abgelaufen,0.35,0,3872,300.5,29,8,20250426-050141
695,kein_Terminated,Zeit abgelaufen,0.38,0,3976,300.5,29,2,20250426-050209
696,kein_Terminated,Zeit abgelaufen,0.35,0,3872,300.5,29,5,20250426-050237
697,kein_Terminated,Zeit abgelaufen,0.37,0,4120,300.5,29,5,20250426-050305
698,kein_Terminated,Zeit abgelaufen,0.38,0,4168,300.5,29,5,20250426-050334
699,kein_Terminated,Zeit abgelaufen,0.39,0,4080,300.5,29,2,20250426-050402
700,kein_Terminated,Zeit abgelaufen,0.4,1,4304,300.5,29,1,20250426-050430
701,kein_Terminated,Zeit abgelaufen,0.39,4,3864,300.5,29,0,20250426-050457
702,kein_Terminated,Zeit abgelaufen,0.36,0,3844,300.5,29,5,20250426-050526
703,kein_Terminated,Zeit abgelaufen,0.35,0,3960,300.5,29,9,20250426-050554
704,kein_Terminated,Zeit abgelaufen,0.37,0,3972,300.5,29,5,20250426-050622
705,kein_Terminated,Zeit abgelaufen,0.35,0,3612,300.5,29,3,20250426-050650
706,kein_Terminated,Zeit abgelaufen,0.37,0,3948,300.5,29,7,20250426-050718
707,kein_Terminated,Zeit abgelaufen,0.35,0,3744,300.5,29,3,20250426-050746
708,kein_Terminated,Zeit abgelaufen,0.36,0,3732,300.5,29,8,20250426-050814
709,kein_Terminated,Zeit abgelaufen,0.37,0,4064,300.5,29,3,20250426-050842
710,kein_Terminated,Zeit abgelaufen,0.33,0,3588,300.5,29,9,20250426-050910
711,kein_Terminated,Zeit abgelaufen,0.37,0,4088,300.5,29,9,20250426-050938
712,kein_Terminated,Zeit abgelaufen,0.41,0,3940,300.5,29,6,20250426-051006
713,kein_Terminated,Zeit abgelaufen,0.36,0,3888,300.5,29,2,20250426-051034
714,kein_Terminated,Zeit abgelaufen,0.36,0,3848,300.5,29,9,20250426-051102
715,kein_Terminated,Zeit abgelaufen,0.37,0,4048,300.5,29,5,20250426-051130
716,kein_Terminated,Zeit abgelaufen,0.36,0,3952,300.5,29,7,20250426-051158
717,kein_Terminated,Zeit abgelaufen,0.37,0,3840,300.5,29,6,20250426-051226
718,kein_Terminated,Zeit abgelaufen,0.39,0,4012,300.5,29,0,20250426-051254
719,kein_Terminated,Zeit abgelaufen,0.38,0,3936,300.5,29,6,20250426-051322
720,kein_Terminated,Zeit abgelaufen,0.37,0,3920,300.5,29,8,20250426-051350
721,kein_Terminated,Zeit abgelaufen,0.36,0,3832,300.5,29,8,20250426-051418
722,kein_Terminated,Zeit abgelaufen,0.35,0,3664,300.5,29,2,20250426-051446
723,kein_Terminated,Zeit abgelaufen,0.38,0,4072,300.5,29,0,20250426-051514
724,kein_Terminated,Zeit abgelaufen,0.36,0,3716,300.5,29,2,20250426-051542
725,kein_Terminated,Zeit abgelaufen,0.38,0,3844,300.5,29,6,20250426-051610
726,kein_Terminated,Zeit abgelaufen,0.36,0,3944,300.5,29,9,20250426-051638
727,kein_Terminated,Zeit abgelaufen,0.4,0,4076,300.5,29,0,20250426-051707
728,kein_Terminated,Zeit abgelaufen,0.38,0,3700,300.5,29,7,20250426-051734
729,kein_Terminated,Zeit abgelaufen,0.37,0,4008,300.5,29,5,20250426-051802
730,kein_Terminated,Zeit abgelaufen,0.36,0,3928,300.5,29,5,20250426-051830
731,kein_Terminated,Zeit abgelaufen,0.35,0,3536,300.5,29,8,20250426-051858
732,kein_Terminated,Zeit abgelaufen,0.42,0,4280,300.5,29,4,20250426-051926
733,kein_Terminated,Zeit abgelaufen,0.36,0,4004,300.5,29,9,20250426-051954
734,kein_Terminated,Zeit abgelaufen,0.36,0,3900,300.5,29,5,20250426-052022
735,kein_Terminated,Zeit abgelaufen,0.38,2,4044,300.5,29,6,20250426-052050
736,kein_Terminated,Zeit abgelaufen,0.37,0,4076,300.5,29,9,20250426-052118
737,kein_Terminated,Zeit abgelaufen,0.35,0,3768,300.5,29,5,20250426-052146
738,kein_Terminated,Zeit abgelaufen,0.37,0,3916,300.5,29,8,20250426-052214
739,kein_Terminated,Zeit abgelaufen,0.37,0,3992,300.5,29,3,20250426-052242
740,kein_Terminated,Zeit abgelaufen,0.37,0,3692,300.5,29,7,20250426-052310
741,kein_Terminated,Zeit abgelaufen,0.42,0,4152,300.5,29,0,20250426-052338
742,kein_Terminated,Zeit abgelaufen,0.39,0,4156,300.5,29,0,20250426-052406
743,kein_Terminated,Zeit abgelaufen,0.39,0,4248,300.5,29,6,20250426-052435
744,kein_Terminated,Zeit abgelaufen,0.39,1,4208,300.5,29,1,20250426-052503
745,kein_Terminated,Zeit abgelaufen,0.34,0,3792,300.5,29,5,20250426-052531
746,kein_Terminated,Zeit abgelaufen,0.37,0,4024,300.5,29,8,20250426-052559
747,kein_Terminated,Zeit abgelaufen,0.36,0,3776,300.5,29,8,20250426-052627
9,kein_Terminated,Zeit abgelaufen,0.35,0,2224,300.5,29,5,20250426-052705
748,kein_Terminated,Zeit abgelaufen,0.38,0,4100,300.5,29,6,20250426-052717
749,kein_Terminated,Zeit abgelaufen,0.36,0,3812,300.5,29,2,20250426-052745
750,kein_Terminated,Zeit abgelaufen,0.42,0,4300,300.5,29,0,20250426-052813
751,kein_Terminated,Zeit abgelaufen,0.4,1,4100,300.5,29,1,20250426-052841
752,kein_Terminated,Zeit abgelaufen,0.36,0,3780,300.5,29,2,20250426-052909
753,kein_Terminated,Zeit abgelaufen,0.33,0,3588,300.5,29,8,20250426-052938
754,kein_Terminated,Zeit abgelaufen,0.4,0,3988,300.5,29,7,20250426-053006
755,kein_Terminated,Zeit abgelaufen,0.4,1,4208,300.5,29,1,20250426-053034
756,kein_Terminated,Zeit abgelaufen,0.36,0,3784,300.5,29,8,20250426-053102
757,kein_Terminated,Zeit abgelaufen,0.37,0,4020,300.5,29,3,20250426-053130
758,kein_Terminated,Zeit abgelaufen,0.41,0,3828,300.5,29,4,20250426-053157
759,kein_Terminated,Zeit abgelaufen,0.39,0,3932,300.5,29,6,20250426-053226
760,kein_Terminated,Zeit abgelaufen,0.36,0,3884,300.5,29,3,20250426-053254
761,kein_Terminated,Zeit abgelaufen,0.33,0,3492,300.5,29,6,20250426-053322
762,kein_Terminated,Zeit abgelaufen,0.38,0,3956,300.5,29,3,20250426-053350
763,kein_Terminated,Zeit abgelaufen,0.38,0,3852,300.5,29,6,20250426-053419
764,kein_Terminated,Zeit abgelaufen,0.39,0,3952,300.5,29,2,20250426-053447
765,kein_Terminated,Zeit abgelaufen,0.38,0,3972,300.5,29,7,20250426-053515
766,kein_Terminated,Zeit abgelaufen,0.39,1,4356,300.5,29,1,20250426-053543
767,kein_Terminated,Zeit abgelaufen,0.37,0,4168,300.5,29,5,20250426-053611
768,kein_Terminated,Zeit abgelaufen,0.39,2,3780,300.5,29,3,20250426-053639
769,kein_Terminated,Zeit abgelaufen,0.37,0,3864,300.5,29,6,20250426-053707
770,kein_Terminated,Zeit abgelaufen,0.36,0,3980,300.5,29,5,20250426-053735
771,kein_Terminated,Zeit abgelaufen,0.39,0,4080,300.5,29,2,20250426-053803
772,kein_Terminated,Zeit abgelaufen,0.42,1,4040,300.5,29,0,20250426-053831
773,kein_Terminated,Zeit abgelaufen,0.41,4,4152,300.5,29,0,20250426-053859
774,kein_Terminated,Zeit abgelaufen,0.36,0,4036,300.5,29,9,20250426-053928
775,kein_Terminated,Zeit abgelaufen,0.39,1,4016,300.5,29,1,20250426-053956
776,kein_Terminated,Zeit abgelaufen,0.36,0,3980,300.5,29,5,20250426-054024
777,kein_Terminated,Zeit abgelaufen,0.35,0,3580,300.5,29,8,20250426-054052
778,kein_Terminated,Zeit abgelaufen,0.39,1,4240,300.5,29,1,20250426-054120
779,kein_Terminated,Zeit abgelaufen,0.4,0,4108,300.5,29,0,20250426-054148
780,kein_Terminated,Zeit abgelaufen,0.4,0,4176,300.5,29,0,20250426-054216
781,kein_Terminated,Zeit abgelaufen,0.37,0,3924,300.5,29,6,20250426-054244
782,kein_Terminated,Zeit abgelaufen,0.42,0,4172,300.5,29,0,20250426-054312
783,kein_Terminated,Zeit abgelaufen,0.36,0,4052,300.5,29,9,20250426-054340
784,kein_Terminated,Zeit abgelaufen,0.4,4,4016,300.5,29,0,20250426-054408
785,kein_Terminated,Zeit abgelaufen,0.39,1,4140,300.5,29,1,20250426-054436
786,kein_Terminated,Zeit abgelaufen,0.35,0,3660,300.5,29,8,20250426-054504
787,kein_Terminated,Zeit abgelaufen,0.41,0,4188,300.5,29,4,20250426-054532
788,kein_Terminated,Zeit abgelaufen,0.34,0,3780,300.5,29,5,20250426-054600
789,kein_Terminated,Zeit abgelaufen,0.39,0,3984,300.5,29,6,20250426-054628
790,kein_Terminated,Zeit abgelaufen,0.38,0,3924,300.5,29,7,20250426-054656
791,kein_Terminated,Zeit abgelaufen,0.39,0,4112,300.5,29,9,20250426-054724
792,kein_Terminated,Zeit abgelaufen,0.36,0,3980,300.5,29,6,20250426-054752
793,kein_Terminated,Zeit abgelaufen,0.36,0,4024,300.5,29,2,20250426-054821
794,kein_Terminated,Zeit abgelaufen,0.37,0,3992,300.5,29,3,20250426-054849
795,kein_Terminated,Zeit abgelaufen,0.37,0,3864,300.5,29,8,20250426-054917
796,kein_Terminated,Zeit abgelaufen,0.37,0,3828,300.5,29,2,20250426-054945
797,kein_Terminated,Zeit abgelaufen,0.37,0,4168,300.5,29,8,20250426-055013
798,kein_Terminated,Zeit abgelaufen,0.4,0,3928,300.5,29,0,20250426-055041
799,kein_Terminated,Zeit abgelaufen,0.43,1,4384,300.5,29,4,20250426-055109
800,kein_Terminated,Zeit abgelaufen,0.38,0,4172,300.5,29,2,20250426-055136
801,kein_Terminated,Zeit abgelaufen,0.36,0,4060,300.5,29,5,20250426-055205
802,kein_Terminated,Zeit abgelaufen,0.37,0,3976,300.5,29,6,20250426-055233
803,kein_Terminated,Zeit abgelaufen,0.35,0,3696,300.5,29,8,20250426-055301
804,kein_Terminated,Zeit abgelaufen,0.39,0,4220,300.5,29,6,20250426-055329
805,kein_Terminated,Zeit abgelaufen,0.39,1,4192,300.5,29,1,20250426-055357
806,kein_Terminated,Zeit abgelaufen,0.38,0,3896,300.5,29,8,20250426-055426
807,kein_Terminated,Zeit abgelaufen,0.38,0,4112,300.5,29,6,20250426-055454
808,kein_Terminated,Zeit abgelaufen,0.38,0,3972,300.5,29,5,20250426-055522
809,kein_Terminated,Zeit abgelaufen,0.37,0,4044,300.5,29,8,20250426-055550
810,kein_Terminated,Zeit abgelaufen,0.37,0,3992,300.5,29,8,20250426-055617
811,kein_Terminated,Zeit abgelaufen,0.39,1,4292,300.5,29,1,20250426-055645
812,kein_Terminated,Zeit abgelaufen,0.36,0,3548,300.5,29,7,20250426-055713
813,kein_Terminated,Zeit abgelaufen,0.36,0,3764,300.5,29,8,20250426-055741
814,kein_Terminated,Zeit abgelaufen,0.38,0,4132,300.5,29,7,20250426-055809
815,kein_Terminated,Zeit abgelaufen,0.36,0,3888,300.5,29,5,20250426-055837
816,kein_Terminated,Zeit abgelaufen,0.39,0,4032,300.5,29,3,20250426-055906
817,kein_Terminated,Zeit abgelaufen,0.35,0,3704,300.5,29,8,20250426-055934
818,kein_Terminated,Zeit abgelaufen,0.35,0,3892,300.5,29,6,20250426-060002
819,kein_Terminated,Zeit abgelaufen,0.37,0,3916,300.5,29,3,20250426-060030
820,kein_Terminated,Zeit abgelaufen,0.38,0,4100,300.5,29,2,20250426-060058
821,kein_Terminated,Zeit abgelaufen,0.42,1,4436,300.5,29,1,20250426-060126
822,kein_Terminated,Zeit abgelaufen,0.35,0,3832,300.5,29,5,20250426-060154
823,kein_Terminated,Zeit abgelaufen,0.38,0,3872,300.5,29,9,20250426-060222
824,kein_Terminated,Zeit abgelaufen,0.39,1,4216,300.5,29,1,20250426-060250
825,kein_Terminated,Zeit abgelaufen,0.36,0,4040,300.5,29,9,20250426-060318
826,kein_Terminated,Zeit abgelaufen,0.4,0,4292,300.5,29,3,20250426-060346
827,kein_Terminated,Zeit abgelaufen,0.36,0,4036,300.5,29,8,20250426-060414
828,kein_Terminated,Zeit abgelaufen,0.37,0,4060,300.5,29,3,20250426-060442
829,kein_Terminated,Zeit abgelaufen,0.36,0,3876,300.5,29,8,20250426-060510
830,kein_Terminated,Zeit abgelaufen,0.4,1,4384,300.5,29,1,20250426-060538
10,kein_Terminated,Zeit abgelaufen,0.37,12,3156,300.5,29,1,20250426-060618
831,kein_Terminated,Zeit abgelaufen,0.35,0,3852,300.5,29,5,20250426-060628
832,kein_Terminated,Zeit abgelaufen,0.41,0,4256,300.5,29,0,20250426-060656
833,kein_Terminated,Zeit abgelaufen,0.4,0,4172,300.5,29,2,20250426-060724
834,kein_Terminated,Zeit abgelaufen,0.4,0,4092,300.5,29,0,20250426-060752
835,kein_Terminated,Zeit abgelaufen,0.4,1,4008,300.5,29,6,20250426-060820
836,kein_Terminated,Zeit abgelaufen,0.34,0,3428,300.5,29,6,20250426-060848
837,kein_Terminated,Zeit abgelaufen,0.4,0,4012,300.5,29,4,20250426-060916
838,kein_Terminated,Zeit abgelaufen,0.42,0,4176,300.5,29,0,20250426-060944
839,kein_Terminated,Zeit abgelaufen,0.4,0,4376,300.5,29,5,20250426-061012
840,kein_Terminated,Zeit abgelaufen,0.4,0,4292,300.5,29,3,20250426-061040
841,kein_Terminated,Zeit abgelaufen,0.4,1,4272,300.5,29,1,20250426-061108
842,kein_Terminated,Zeit abgelaufen,0.36,0,4012,300.5,29,5,20250426-061136
843,kein_Terminated,Zeit abgelaufen,0.4,0,4252,300.5,29,2,20250426-061204
844,kein_Terminated,Zeit abgelaufen,0.36,0,3908,300.5,29,8,20250426-061232
845,kein_Terminated,Zeit abgelaufen,0.38,0,3760,300.5,29,3,20250426-061300
846,kein_Terminated,Zeit abgelaufen,0.39,0,4004,300.5,29,3,20250426-061329
847,kein_Terminated,Zeit abgelaufen,0.39,0,3920,300.5,29,3,20250426-061357
848,kein_Terminated,Zeit abgelaufen,0.35,0,3584,300.5,29,7,20250426-061425
849,kein_Terminated,Zeit abgelaufen,0.38,1,4048,300.5,29,1,20250426-061453
850,kein_Terminated,Zeit abgelaufen,0.39,0,4216,300.5,29,2,20250426-061521
851,kein_Terminated,Zeit abgelaufen,0.35,0,3684,300.5,29,8,20250426-061549
852,kein_Terminated,Zeit abgelaufen,0.39,0,4060,300.5,29,4,20250426-061617
853,kein_Terminated,Zeit abgelaufen,0.35,0,3780,300.5,29,7,20250426-061645
854,kein_Terminated,Zeit abgelaufen,0.37,0,3980,300.5,29,8,20250426-061713
855,kein_Terminated,Zeit abgelaufen,0.34,0,3560,300.5,29,7,20250426-061742
856,kein_Terminated,Zeit abgelaufen,0.42,0,4204,300.5,29,0,20250426-061809
857,kein_Terminated,Zeit abgelaufen,0.39,1,4028,300.5,29,1,20250426-061837
858,kein_Terminated,Zeit abgelaufen,0.37,0,3836,300.5,29,6,20250426-061905
859,kein_Terminated,Zeit abgelaufen,0.4,0,4244,300.5,29,2,20250426-061933
860,kein_Terminated,Zeit abgelaufen,0.32,0,3276,300.5,29,7,20250426-062001
861,kein_Terminated,Zeit abgelaufen,0.36,0,3948,300.5,29,8,20250426-062029
862,kein_Terminated,Zeit abgelaufen,0.38,0,3956,300.5,29,3,20250426-062057
863,kein_Terminated,Zeit abgelaufen,0.35,0,3768,300.5,29,8,20250426-062125
864,kein_Terminated,Zeit abgelaufen,0.4,0,4104,300.5,29,4,20250426-062153
865,kein_Terminated,Zeit abgelaufen,0.34,2,3436,300.5,29,7,20250426-062221
866,kein_Terminated,Zeit abgelaufen,0.38,0,4276,300.5,29,9,20250426-062249
867,kein_Terminated,Zeit abgelaufen,0.37,0,3928,300.5,29,7,20250426-062317
868,kein_Terminated,Zeit abgelaufen,0.41,0,4336,300.5,29,4,20250426-062345
869,kein_Terminated,Zeit abgelaufen,0.38,0,4228,300.5,29,9,20250426-062413
870,kein_Terminated,Zeit abgelaufen,0.41,0,4200,300.5,29,3,20250426-062441
871,kein_Terminated,Zeit abgelaufen,0.41,0,4120,300.5,29,0,20250426-062509
872,kein_Terminated,Zeit abgelaufen,0.4,1,4376,300.5,29,1,20250426-062537
873,kein_Terminated,Zeit abgelaufen,0.37,0,3960,300.5,29,5,20250426-062605
874,kein_Terminated,Zeit abgelaufen,0.37,0,3872,300.5,29,6,20250426-062633
875,kein_Terminated,Zeit abgelaufen,0.4,1,4164,300.5,29,1,20250426-062701
876,kein_Terminated,Zeit abgelaufen,0.39,0,4020,300.5,29,3,20250426-062729
877,kein_Terminated,Zeit abgelaufen,0.38,0,4088,300.5,29,7,20250426-062757
878,kein_Terminated,Zeit abgelaufen,0.37,1,3880,300.5,29,7,20250426-062825
879,kein_Terminated,Zeit abgelaufen,0.4,0,4000,300.5,29,0,20250426-062853
880,kein_Terminated,Zeit abgelaufen,0.38,0,4036,300.5,29,3,20250426-062921
881,kein_Terminated,Zeit abgelaufen,0.42,0,4408,300.5,29,0,20250426-062949
882,kein_Terminated,Zeit abgelaufen,0.37,0,3900,300.5,29,6,20250426-063017
883,kein_Terminated,Zeit abgelaufen,0.36,0,3992,300.5,29,8,20250426-063045
884,kein_Terminated,Zeit abgelaufen,0.41,2,4224,300.5,29,4,20250426-063113
885,kein_Terminated,Zeit abgelaufen,0.37,1,4044,300.5,29,1,20250426-063141
886,kein_Terminated,Zeit abgelaufen,0.37,0,4112,300.5,29,5,20250426-063209
887,kein_Terminated,Zeit abgelaufen,0.39,0,4264,300.5,29,5,20250426-063237
888,kein_Terminated,Zeit abgelaufen,0.4,1,4132,300.5,29,1,20250426-063305
889,kein_Terminated,Zeit abgelaufen,0.4,2,4000,300.5,29,1,20250426-063333
890,kein_Terminated,Zeit abgelaufen,0.39,0,4268,300.5,29,2,20250426-063401
891,kein_Terminated,Zeit abgelaufen,0.38,1,4140,300.5,29,1,20250426-063429
892,kein_Terminated,Zeit abgelaufen,0.4,0,4180,300.5,29,3,20250426-063457
893,kein_Terminated,Zeit abgelaufen,0.38,0,4236,300.5,29,5,20250426-063525
894,kein_Terminated,Zeit abgelaufen,0.35,0,3948,300.5,29,5,20250426-063552
895,kein_Terminated,Zeit abgelaufen,0.35,0,3748,300.5,29,8,20250426-063620
896,kein_Terminated,Zeit abgelaufen,0.38,0,3952,300.5,29,4,20250426-063648
897,kein_Terminated,Zeit abgelaufen,0.37,0,3860,300.5,29,9,20250426-063716
898,kein_Terminated,Zeit abgelaufen,0.38,0,3872,300.5,29,7,20250426-063744
899,kein_Terminated,Zeit abgelaufen,0.4,0,4048,300.5,29,0,20250426-063812
900,kein_Terminated,Zeit abgelaufen,0.39,1,4248,300.5,29,1,20250426-063840
901,kein_Terminated,Zeit abgelaufen,0.38,0,4212,300.5,29,5,20250426-063929
902,kein_Terminated,Zeit abgelaufen,0.34,0,3712,300.5,29,9,20250426-063957
903,kein_Terminated,Zeit abgelaufen,0.39,0,3984,300.5,29,5,20250426-064025
904,kein_Terminated,Zeit abgelaufen,0.39,0,4092,300.5,29,7,20250426-064053
905,kein_Terminated,Zeit abgelaufen,0.37,0,4228,300.5,29,5,20250426-064121
906,kein_Terminated,Zeit abgelaufen,0.39,0,4076,300.5,29,6,20250426-064149
907,kein_Terminated,Zeit abgelaufen,0.37,0,3932,300.5,29,9,20250426-064217
908,kein_Terminated,Zeit abgelaufen,0.38,0,4240,300.5,29,9,20250426-064245
909,kein_Terminated,Zeit abgelaufen,0.38,0,4132,300.5,29,2,20250426-064314
910,kein_Terminated,Zeit abgelaufen,0.41,0,4172,300.5,29,4,20250426-064342
911,kein_Terminated,Zeit abgelaufen,0.4,1,4336,300.5,29,1,20250426-064409
912,kein_Terminated,Zeit abgelaufen,0.42,1,4472,300.5,29,1,20250426-064437
913,kein_Terminated,Zeit abgelaufen,0.36,0,4048,300.5,29,7,20250426-064505
11,kein_Terminated,Zeit abgelaufen,0.4,6,3412,300.5,29,5,20250426-064546
914,kein_Terminated,Zeit abgelaufen,0.43,1,4332,300.5,29,1,20250426-064555
915,kein_Terminated,Zeit abgelaufen,0.42,1,3992,300.5,29,1,20250426-064623
916,kein_Terminated,Zeit abgelaufen,0.41,0,4300,300.5,29,4,20250426-064651
917,kein_Terminated,Zeit abgelaufen,0.38,0,4168,300.5,29,2,20250426-064719
918,kein_Terminated,Zeit abgelaufen,0.42,0,4068,300.5,29,4,20250426-064747
919,kein_Terminated,Zeit abgelaufen,0.38,1,4000,300.5,29,1,20250426-064815
920,kein_Terminated,Zeit abgelaufen,0.32,0,3440,300.5,29,7,20250426-064843
921,kein_Terminated,Zeit abgelaufen,0.41,0,4140,300.5,29,3,20250426-064911
922,kein_Terminated,Zeit abgelaufen,0.37,0,4016,300.5,29,9,20250426-064939
923,kein_Terminated,Zeit abgelaufen,0.42,0,4088,300.5,29,0,20250426-065007
924,kein_Terminated,Zeit abgelaufen,0.41,2,4224,300.5,29,4,20250426-065035
925,kein_Terminated,Zeit abgelaufen,0.39,1,4092,300.5,29,1,20250426-065103
926,kein_Terminated,Zeit abgelaufen,0.39,0,4152,300.5,29,0,20250426-065131
927,kein_Terminated,Zeit abgelaufen,0.38,0,4096,300.5,29,5,20250426-065158
928,kein_Terminated,Zeit abgelaufen,0.44,0,4392,300.5,29,4,20250426-065226
929,kein_Terminated,Zeit abgelaufen,0.4,1,4244,300.5,29,1,20250426-065254
930,kein_Terminated,Zeit abgelaufen,0.35,0,3820,300.5,29,5,20250426-065322
931,kein_Terminated,Zeit abgelaufen,0.35,0,3760,300.5,29,8,20250426-065350
932,kein_Terminated,Zeit abgelaufen,0.36,0,4012,300.5,29,5,20250426-065418
933,kein_Terminated,Zeit abgelaufen,0.39,0,4116,300.5,29,8,20250426-065446
934,kein_Terminated,Zeit abgelaufen,0.38,0,3864,300.5,29,8,20250426-065514
935,kein_Terminated,Zeit abgelaufen,0.35,0,3852,300.5,29,5,20250426-065542
936,kein_Terminated,Zeit abgelaufen,0.4,0,4180,300.5,29,0,20250426-065610
937,kein_Terminated,Zeit abgelaufen,0.42,0,4072,300.5,29,3,20250426-065638
938,kein_Terminated,Zeit abgelaufen,0.38,0,4112,300.5,29,4,20250426-065705
939,kein_Terminated,Zeit abgelaufen,0.38,0,3488,300.5,29,6,20250426-065733
940,kein_Terminated,Zeit abgelaufen,0.4,0,4132,300.5,29,3,20250426-065800
941,kein_Terminated,Zeit abgelaufen,0.38,0,4040,300.5,29,2,20250426-065829
942,kein_Terminated,Zeit abgelaufen,0.39,0,4356,300.5,29,5,20250426-065856
943,kein_Terminated,Zeit abgelaufen,0.4,0,4272,300.5,29,3,20250426-065924
944,kein_Terminated,Zeit abgelaufen,0.4,0,4084,300.5,29,1,20250426-065952
945,kein_Terminated,Zeit abgelaufen,0.39,0,4268,300.5,29,5,20250426-070020
946,kein_Terminated,Zeit abgelaufen,0.38,0,3980,300.5,29,8,20250426-070048
947,kein_Terminated,Zeit abgelaufen,0.38,0,3648,300.5,29,7,20250426-070116
948,kein_Terminated,Zeit abgelaufen,0.4,0,4304,300.5,29,0,20250426-070144
949,kein_Terminated,Zeit abgelaufen,0.37,0,3992,300.5,29,7,20250426-070211
950,kein_Terminated,Zeit abgelaufen,0.41,0,4272,300.5,29,0,20250426-070239
951,kein_Terminated,Zeit abgelaufen,0.39,0,4160,300.5,29,2,20250426-070307
952,kein_Terminated,Zeit abgelaufen,0.38,0,3864,300.5,29,4,20250426-070335
953,kein_Terminated,Zeit abgelaufen,0.35,0,3720,300.5,29,8,20250426-070403
954,kein_Terminated,Zeit abgelaufen,0.37,0,4000,300.5,29,8,20250426-070430
955,kein_Terminated,Zeit abgelaufen,0.43,0,4292,300.5,29,0,20250426-070458
956,kein_Terminated,Zeit abgelaufen,0.38,0,3844,300.5,29,9,20250426-070526
957,kein_Terminated,Zeit abgelaufen,0.39,0,4252,300.5,29,6,20250426-070554
958,kein_Terminated,Zeit abgelaufen,0.43,0,4260,300.5,29,4,20250426-070622
959,kein_Terminated,Zeit abgelaufen,0.36,0,3688,300.5,29,6,20250426-070650
960,kein_Terminated,Zeit abgelaufen,0.4,0,4136,300.5,29,9,20250426-070718
961,kein_Terminated,Zeit abgelaufen,0.36,0,4088,300.5,29,5,20250426-070747
962,kein_Terminated,Zeit abgelaufen,0.38,0,4224,300.5,29,9,20250426-070815
963,kein_Terminated,Zeit abgelaufen,0.38,0,4132,300.5,29,8,20250426-070843
964,kein_Terminated,Zeit abgelaufen,0.38,0,4152,300.5,29,3,20250426-070910
965,kein_Terminated,Zeit abgelaufen,0.4,1,4124,300.5,29,1,20250426-070938
966,kein_Terminated,Zeit abgelaufen,0.41,0,4316,300.5,29,5,20250426-071006
967,kein_Terminated,Zeit abgelaufen,0.39,0,4096,300.5,29,7,20250426-071034
968,kein_Terminated,Zeit abgelaufen,0.38,0,4188,300.5,29,9,20250426-071102
969,kein_Terminated,Zeit abgelaufen,0.36,0,3860,300.5,29,8,20250426-071130
970,kein_Terminated,Zeit abgelaufen,0.36,0,3812,300.5,29,8,20250426-071158
971,kein_Terminated,Zeit abgelaufen,0.41,0,4260,300.5,29,3,20250426-071225
972,kein_Terminated,Zeit abgelaufen,0.39,0,4044,300.5,29,4,20250426-071253
973,kein_Terminated,Zeit abgelaufen,0.4,1,4156,300.5,29,1,20250426-071321
974,kein_Terminated,Zeit abgelaufen,0.4,0,4380,300.5,29,9,20250426-071349
975,kein_Terminated,Zeit abgelaufen,0.39,0,3680,300.5,29,4,20250426-071417
976,kein_Terminated,Zeit abgelaufen,0.42,0,4100,300.5,29,0,20250426-071445
977,kein_Terminated,Zeit abgelaufen,0.4,0,4396,300.5,29,2,20250426-071513
978,kein_Terminated,Zeit abgelaufen,0.4,0,4132,300.5,29,0,20250426-071541
979,kein_Terminated,Zeit abgelaufen,0.41,0,4460,300.5,29,2,20250426-071609
980,kein_Terminated,Zeit abgelaufen,0.37,0,3932,300.5,29,7,20250426-071637
981,kein_Terminated,Zeit abgelaufen,0.41,0,4264,300.5,29,0,20250426-071704
982,kein_Terminated,Zeit abgelaufen,0.38,0,4004,300.5,29,3,20250426-071732
983,kein_Terminated,Zeit abgelaufen,0.4,0,4140,300.5,29,3,20250426-071800
984,kein_Terminated,Zeit abgelaufen,0.35,0,3748,300.5,29,6,20250426-071828
985,kein_Terminated,Zeit abgelaufen,0.39,0,3828,300.5,29,9,20250426-071856
986,kein_Terminated,Zeit abgelaufen,0.37,0,4088,300.5,29,8,20250426-071923
987,kein_Terminated,Zeit abgelaufen,0.41,2,4228,300.5,29,1,20250426-071951
988,kein_Terminated,Zeit abgelaufen,0.36,0,3432,300.5,29,7,20250426-072019
989,kein_Terminated,Zeit abgelaufen,0.37,0,4140,300.5,29,9,20250426-072047
990,kein_Terminated,Zeit abgelaufen,0.35,0,3812,300.5,29,8,20250426-072115
991,kein_Terminated,Zeit abgelaufen,0.38,0,4068,300.5,29,7,20250426-072144
992,kein_Terminated,Zeit abgelaufen,0.4,0,4296,300.5,29,0,20250426-072211
993,kein_Terminated,Zeit abgelaufen,0.41,0,4356,300.5,29,5,20250426-072239
994,kein_Terminated,Zeit abgelaufen,0.36,0,3976,300.5,29,8,20250426-072307
995,kein_Terminated,Zeit abgelaufen,0.39,0,4208,300.5,29,9,20250426-072335
996,kein_Terminated,Zeit abgelaufen,0.37,0,4088,300.5,29,8,20250426-072403
12,kein_Terminated,Zeit abgelaufen,0.41,1,3532,300.5,29,1,20250426-072445
997,kein_Terminated,Zeit abgelaufen,0.4,1,4380,300.5,29,1,20250426-072453
998,kein_Terminated,Zeit abgelaufen,0.39,0,4380,300.5,29,5,20250426-072521
999,kein_Terminated,Zeit abgelaufen,0.38,0,3976,300.5,29,5,20250426-072549
1000,kein_Terminated,Zeit abgelaufen,0.4,0,3928,300.5,29,3,20250426-072617
1001,kein_Terminated,Zeit abgelaufen,0.39,0,4108,300.5,29,9,20250426-072645
1002,kein_Terminated,Zeit abgelaufen,0.4,0,4332,300.5,29,3,20250426-072713
1003,kein_Terminated,Zeit abgelaufen,0.41,0,4308,300.5,29,3,20250426-072741
1004,kein_Terminated,Zeit abgelaufen,0.39,1,4036,300.5,29,1,20250426-072809
1005,kein_Terminated,Zeit abgelaufen,0.43,2,4628,300.5,29,3,20250426-072837
1006,kein_Terminated,Zeit abgelaufen,0.36,0,3768,300.5,29,3,20250426-072905
1007,kein_Terminated,Zeit abgelaufen,0.4,0,4056,300.5,29,6,20250426-072933
1008,kein_Terminated,Zeit abgelaufen,0.39,1,4204,300.5,29,1,20250426-073000
1009,kein_Terminated,Zeit abgelaufen,0.36,0,3792,300.5,29,7,20250426-073028
1010,kein_Terminated,Zeit abgelaufen,0.36,0,3504,300.5,29,3,20250426-073056
1011,kein_Terminated,Zeit abgelaufen,0.36,0,4056,300.5,29,8,20250426-073124
1012,kein_Terminated,Zeit abgelaufen,0.42,0,4168,300.5,29,0,20250426-073152
1013,kein_Terminated,Zeit abgelaufen,0.4,1,4216,300.5,29,1,20250426-073219
1014,kein_Terminated,Zeit abgelaufen,0.37,0,4072,300.5,29,8,20250426-073247
1015,kein_Terminated,Zeit abgelaufen,0.4,0,4220,300.5,29,5,20250426-073315
1016,kein_Terminated,Zeit abgelaufen,0.43,0,4108,300.5,29,0,20250426-073342
1017,kein_Terminated,Zeit abgelaufen,0.44,1,4316,300.5,29,2,20250426-073410
1018,kein_Terminated,Zeit abgelaufen,0.35,0,3784,300.5,29,3,20250426-073438
1019,kein_Terminated,Zeit abgelaufen,0.44,0,4312,300.5,29,4,20250426-073506
1020,kein_Terminated,Zeit abgelaufen,0.37,0,4124,300.5,29,5,20250426-073534
1021,kein_Terminated,Zeit abgelaufen,0.37,0,4108,300.5,29,8,20250426-073602
1022,kein_Terminated,Zeit abgelaufen,0.45,0,4340,300.5,29,4,20250426-073629
1023,kein_Terminated,Zeit abgelaufen,0.42,0,3896,300.5,29,0,20250426-073657
1024,kein_Terminated,Zeit abgelaufen,0.39,1,4132,300.5,29,1,20250426-073725
1025,kein_Terminated,Zeit abgelaufen,0.37,0,3944,300.5,29,6,20250426-073753
1026,kein_Terminated,Zeit abgelaufen,0.41,0,4312,300.5,29,9,20250426-073821
1027,kein_Terminated,Zeit abgelaufen,0.41,0,4084,300.5,29,0,20250426-073849
1028,kein_Terminated,Zeit abgelaufen,0.4,0,4476,300.5,29,5,20250426-073917
1029,kein_Terminated,Zeit abgelaufen,0.42,0,4560,300.5,29,5,20250426-073945
1030,kein_Terminated,Zeit abgelaufen,0.41,1,4324,300.5,29,1,20250426-074013
1031,kein_Terminated,Zeit abgelaufen,0.4,1,4040,300.5,29,1,20250426-074041
1032,kein_Terminated,Zeit abgelaufen,0.4,1,4284,300.5,29,1,20250426-074109
1033,kein_Terminated,Zeit abgelaufen,0.4,0,4008,300.5,29,6,20250426-074137
1034,kein_Terminated,Zeit abgelaufen,0.39,0,4072,300.5,29,7,20250426-074205
1035,kein_Terminated,Zeit abgelaufen,0.36,0,3888,300.5,29,8,20250426-074233
1036,kein_Terminated,Zeit abgelaufen,0.39,0,3724,300.5,29,9,20250426-074301
1037,kein_Terminated,Zeit abgelaufen,0.36,0,3668,300.5,29,6,20250426-074329
1038,kein_Terminated,Zeit abgelaufen,0.39,0,4204,300.5,29,8,20250426-074357
1039,kein_Terminated,Zeit abgelaufen,0.42,0,4308,300.5,29,0,20250426-074425
1040,kein_Terminated,Zeit abgelaufen,0.43,0,4228,300.5,29,0,20250426-074453
1041,kein_Terminated,Zeit abgelaufen,0.45,0,4408,300.5,29,4,20250426-074521
1042,kein_Terminated,Zeit abgelaufen,0.41,0,4244,300.5,29,9,20250426-074549
1043,kein_Terminated,Zeit abgelaufen,0.43,1,4388,300.5,29,1,20250426-074617
1044,kein_Terminated,Zeit abgelaufen,0.42,1,4148,300.5,29,2,20250426-074645
1045,kein_Terminated,Zeit abgelaufen,0.37,0,3620,300.5,29,7,20250426-074713
1046,kein_Terminated,Zeit abgelaufen,0.37,1,3984,300.5,29,1,20250426-074741
1047,kein_Terminated,Zeit abgelaufen,0.38,0,3960,300.5,29,8,20250426-074809
1048,kein_Terminated,Zeit abgelaufen,0.37,2,4032,300.5,29,8,20250426-074837
1049,kein_Terminated,Zeit abgelaufen,0.44,0,3928,300.5,29,4,20250426-074905
1050,kein_Terminated,Zeit abgelaufen,0.42,1,4496,300.5,29,1,20250426-074933
1051,kein_Terminated,Zeit abgelaufen,0.37,1,4116,300.5,29,1,20250426-075000
1052,kein_Terminated,Zeit abgelaufen,0.44,0,4464,300.5,29,4,20250426-075028
1053,kein_Terminated,Zeit abgelaufen,0.4,0,4220,300.5,29,9,20250426-075056
1054,kein_Terminated,Zeit abgelaufen,0.39,0,4268,300.5,29,2,20250426-075124
1055,kein_Terminated,Zeit abgelaufen,0.39,1,4124,300.5,29,3,20250426-075152
1056,kein_Terminated,Zeit abgelaufen,0.37,1,4008,300.5,29,1,20250426-075220
1057,kein_Terminated,Zeit abgelaufen,0.4,0,4052,300.5,29,9,20250426-075247
1058,kein_Terminated,Zeit abgelaufen,0.42,0,4176,300.5,29,0,20250426-075315
1059,kein_Terminated,Zeit abgelaufen,0.39,0,4340,300.5,29,5,20250426-075343
1060,kein_Terminated,Zeit abgelaufen,0.4,0,4156,300.5,29,9,20250426-075411
1061,kein_Terminated,Zeit abgelaufen,0.45,0,4532,300.5,29,4,20250426-075439
1062,kein_Terminated,Zeit abgelaufen,0.4,0,3864,300.5,29,9,20250426-075506
1063,kein_Terminated,Zeit abgelaufen,0.39,0,3968,300.5,29,7,20250426-075534
1064,kein_Terminated,Zeit abgelaufen,0.36,0,3904,300.5,29,8,20250426-075602
1065,kein_Terminated,Zeit abgelaufen,0.37,0,3784,300.5,29,7,20250426-075630
1066,kein_Terminated,Zeit abgelaufen,0.38,0,3964,300.5,29,2,20250426-075658
1067,kein_Terminated,Zeit abgelaufen,0.4,0,4016,300.5,29,3,20250426-075725
1068,kein_Terminated,Zeit abgelaufen,0.38,0,3968,300.5,29,7,20250426-075753
1069,kein_Terminated,Zeit abgelaufen,0.39,1,3996,300.5,29,1,20250426-075821
1070,kein_Terminated,Zeit abgelaufen,0.46,2,4104,300.5,29,4,20250426-075849
1071,kein_Terminated,Zeit abgelaufen,0.36,0,3448,300.5,29,7,20250426-075917
1072,kein_Terminated,Zeit abgelaufen,0.4,0,4092,300.5,29,6,20250426-075945
1073,kein_Terminated,Zeit abgelaufen,0.37,0,3804,300.5,29,7,20250426-080012
1074,kein_Terminated,Zeit abgelaufen,0.38,0,4084,300.5,29,5,20250426-080040
1075,kein_Terminated,Zeit abgelaufen,0.37,0,4088,300.5,29,8,20250426-080108
1076,kein_Terminated,Zeit abgelaufen,0.4,0,4156,300.5,29,2,20250426-080136
1077,kein_Terminated,Zeit abgelaufen,0.36,0,4000,300.5,29,6,20250426-080204
1078,kein_Terminated,Zeit abgelaufen,0.43,1,4636,300.5,29,1,20250426-080231
1079,kein_Terminated,Zeit abgelaufen,0.39,0,3984,300.5,29,2,20250426-080259
13,kein_Terminated,Zeit abgelaufen,0.37,6,3132,300.5,29,7,20250426-080343
1080,kein_Terminated,Zeit abgelaufen,0.39,0,4084,300.5,29,5,20250426-080350
1081,kein_Terminated,Zeit abgelaufen,0.43,0,4128,300.5,29,0,20250426-080417
1082,kein_Terminated,Zeit abgelaufen,0.39,0,4264,300.5,29,7,20250426-080445
1083,kein_Terminated,Zeit abgelaufen,0.42,0,4296,300.5,29,0,20250426-080513
1084,kein_Terminated,Zeit abgelaufen,0.4,0,4144,300.5,29,0,20250426-080541
1085,kein_Terminated,Zeit abgelaufen,0.41,0,4408,300.5,29,2,20250426-080609
1086,kein_Terminated,Zeit abgelaufen,0.43,0,3984,300.5,29,0,20250426-080637
1087,kein_Terminated,Zeit abgelaufen,0.38,0,4096,300.5,29,3,20250426-080704
1088,kein_Terminated,Zeit abgelaufen,0.37,0,4040,300.5,29,8,20250426-080732
1089,kein_Terminated,Zeit abgelaufen,0.43,0,3788,300.5,29,4,20250426-080800
1090,kein_Terminated,Zeit abgelaufen,0.45,0,4372,300.5,29,2,20250426-080828
1091,kein_Terminated,Zeit abgelaufen,0.37,2,3892,300.5,29,5,20250426-080856
1092,kein_Terminated,Zeit abgelaufen,0.41,0,4392,300.5,29,3,20250426-080924
1093,kein_Terminated,Zeit abgelaufen,0.41,0,4368,300.5,29,5,20250426-080951
1094,kein_Terminated,Zeit abgelaufen,0.39,0,4332,300.5,29,2,20250426-081019
1095,kein_Terminated,Zeit abgelaufen,0.39,0,4152,300.5,29,2,20250426-081047
1096,kein_Terminated,Zeit abgelaufen,0.37,0,3996,300.5,29,8,20250426-081115
1097,kein_Terminated,Zeit abgelaufen,0.36,2,3876,300.5,29,7,20250426-081143
1098,kein_Terminated,Zeit abgelaufen,0.41,0,4108,300.5,29,0,20250426-081210
1099,kein_Terminated,Zeit abgelaufen,0.37,0,4056,300.5,29,8,20250426-081238
1100,kein_Terminated,Zeit abgelaufen,0.35,1,3552,300.5,29,5,20250426-081306
1101,kein_Terminated,Zeit abgelaufen,0.41,0,4400,300.5,29,2,20250426-081334
1102,kein_Terminated,Zeit abgelaufen,0.4,0,4324,300.5,29,6,20250426-081402
1103,kein_Terminated,Zeit abgelaufen,0.42,1,4292,300.5,29,1,20250426-081430
1104,kein_Terminated,Zeit abgelaufen,0.43,1,4556,300.5,29,1,20250426-081457
1105,kein_Terminated,Zeit abgelaufen,0.43,0,4384,300.5,29,0,20250426-081525
1106,kein_Terminated,Zeit abgelaufen,0.39,0,4052,300.5,29,6,20250426-081553
1107,kein_Terminated,Zeit abgelaufen,0.38,0,4044,300.5,29,5,20250426-081622
1108,kein_Terminated,Zeit abgelaufen,0.38,0,4060,300.5,29,8,20250426-081650
1109,kein_Terminated,Zeit abgelaufen,0.42,0,4292,300.5,29,0,20250426-081718
1110,kein_Terminated,Zeit abgelaufen,0.37,0,3800,300.5,29,7,20250426-081746
1111,kein_Terminated,Zeit abgelaufen,0.41,0,4372,300.5,29,5,20250426-081814
1112,kein_Terminated,Zeit abgelaufen,0.37,0,4148,300.5,29,8,20250426-081841
1113,kein_Terminated,Zeit abgelaufen,0.41,0,4372,300.5,29,3,20250426-081909
1114,kein_Terminated,Zeit abgelaufen,0.36,0,3748,300.5,29,5,20250426-081937
1115,kein_Terminated,Zeit abgelaufen,0.4,0,4180,300.5,29,2,20250426-082005
1116,kein_Terminated,Zeit abgelaufen,0.35,0,3960,300.5,29,6,20250426-082033
1117,kein_Terminated,Zeit abgelaufen,0.39,0,4028,300.5,29,7,20250426-082101
1118,kein_Terminated,Zeit abgelaufen,0.38,0,4108,300.5,29,3,20250426-082129
1119,kein_Terminated,Zeit abgelaufen,0.41,0,4296,300.5,29,0,20250426-082157
1120,kein_Terminated,Zeit abgelaufen,0.37,0,3856,300.5,29,6,20250426-082225
1121,kein_Terminated,Zeit abgelaufen,0.37,0,4008,300.5,29,9,20250426-082252
1122,kein_Terminated,Zeit abgelaufen,0.42,4,4480,300.5,29,1,20250426-082320
1123,kein_Terminated,Zeit abgelaufen,0.43,0,4532,300.5,29,5,20250426-082348
1124,kein_Terminated,Zeit abgelaufen,0.42,1,4156,300.5,29,1,20250426-082416
1125,kein_Terminated,Zeit abgelaufen,0.34,0,3440,300.5,29,7,20250426-082444
1126,kein_Terminated,Zeit abgelaufen,0.4,0,4272,300.5,29,0,20250426-082512
1127,kein_Terminated,Zeit abgelaufen,0.36,0,3920,300.5,29,8,20250426-082540
1128,kein_Terminated,Zeit abgelaufen,0.36,0,4064,300.5,29,9,20250426-082608
1129,kein_Terminated,Zeit abgelaufen,0.37,0,4024,300.5,29,8,20250426-082636
1130,kein_Terminated,Zeit abgelaufen,0.43,0,4176,300.5,29,2,20250426-082704
1131,kein_Terminated,Zeit abgelaufen,0.42,1,4460,300.5,29,1,20250426-082733
1132,kein_Terminated,Zeit abgelaufen,0.38,0,4148,300.5,29,8,20250426-082801
1133,kein_Terminated,Zeit abgelaufen,0.37,0,3888,300.5,29,5,20250426-082829
1134,kein_Terminated,Zeit abgelaufen,0.43,0,4056,300.5,29,2,20250426-082857
1135,kein_Terminated,Zeit abgelaufen,0.37,0,3980,300.5,29,6,20250426-082925
1136,kein_Terminated,Zeit abgelaufen,0.35,0,3752,300.5,29,7,20250426-082953
1137,kein_Terminated,Zeit abgelaufen,0.4,0,4200,300.5,29,0,20250426-083021
1138,kein_Terminated,Zeit abgelaufen,0.44,0,4372,300.5,29,2,20250426-083049
1139,kein_Terminated,Zeit abgelaufen,0.37,0,4080,300.5,29,9,20250426-083117
1140,kein_Terminated,Zeit abgelaufen,0.44,0,4152,300.5,29,2,20250426-083145
1141,kein_Terminated,Zeit abgelaufen,0.45,0,3984,300.5,29,4,20250426-083212
1142,kein_Terminated,Zeit abgelaufen,0.4,0,4216,300.5,29,2,20250426-083240
1143,kein_Terminated,Zeit abgelaufen,0.46,0,3928,300.5,29,4,20250426-083308
1144,kein_Terminated,Zeit abgelaufen,0.41,0,4104,300.5,29,0,20250426-083336
1145,kein_Terminated,Zeit abgelaufen,0.43,0,4516,300.5,29,3,20250426-083404
1146,kein_Terminated,Zeit abgelaufen,0.36,0,3800,300.5,29,7,20250426-083432
1147,kein_Terminated,Zeit abgelaufen,0.42,0,4160,300.5,29,0,20250426-083500
1148,kein_Terminated,Zeit abgelaufen,0.39,0,4096,300.5,29,6,20250426-083528
1149,kein_Terminated,Zeit abgelaufen,0.43,0,3840,300.5,29,0,20250426-083556
1150,kein_Terminated,Zeit abgelaufen,0.41,0,4248,300.5,29,5,20250426-083624
1151,kein_Terminated,Zeit abgelaufen,0.36,0,3964,300.5,29,8,20250426-083652
1152,kein_Terminated,Zeit abgelaufen,0.4,0,3860,300.5,29,9,20250426-083720
1153,kein_Terminated,Zeit abgelaufen,0.35,0,3784,300.5,29,7,20250426-083747
1154,kein_Terminated,Zeit abgelaufen,0.36,0,3748,300.5,29,7,20250426-083815
1155,kein_Terminated,Zeit abgelaufen,0.36,0,3892,300.5,29,5,20250426-083843
1156,kein_Terminated,Zeit abgelaufen,0.41,0,3980,300.5,29,9,20250426-083911
1157,kein_Terminated,Zeit abgelaufen,0.38,0,3984,300.5,29,7,20250426-083939
1158,kein_Terminated,Zeit abgelaufen,0.43,0,4564,300.5,29,2,20250426-084007
1159,kein_Terminated,Zeit abgelaufen,0.37,0,3932,300.5,29,9,20250426-084035
1160,kein_Terminated,Zeit abgelaufen,0.39,0,3840,300.5,29,9,20250426-084103
1161,kein_Terminated,Zeit abgelaufen,0.42,0,4288,300.5,29,3,20250426-084131
1162,kein_Terminated,Zeit abgelaufen,0.4,0,4376,300.5,29,9,20250426-084159
14,kein_Terminated,Zeit abgelaufen,0.44,15,3100,300.5,29,1,20250426-084244
1163,kein_Terminated,Zeit abgelaufen,0.39,0,3932,300.5,29,3,20250426-084249
1164,kein_Terminated,Zeit abgelaufen,0.38,0,4116,300.5,29,5,20250426-084317
1165,kein_Terminated,Zeit abgelaufen,0.37,0,4040,300.5,29,8,20250426-084345
1166,kein_Terminated,Zeit abgelaufen,0.41,0,4340,300.5,29,5,20250426-084412
1167,kein_Terminated,Zeit abgelaufen,0.37,0,4184,300.5,29,8,20250426-084440
1168,kein_Terminated,Zeit abgelaufen,0.36,0,3728,300.5,29,6,20250426-084508
1169,kein_Terminated,Zeit abgelaufen,0.42,0,4476,300.5,29,3,20250426-084536
1170,kein_Terminated,Zeit abgelaufen,0.48,0,4400,300.5,29,4,20250426-084604
1171,kein_Terminated,Zeit abgelaufen,0.4,0,4076,300.5,29,9,20250426-084633
1172,kein_Terminated,Zeit abgelaufen,0.4,0,4004,300.5,29,6,20250426-084700
1173,kein_Terminated,Zeit abgelaufen,0.4,0,4232,300.5,29,7,20250426-084728
1174,kein_Terminated,Zeit abgelaufen,0.49,2,948,300.5,29,0,20250426-084755
1175,kein_Terminated,Zeit abgelaufen,0.37,0,4156,300.5,29,7,20250426-084823
1176,kein_Terminated,Zeit abgelaufen,0.36,0,3884,300.5,29,7,20250426-084851
1177,kein_Terminated,Zeit abgelaufen,0.37,0,3988,300.5,29,9,20250426-084919
1178,kein_Terminated,Zeit abgelaufen,0.37,0,4100,300.5,29,8,20250426-084947
1179,kein_Terminated,Zeit abgelaufen,0.44,1,4176,300.5,29,0,20250426-085015
1180,kein_Terminated,Zeit abgelaufen,0.4,0,3700,300.5,29,0,20250426-085043
1181,kein_Terminated,Zeit abgelaufen,0.36,0,3484,300.5,29,6,20250426-085111
1182,kein_Terminated,Zeit abgelaufen,0.41,0,4024,300.5,29,3,20250426-085139
1183,kein_Terminated,Zeit abgelaufen,0.47,0,4248,300.5,29,4,20250426-085207
1184,kein_Terminated,Zeit abgelaufen,0.44,0,4476,300.5,29,2,20250426-085234
1185,kein_Terminated,Zeit abgelaufen,0.36,0,4032,300.5,29,7,20250426-085302
1186,kein_Terminated,Zeit abgelaufen,0.4,0,4196,300.5,29,3,20250426-085330
1187,kein_Terminated,Zeit abgelaufen,0.4,1,3772,300.5,29,6,20250426-085358
1188,kein_Terminated,Zeit abgelaufen,0.43,1,4388,300.5,29,1,20250426-085426
1189,kein_Terminated,Zeit abgelaufen,0.42,0,4172,300.5,29,5,20250426-085454
1190,kein_Terminated,Zeit abgelaufen,0.43,0,4228,300.5,29,0,20250426-085522
1191,kein_Terminated,Zeit abgelaufen,0.47,0,4040,300.5,29,4,20250426-085550
1192,kein_Terminated,Zeit abgelaufen,0.38,0,4220,300.5,29,7,20250426-085618
1193,kein_Terminated,Zeit abgelaufen,0.41,0,4316,300.5,29,9,20250426-085646
1194,kein_Terminated,Zeit abgelaufen,0.39,0,4328,300.5,29,9,20250426-085714
1195,kein_Terminated,Zeit abgelaufen,0.45,0,4600,300.5,29,3,20250426-085741
1196,kein_Terminated,Zeit abgelaufen,0.4,0,4184,300.5,29,2,20250426-085809
1197,kein_Terminated,Zeit abgelaufen,0.4,0,4328,300.5,29,9,20250426-085837
1198,kein_Terminated,Zeit abgelaufen,0.38,0,4076,300.5,29,6,20250426-085904
1199,kein_Terminated,Zeit abgelaufen,0.38,0,4076,300.5,29,5,20250426-085932
1200,kein_Terminated,Zeit abgelaufen,0.39,0,3924,300.5,29,5,20250426-090000
1201,kein_Terminated,Zeit abgelaufen,0.43,0,4460,300.5,29,3,20250426-090027
1202,kein_Terminated,Zeit abgelaufen,0.42,1,4288,300.5,29,1,20250426-090055
1203,kein_Terminated,Zeit abgelaufen,0.41,0,4300,300.5,29,5,20250426-090123
1204,kein_Terminated,Zeit abgelaufen,0.35,0,3872,300.5,29,7,20250426-090151
1205,kein_Terminated,Zeit abgelaufen,0.4,0,4184,300.5,29,3,20250426-090219
1206,kein_Terminated,Zeit abgelaufen,0.4,1,4316,300.5,29,1,20250426-090247
1207,kein_Terminated,Zeit abgelaufen,0.4,0,4184,300.5,29,6,20250426-090315
1208,kein_Terminated,Zeit abgelaufen,0.42,0,4348,300.5,29,0,20250426-090342
1209,kein_Terminated,Zeit abgelaufen,0.43,0,4432,300.5,29,2,20250426-090410
1210,kein_Terminated,Zeit abgelaufen,0.43,1,4212,300.5,29,3,20250426-090438
1211,kein_Terminated,Zeit abgelaufen,0.43,1,4468,300.5,29,1,20250426-090506
1212,kein_Terminated,Zeit abgelaufen,0.38,0,4184,300.5,29,7,20250426-090534
1213,kein_Terminated,Zeit abgelaufen,0.37,0,3960,300.5,29,8,20250426-090602
1214,kein_Terminated,Zeit abgelaufen,0.39,0,4240,300.5,29,5,20250426-090629
1215,kein_Terminated,Zeit abgelaufen,0.44,0,4436,300.5,29,2,20250426-090657
1216,kein_Terminated,Zeit abgelaufen,0.38,0,4192,300.5,29,7,20250426-090725
1217,kein_Terminated,Zeit abgelaufen,0.46,0,4116,300.5,29,4,20250426-090752
1218,kein_Terminated,Zeit abgelaufen,0.43,1,4288,300.5,29,1,20250426-090820
1219,kein_Terminated,Zeit abgelaufen,0.42,1,4600,300.5,29,1,20250426-090848
1220,kein_Terminated,Zeit abgelaufen,0.36,0,3996,300.5,29,7,20250426-090915
1221,kein_Terminated,Zeit abgelaufen,0.47,0,4584,300.5,29,4,20250426-090943
1222,kein_Terminated,Zeit abgelaufen,0.42,0,4056,300.5,29,3,20250426-091011
1223,kein_Terminated,Zeit abgelaufen,0.38,0,3980,300.5,29,9,20250426-091039
1224,kein_Terminated,Zeit abgelaufen,0.41,1,4160,300.5,29,1,20250426-091106
1225,kein_Terminated,Zeit abgelaufen,0.38,0,4276,300.5,29,9,20250426-091134
1226,kein_Terminated,Zeit abgelaufen,0.42,0,4136,300.5,29,9,20250426-091202
1227,kein_Terminated,Zeit abgelaufen,0.41,1,4620,300.5,29,1,20250426-091230
1228,kein_Terminated,Zeit abgelaufen,0.4,0,4212,300.5,29,2,20250426-091258
1229,kein_Terminated,Zeit abgelaufen,0.38,0,4176,300.5,29,9,20250426-091325
1230,kein_Terminated,Zeit abgelaufen,0.4,1,4272,300.5,29,1,20250426-091353
1231,kein_Terminated,Zeit abgelaufen,0.47,0,3932,300.5,29,4,20250426-091421
1232,kein_Terminated,Zeit abgelaufen,0.43,1,4468,300.5,29,3,20250426-091448
1233,kein_Terminated,Zeit abgelaufen,0.45,0,4160,300.5,29,4,20250426-091517
1234,kein_Terminated,Zeit abgelaufen,0.41,1,4408,300.5,29,1,20250426-091545
1235,kein_Terminated,Zeit abgelaufen,0.41,1,4348,300.5,29,1,20250426-091613
1236,kein_Terminated,Zeit abgelaufen,0.39,0,4076,300.5,29,6,20250426-091641
1237,kein_Terminated,Zeit abgelaufen,0.46,2,4060,300.5,29,4,20250426-091709
1238,kein_Terminated,Zeit abgelaufen,0.37,0,3996,300.5,29,8,20250426-091736
1239,kein_Terminated,Zeit abgelaufen,0.38,0,4144,300.5,29,7,20250426-091804
1240,kein_Terminated,Zeit abgelaufen,0.39,0,4364,300.5,29,9,20250426-091832
1241,kein_Terminated,Zeit abgelaufen,0.37,1,3892,300.5,29,7,20250426-091900
1242,kein_Terminated,Zeit abgelaufen,0.4,0,3896,300.5,29,0,20250426-091928
1243,kein_Terminated,Zeit abgelaufen,0.37,0,4132,300.5,29,8,20250426-091955
1244,kein_Terminated,Zeit abgelaufen,0.39,0,4364,300.5,29,5,20250426-092023
1245,kein_Terminated,Zeit abgelaufen,0.39,0,4004,300.5,29,3,20250426-092051
15,kein_Terminated,Zeit abgelaufen,0.38,2,3684,300.5,29,7,20250426-092138

Trainingszeit (Stunden)
9.79
