DEFAULT_REWARD_AND_ACTION_CHANGE_FREQ,DEFAULT_EPISODE_LEN_SEC,DEFAULT_REWARD_FOR_NEW_FIELD,DEFAULT_Punishment_for_Step,DEFAULT_EVAL_FREQ,DEFAULT_EVAL_EPISODES,DEFAULT_TRAIN_TIMESTEPS,DEFAULT_TARGET_REWARD,DEFAULF_NUMBER_LAST_ACTIONS,DEFAULT_PYB_FREQ,DEFAULT_CTRL_FREQ,DEFAULT_REWARD_AND_ACTION_CHANGE_FREQ,DEFAULT_EPISODE_LEN_SEC,DEFAULT_Multiplier_Collision_Penalty,DEFAULT_VelocityScale,DEFAULT_explore_Matrix_Size,DEFAULT_collision_penalty_terminated,DEFAULT_Terminated_Wall_Distance,DEFAULT_no_collision_reward
2,300,2,-0.5,50000.0,1,800000.0,99999,20,100,50,2,300,6,0.5,5,-20,0.15,0.25

Runde,Terminated,Truncated,Map-Abgedeckt,Wand berÃ¼hrungen,Summe Reward,Maze_number,Uhrzeit
1,kein_Terminated,Zeit abgelaufen,0.2,398,-5241.25,21,20250407-013909
2,kein_Terminated,Zeit abgelaufen,0.2,383,-5865.0,21,20250407-013921
3,kein_Terminated,Zeit abgelaufen,0.38,89,999.0,21,20250407-013934
4,kein_Terminated,Zeit abgelaufen,0.46,151,1285.75,21,20250407-013946
5,kein_Terminated,Zeit abgelaufen,0.43,136,830.75,21,20250407-013958
6,kein_Terminated,Zeit abgelaufen,0.35,192,-446.5,21,20250407-014010
7,kein_Terminated,Zeit abgelaufen,0.37,76,1396.5,21,20250407-014022
8,kein_Terminated,Zeit abgelaufen,0.28,11,1647.25,21,20250407-014034
9,kein_Terminated,Zeit abgelaufen,0.38,64,1864.0,21,20250407-014046
10,kein_Terminated,Zeit abgelaufen,0.47,88,2018.0,21,20250407-014059
11,kein_Terminated,Zeit abgelaufen,0.52,190,939.0,21,20250407-014111
12,kein_Terminated,Zeit abgelaufen,0.43,62,2001.5,21,20250407-014123
13,kein_Terminated,Zeit abgelaufen,0.29,38,1380.75,21,20250407-014135
14,kein_Terminated,Zeit abgelaufen,0.37,54,1807.75,21,20250407-014146
15,kein_Terminated,Zeit abgelaufen,0.36,47,1640.5,21,20250407-014158
16,kein_Terminated,Zeit abgelaufen,0.38,83,1709.5,21,20250407-014209
17,kein_Terminated,Zeit abgelaufen,0.39,38,2359.0,21,20250407-014221
18,kein_Terminated,Zeit abgelaufen,0.37,47,2159.75,21,20250407-014233
19,kein_Terminated,Zeit abgelaufen,0.41,72,2328.75,21,20250407-014245
20,kein_Terminated,Zeit abgelaufen,0.4,65,2011.75,21,20250407-014257
21,kein_Terminated,Zeit abgelaufen,0.43,90,1966.5,21,20250407-014308
22,kein_Terminated,Zeit abgelaufen,0.41,95,1942.25,21,20250407-014320
23,kein_Terminated,Zeit abgelaufen,0.37,96,1850.0,21,20250407-014332
24,kein_Terminated,Zeit abgelaufen,0.34,146,1492.5,21,20250407-014343
25,kein_Terminated,Zeit abgelaufen,0.37,86,1755.0,21,20250407-014355
26,kein_Terminated,Zeit abgelaufen,0.4,76,2169.75,21,20250407-014407
27,kein_Terminated,Zeit abgelaufen,0.37,110,1812.25,21,20250407-014418
28,kein_Terminated,Zeit abgelaufen,0.35,77,1849.75,21,20250407-014430
29,kein_Terminated,Zeit abgelaufen,0.36,57,1992.5,21,20250407-014442
30,kein_Terminated,Zeit abgelaufen,0.43,54,2596.5,21,20250407-014453
31,kein_Terminated,Zeit abgelaufen,0.4,74,2155.5,21,20250407-014505
32,kein_Terminated,Zeit abgelaufen,0.4,70,2313.75,21,20250407-014517
33,kein_Terminated,Zeit abgelaufen,0.41,50,2497.0,21,20250407-014529
34,kein_Terminated,Zeit abgelaufen,0.43,43,2619.25,21,20250407-014540
35,kein_Terminated,Zeit abgelaufen,0.41,62,2481.0,21,20250407-014552
36,kein_Terminated,Zeit abgelaufen,0.45,71,2544.5,21,20250407-014604
37,kein_Terminated,Zeit abgelaufen,0.41,24,2490.75,21,20250407-014616
38,kein_Terminated,Zeit abgelaufen,0.47,40,2795.75,21,20250407-014628
39,kein_Terminated,Zeit abgelaufen,0.45,19,2781.5,21,20250407-014639
40,kein_Terminated,Zeit abgelaufen,0.54,42,3235.75,21,20250407-014651
41,kein_Terminated,Zeit abgelaufen,0.47,42,2705.0,21,20250407-014703
42,kein_Terminated,Zeit abgelaufen,0.41,36,2410.0,21,20250407-014714
43,kein_Terminated,Zeit abgelaufen,0.43,24,2544.0,21,20250407-014726
44,kein_Terminated,Zeit abgelaufen,0.39,67,2093.5,21,20250407-014738
45,kein_Terminated,Zeit abgelaufen,0.46,111,2122.5,21,20250407-014750
46,kein_Terminated,Zeit abgelaufen,0.46,87,2097.75,21,20250407-014801
47,kein_Terminated,Zeit abgelaufen,0.41,56,2155.0,21,20250407-014813
48,kein_Terminated,Zeit abgelaufen,0.54,79,3160.5,21,20250407-014825
49,kein_Terminated,Zeit abgelaufen,0.51,78,2871.5,21,20250407-014837
50,kein_Terminated,Zeit abgelaufen,0.51,66,2928.25,21,20250407-014848
51,kein_Terminated,Zeit abgelaufen,0.51,59,2940.5,21,20250407-014900
52,kein_Terminated,Zeit abgelaufen,0.52,71,3085.0,21,20250407-014912
53,kein_Terminated,Zeit abgelaufen,0.53,104,2778.5,21,20250407-014923
54,kein_Terminated,Zeit abgelaufen,0.47,61,2668.0,21,20250407-014935
55,kein_Terminated,Zeit abgelaufen,0.46,31,2814.75,21,20250407-014947
56,kein_Terminated,Zeit abgelaufen,0.46,39,2750.25,21,20250407-014959
57,kein_Terminated,Zeit abgelaufen,0.4,83,1742.75,21,20250407-015010
58,kein_Terminated,Zeit abgelaufen,0.53,66,3214.0,21,20250407-015022
59,kein_Terminated,Zeit abgelaufen,0.42,47,2562.75,21,20250407-015034
60,kein_Terminated,Zeit abgelaufen,0.51,65,2788.0,21,20250407-015046
61,kein_Terminated,Zeit abgelaufen,0.55,88,2742.25,21,20250407-015057
62,kein_Terminated,Zeit abgelaufen,0.56,52,3247.75,21,20250407-015109
63,kein_Terminated,Zeit abgelaufen,0.49,64,2919.25,21,20250407-015121
64,kein_Terminated,Zeit abgelaufen,0.48,31,2967.0,21,20250407-015133
65,kein_Terminated,Zeit abgelaufen,0.48,71,2802.75,21,20250407-015145
66,kein_Terminated,Zeit abgelaufen,0.47,58,2688.5,21,20250407-015156
67,kein_Terminated,Zeit abgelaufen,0.5,40,3004.0,21,20250407-015208
68,kein_Terminated,Zeit abgelaufen,0.52,45,2986.0,21,20250407-015220
69,kein_Terminated,Zeit abgelaufen,0.55,52,3441.25,21,20250407-015231
70,kein_Terminated,Zeit abgelaufen,0.41,35,2444.75,21,20250407-015243
71,kein_Terminated,Zeit abgelaufen,0.41,37,2379.25,21,20250407-015255
72,kein_Terminated,Zeit abgelaufen,0.5,27,3048.75,21,20250407-015306
73,kein_Terminated,Zeit abgelaufen,0.52,34,3208.75,21,20250407-015318
74,kein_Terminated,Zeit abgelaufen,0.44,64,2617.75,21,20250407-015330
75,kein_Terminated,Zeit abgelaufen,0.49,60,2907.5,21,20250407-015342
76,kein_Terminated,Zeit abgelaufen,0.52,86,2991.75,21,20250407-015353
77,kein_Terminated,Zeit abgelaufen,0.42,87,2463.75,21,20250407-015405
78,kein_Terminated,Zeit abgelaufen,0.42,41,2550.5,21,20250407-015417
79,kein_Terminated,Zeit abgelaufen,0.52,57,3172.25,21,20250407-015429
80,kein_Terminated,Zeit abgelaufen,0.46,31,2830.75,21,20250407-015440
81,kein_Terminated,Zeit abgelaufen,0.5,54,2860.5,21,20250407-015452
82,kein_Terminated,Zeit abgelaufen,0.46,46,2845.0,21,20250407-015504
83,kein_Terminated,Zeit abgelaufen,0.46,57,2766.5,21,20250407-015516
1,kein_Terminated,Zeit abgelaufen,0.41,65,1707.25,21,20250407-015526
84,kein_Terminated,Zeit abgelaufen,0.42,48,2568.75,21,20250407-015536
85,kein_Terminated,Zeit abgelaufen,0.47,64,2810.25,21,20250407-015548
86,kein_Terminated,Zeit abgelaufen,0.55,61,3267.25,21,20250407-015559
87,kein_Terminated,Zeit abgelaufen,0.41,56,2448.5,21,20250407-015611
88,kein_Terminated,Zeit abgelaufen,0.45,22,2735.0,21,20250407-015623
89,kein_Terminated,Zeit abgelaufen,0.48,34,2827.5,21,20250407-015635
90,kein_Terminated,Zeit abgelaufen,0.63,103,2701.25,21,20250407-015647
91,kein_Terminated,Zeit abgelaufen,0.49,104,1864.25,21,20250407-015658
92,kein_Terminated,Zeit abgelaufen,0.46,103,1766.25,21,20250407-015710
93,kein_Terminated,Zeit abgelaufen,0.51,89,2209.0,21,20250407-015722
94,kein_Terminated,Zeit abgelaufen,0.55,99,2846.0,21,20250407-015734
95,kein_Terminated,Zeit abgelaufen,0.5,90,1973.25,21,20250407-015746
96,kein_Terminated,Zeit abgelaufen,0.49,78,2449.5,21,20250407-015757
97,kein_Terminated,Zeit abgelaufen,0.49,116,1501.75,21,20250407-015809
98,kein_Terminated,Zeit abgelaufen,0.56,95,2294.0,21,20250407-015821
99,kein_Terminated,Zeit abgelaufen,0.5,112,1553.75,21,20250407-015832
100,kein_Terminated,Zeit abgelaufen,0.59,127,1864.25,21,20250407-015844
101,kein_Terminated,Zeit abgelaufen,0.52,116,1860.5,21,20250407-015856
102,kein_Terminated,Zeit abgelaufen,0.54,141,1392.5,21,20250407-015908
103,kein_Terminated,Zeit abgelaufen,0.48,149,1414.25,21,20250407-015919
104,kein_Terminated,Zeit abgelaufen,0.53,138,1857.25,21,20250407-015931
105,kein_Terminated,Zeit abgelaufen,0.48,94,2079.75,21,20250407-015943
106,kein_Terminated,Zeit abgelaufen,0.52,157,578.5,21,20250407-015955
107,kein_Terminated,Zeit abgelaufen,0.53,53,2752.25,21,20250407-020007
108,kein_Terminated,Zeit abgelaufen,0.47,58,2668.0,21,20250407-020018
109,kein_Terminated,Zeit abgelaufen,0.51,90,2312.5,21,20250407-020030
110,kein_Terminated,Zeit abgelaufen,0.43,61,2432.5,21,20250407-020042
111,kein_Terminated,Zeit abgelaufen,0.44,31,2666.25,21,20250407-020054
112,kein_Terminated,Zeit abgelaufen,0.46,33,2762.25,21,20250407-020106
113,kein_Terminated,Zeit abgelaufen,0.53,37,3236.0,21,20250407-020118
114,kein_Terminated,Zeit abgelaufen,0.54,143,2798.0,21,20250407-020129
115,kein_Terminated,Zeit abgelaufen,0.47,27,2882.5,21,20250407-020141
116,kein_Terminated,Zeit abgelaufen,0.51,49,3035.75,21,20250407-020153
117,kein_Terminated,Zeit abgelaufen,0.55,48,3224.75,21,20250407-020205
118,kein_Terminated,Zeit abgelaufen,0.5,59,2744.25,21,20250407-020216
119,kein_Terminated,Zeit abgelaufen,0.5,77,2865.75,21,20250407-020228
120,kein_Terminated,Zeit abgelaufen,0.51,66,3025.0,21,20250407-020240
121,kein_Terminated,Zeit abgelaufen,0.54,40,3239.25,21,20250407-020252
122,kein_Terminated,Zeit abgelaufen,0.52,58,3079.0,21,20250407-020303
123,kein_Terminated,Zeit abgelaufen,0.51,54,2948.5,21,20250407-020315
124,kein_Terminated,Zeit abgelaufen,0.54,63,2745.25,21,20250407-020327
125,kein_Terminated,Zeit abgelaufen,0.51,45,2952.5,21,20250407-020339
126,kein_Terminated,Zeit abgelaufen,0.41,12,2541.5,21,20250407-020350
127,kein_Terminated,Zeit abgelaufen,0.44,26,2652.75,21,20250407-020402
128,kein_Terminated,Zeit abgelaufen,0.45,47,2566.5,21,20250407-020414
129,kein_Terminated,Zeit abgelaufen,0.51,56,2837.25,21,20250407-020426
130,kein_Terminated,Zeit abgelaufen,0.51,77,2002.75,21,20250407-020438
131,kein_Terminated,Zeit abgelaufen,0.45,192,-673.0,21,20250407-020449
132,kein_Terminated,Zeit abgelaufen,0.58,90,2926.25,21,20250407-020501
133,kein_Terminated,Zeit abgelaufen,0.58,54,3553.75,21,20250407-020513
134,kein_Terminated,Zeit abgelaufen,0.5,294,-1965.75,21,20250407-020525
135,kein_Terminated,Zeit abgelaufen,0.6,67,3420.75,21,20250407-020536
136,kein_Terminated,Zeit abgelaufen,0.6,66,3615.0,21,20250407-020548
137,kein_Terminated,Zeit abgelaufen,0.63,96,3457.0,21,20250407-020600
138,kein_Terminated,Zeit abgelaufen,0.54,239,-695.5,21,20250407-020612
139,kein_Terminated,Zeit abgelaufen,0.54,65,2970.25,21,20250407-020624
140,kein_Terminated,Zeit abgelaufen,0.44,112,1958.0,21,20250407-020635
141,kein_Terminated,Zeit abgelaufen,0.34,381,-5271.0,21,20250407-020648
142,kein_Terminated,Zeit abgelaufen,0.56,158,1306.0,21,20250407-020700
143,kein_Terminated,Zeit abgelaufen,0.42,395,-4905.25,21,20250407-020712
144,kein_Terminated,Zeit abgelaufen,0.54,96,2611.5,21,20250407-020724
145,kein_Terminated,Zeit abgelaufen,0.49,64,2632.5,21,20250407-020735
146,kein_Terminated,Zeit abgelaufen,0.5,87,2070.0,21,20250407-020747
147,kein_Terminated,Zeit abgelaufen,0.41,297,-3021.5,21,20250407-020759
148,kein_Terminated,Zeit abgelaufen,0.34,418,-6133.5,21,20250407-020811
149,kein_Terminated,Zeit abgelaufen,0.4,326,-3561.0,21,20250407-020823
150,kein_Terminated,Zeit abgelaufen,0.43,111,1193.5,21,20250407-020835
151,kein_Terminated,Zeit abgelaufen,0.46,63,2033.25,21,20250407-020847
152,kein_Terminated,Zeit abgelaufen,0.4,67,1689.75,21,20250407-020859
153,kein_Terminated,Zeit abgelaufen,0.43,78,1932.0,21,20250407-020911
154,kein_Terminated,Zeit abgelaufen,0.46,82,2150.25,21,20250407-020922
155,kein_Terminated,Zeit abgelaufen,0.44,249,-1790.25,21,20250407-020934
156,kein_Terminated,Zeit abgelaufen,0.4,316,-3228.5,21,20250407-020946
157,kein_Terminated,Zeit abgelaufen,0.48,83,2426.0,21,20250407-020958
158,kein_Terminated,Zeit abgelaufen,0.42,148,416.25,21,20250407-021010
159,kein_Terminated,Zeit abgelaufen,0.47,81,2101.5,21,20250407-021022
160,kein_Terminated,Zeit abgelaufen,0.44,102,1660.0,21,20250407-021034
161,kein_Terminated,Zeit abgelaufen,0.45,112,1540.0,21,20250407-021046
162,kein_Terminated,Zeit abgelaufen,0.4,75,1358.0,21,20250407-021057
163,kein_Terminated,Zeit abgelaufen,0.52,141,1752.5,21,20250407-021109
164,kein_Terminated,Zeit abgelaufen,0.48,87,1920.0,21,20250407-021121
165,kein_Terminated,Zeit abgelaufen,0.41,65,1713.25,21,20250407-021133
166,kein_Terminated,Zeit abgelaufen,0.32,36,1720.75,21,20250407-021144
2,kein_Terminated,Zeit abgelaufen,0.36,39,1790.75,21,20250407-021156
167,kein_Terminated,Zeit abgelaufen,0.42,54,2271.25,21,20250407-021205
168,kein_Terminated,Zeit abgelaufen,0.33,50,1649.25,21,20250407-021217
169,kein_Terminated,Zeit abgelaufen,0.35,40,1898.25,21,20250407-021228
170,kein_Terminated,Zeit abgelaufen,0.34,37,1962.0,21,20250407-021240
171,kein_Terminated,Zeit abgelaufen,0.48,137,1962.25,21,20250407-021252
172,kein_Terminated,Zeit abgelaufen,0.34,64,1675.0,21,20250407-021304
173,kein_Terminated,Zeit abgelaufen,0.34,84,1731.5,21,20250407-021316
174,kein_Terminated,Zeit abgelaufen,0.34,58,1814.0,21,20250407-021327
175,kein_Terminated,Zeit abgelaufen,0.34,44,1970.0,21,20250407-021339
176,kein_Terminated,Zeit abgelaufen,0.32,47,1682.5,21,20250407-021351
177,kein_Terminated,Zeit abgelaufen,0.56,93,2628.25,21,20250407-021403
178,kein_Terminated,Zeit abgelaufen,0.53,59,3003.25,21,20250407-021415
179,kein_Terminated,Zeit abgelaufen,0.47,69,2597.0,21,20250407-021426
180,kein_Terminated,Zeit abgelaufen,0.6,150,1948.5,21,20250407-021438
181,kein_Terminated,Zeit abgelaufen,0.45,40,2610.75,21,20250407-021450
182,kein_Terminated,Zeit abgelaufen,0.42,39,2346.5,21,20250407-021502
183,kein_Terminated,Zeit abgelaufen,0.45,44,2570.25,21,20250407-021513
184,kein_Terminated,Zeit abgelaufen,0.45,34,2631.0,21,20250407-021525
185,kein_Terminated,Zeit abgelaufen,0.44,34,2549.25,21,20250407-021537
186,kein_Terminated,Zeit abgelaufen,0.46,35,2586.0,21,20250407-021549
187,kein_Terminated,Zeit abgelaufen,0.62,155,2394.75,21,20250407-021601
188,kein_Terminated,Zeit abgelaufen,0.46,40,2458.75,21,20250407-021612
189,kein_Terminated,Zeit abgelaufen,0.44,61,2382.75,21,20250407-021624
190,kein_Terminated,Zeit abgelaufen,0.54,72,2925.25,21,20250407-021636
191,kein_Terminated,Zeit abgelaufen,0.45,36,2459.5,21,20250407-021648
192,kein_Terminated,Zeit abgelaufen,0.51,102,2012.5,21,20250407-021700
193,kein_Terminated,Zeit abgelaufen,0.59,108,2877.0,21,20250407-021712
194,kein_Terminated,Zeit abgelaufen,0.57,127,1892.5,21,20250407-021723
195,kein_Terminated,Zeit abgelaufen,0.55,57,2999.75,21,20250407-021735
196,kein_Terminated,Zeit abgelaufen,0.53,53,2973.25,21,20250407-021747
197,kein_Terminated,Zeit abgelaufen,0.54,51,2986.5,21,20250407-021759
198,kein_Terminated,Zeit abgelaufen,0.58,87,2825.25,21,20250407-021811
199,kein_Terminated,Zeit abgelaufen,0.46,87,2126.0,21,20250407-021823
200,kein_Terminated,Zeit abgelaufen,0.34,36,1804.0,21,20250407-021835
201,kein_Terminated,Zeit abgelaufen,0.43,53,2404.0,21,20250407-021846
202,kein_Terminated,Zeit abgelaufen,0.39,64,1984.0,21,20250407-021858
203,kein_Terminated,Zeit abgelaufen,0.42,40,2465.5,21,20250407-021910
204,kein_Terminated,Zeit abgelaufen,0.31,35,1651.0,21,20250407-021922
205,kein_Terminated,Zeit abgelaufen,0.5,54,2781.25,21,20250407-021934
206,kein_Terminated,Zeit abgelaufen,0.44,34,2563.25,21,20250407-021945
207,kein_Terminated,Zeit abgelaufen,0.47,38,2733.25,21,20250407-021957
208,kein_Terminated,Zeit abgelaufen,0.41,42,2381.25,21,20250407-022009
209,kein_Terminated,Zeit abgelaufen,0.35,36,2036.25,21,20250407-022021
210,kein_Terminated,Zeit abgelaufen,0.46,94,2057.75,21,20250407-022033
211,kein_Terminated,Zeit abgelaufen,0.51,97,2266.25,21,20250407-022045
212,kein_Terminated,Zeit abgelaufen,0.55,138,1894.25,21,20250407-022056
213,kein_Terminated,Zeit abgelaufen,0.47,67,2251.25,21,20250407-022108
214,kein_Terminated,Zeit abgelaufen,0.49,59,2532.75,21,20250407-022120
215,kein_Terminated,Zeit abgelaufen,0.54,88,2573.0,21,20250407-022132
216,kein_Terminated,Zeit abgelaufen,0.53,77,3048.0,21,20250407-022144
217,kein_Terminated,Zeit abgelaufen,0.56,74,2881.5,21,20250407-022155
218,kein_Terminated,Zeit abgelaufen,0.49,81,2644.5,21,20250407-022207
219,kein_Terminated,Zeit abgelaufen,0.58,121,2709.5,21,20250407-022219
220,kein_Terminated,Zeit abgelaufen,0.54,73,2692.75,21,20250407-022231
221,kein_Terminated,Zeit abgelaufen,0.54,50,3134.5,21,20250407-022243
222,kein_Terminated,Zeit abgelaufen,0.54,86,2883.0,21,20250407-022255
223,kein_Terminated,Zeit abgelaufen,0.53,55,3140.75,21,20250407-022306
224,kein_Terminated,Zeit abgelaufen,0.45,105,1665.25,21,20250407-022318
225,kein_Terminated,Zeit abgelaufen,0.59,135,2524.75,21,20250407-022330
226,kein_Terminated,Zeit abgelaufen,0.61,109,2968.25,21,20250407-022342
227,kein_Terminated,Zeit abgelaufen,0.6,102,3224.5,21,20250407-022354
228,kein_Terminated,Zeit abgelaufen,0.54,47,3221.0,21,20250407-022406
229,kein_Terminated,Zeit abgelaufen,0.57,48,3441.25,21,20250407-022418
230,kein_Terminated,Zeit abgelaufen,0.59,129,2449.75,21,20250407-022430
231,kein_Terminated,Zeit abgelaufen,0.63,80,3564.25,21,20250407-022442
232,kein_Terminated,Zeit abgelaufen,0.48,80,2205.25,21,20250407-022453
233,kein_Terminated,Zeit abgelaufen,0.51,130,2059.25,21,20250407-022505
234,kein_Terminated,Zeit abgelaufen,0.55,98,2865.75,21,20250407-022517
235,kein_Terminated,Zeit abgelaufen,0.37,80,1532.25,21,20250407-022529
236,kein_Terminated,Zeit abgelaufen,0.48,83,2624.75,21,20250407-022541
237,kein_Terminated,Zeit abgelaufen,0.53,92,2656.75,21,20250407-022552
238,kein_Terminated,Zeit abgelaufen,0.48,67,2468.5,21,20250407-022604
239,kein_Terminated,Zeit abgelaufen,0.6,76,3196.25,21,20250407-022616
240,kein_Terminated,Zeit abgelaufen,0.49,67,2680.75,21,20250407-022628
241,kein_Terminated,Zeit abgelaufen,0.52,45,3043.0,21,20250407-022640
242,kein_Terminated,Zeit abgelaufen,0.58,81,2892.0,21,20250407-022651
243,kein_Terminated,Zeit abgelaufen,0.63,101,3015.5,21,20250407-022703
244,kein_Terminated,Zeit abgelaufen,0.58,95,3084.0,21,20250407-022715
245,kein_Terminated,Zeit abgelaufen,0.6,89,3064.25,21,20250407-022727
246,kein_Terminated,Zeit abgelaufen,0.55,62,3198.25,21,20250407-022739
247,kein_Terminated,Zeit abgelaufen,0.51,60,2809.0,21,20250407-022750
248,kein_Terminated,Zeit abgelaufen,0.55,61,3173.75,21,20250407-022802
249,kein_Terminated,Zeit abgelaufen,0.51,99,2786.25,21,20250407-022814
3,kein_Terminated,Zeit abgelaufen,0.5,33,2892.25,21,20250407-022826
250,kein_Terminated,Zeit abgelaufen,0.54,51,3219.0,21,20250407-022834
251,kein_Terminated,Zeit abgelaufen,0.44,46,2425.75,21,20250407-022846
252,kein_Terminated,Zeit abgelaufen,0.52,43,3261.5,21,20250407-022858
253,kein_Terminated,Zeit abgelaufen,0.56,65,3092.0,21,20250407-022910
254,kein_Terminated,Zeit abgelaufen,0.55,97,2981.5,21,20250407-022922
255,kein_Terminated,Zeit abgelaufen,0.64,111,3170.5,21,20250407-022933
256,kein_Terminated,Zeit abgelaufen,0.57,113,2625.75,21,20250407-022945
257,kein_Terminated,Zeit abgelaufen,0.46,69,2517.25,21,20250407-022957
258,kein_Terminated,Zeit abgelaufen,0.55,77,2840.0,21,20250407-023009
259,kein_Terminated,Zeit abgelaufen,0.59,139,2694.5,21,20250407-023021
260,kein_Terminated,Zeit abgelaufen,0.64,98,3356.5,21,20250407-023032
261,kein_Terminated,Zeit abgelaufen,0.49,69,2597.5,21,20250407-023044
262,kein_Terminated,Zeit abgelaufen,0.62,131,2757.0,21,20250407-023056
263,kein_Terminated,Zeit abgelaufen,0.64,110,3433.25,21,20250407-023108
264,kein_Terminated,Zeit abgelaufen,0.67,97,3708.25,21,20250407-023120
265,kein_Terminated,Zeit abgelaufen,0.67,66,4109.25,21,20250407-023131
266,kein_Terminated,Zeit abgelaufen,0.63,113,3104.5,21,20250407-023143
267,kein_Terminated,Zeit abgelaufen,0.65,76,3574.5,21,20250407-023155
268,kein_Terminated,Zeit abgelaufen,0.53,49,3030.0,21,20250407-023207
269,kein_Terminated,Zeit abgelaufen,0.57,76,3121.5,21,20250407-023218
270,kein_Terminated,Zeit abgelaufen,0.64,70,3591.75,21,20250407-023230
271,kein_Terminated,Zeit abgelaufen,0.68,88,3930.25,21,20250407-023242
272,kein_Terminated,Zeit abgelaufen,0.63,96,3403.75,21,20250407-023254
273,kein_Terminated,Zeit abgelaufen,0.61,65,3638.25,21,20250407-023306
274,kein_Terminated,Zeit abgelaufen,0.64,49,3832.25,21,20250407-023317
275,kein_Terminated,Zeit abgelaufen,0.65,99,3556.0,21,20250407-023329
276,kein_Terminated,Zeit abgelaufen,0.54,90,2844.25,21,20250407-023341
277,kein_Terminated,Zeit abgelaufen,0.61,84,3444.0,21,20250407-023353
278,kein_Terminated,Zeit abgelaufen,0.53,95,2827.0,21,20250407-023405
279,kein_Terminated,Zeit abgelaufen,0.61,89,3435.75,21,20250407-023416
280,kein_Terminated,Zeit abgelaufen,0.65,63,3850.25,21,20250407-023428
281,kein_Terminated,Zeit abgelaufen,0.54,136,2739.0,21,20250407-023440
282,kein_Terminated,Zeit abgelaufen,0.57,79,3152.25,21,20250407-023452
283,kein_Terminated,Zeit abgelaufen,0.57,64,3253.5,21,20250407-023503
284,kein_Terminated,Zeit abgelaufen,0.54,61,3140.0,21,20250407-023515
285,kein_Terminated,Zeit abgelaufen,0.65,98,3234.5,21,20250407-023527
286,kein_Terminated,Zeit abgelaufen,0.64,82,3796.5,21,20250407-023539
287,kein_Terminated,Zeit abgelaufen,0.6,57,3671.75,21,20250407-023551
288,kein_Terminated,Zeit abgelaufen,0.63,59,3910.75,21,20250407-023602
289,kein_Terminated,Zeit abgelaufen,0.58,86,3438.25,21,20250407-023614
290,kein_Terminated,Zeit abgelaufen,0.65,80,3769.0,21,20250407-023626
291,kein_Terminated,Zeit abgelaufen,0.59,104,3189.0,21,20250407-023638
292,kein_Terminated,Zeit abgelaufen,0.63,75,3651.5,21,20250407-023650
293,kein_Terminated,Zeit abgelaufen,0.55,74,3246.5,21,20250407-023701
294,kein_Terminated,Zeit abgelaufen,0.63,68,3766.5,21,20250407-023713
295,kein_Terminated,Zeit abgelaufen,0.62,84,3504.25,21,20250407-023725
296,kein_Terminated,Zeit abgelaufen,0.59,67,3486.25,21,20250407-023737
297,kein_Terminated,Zeit abgelaufen,0.57,59,3447.5,21,20250407-023749
298,kein_Terminated,Zeit abgelaufen,0.64,75,3755.75,21,20250407-023800
299,kein_Terminated,Zeit abgelaufen,0.65,83,3823.5,21,20250407-023812
300,kein_Terminated,Zeit abgelaufen,0.62,44,3838.5,21,20250407-023824
301,kein_Terminated,Zeit abgelaufen,0.63,58,3875.75,21,20250407-023836
302,kein_Terminated,Zeit abgelaufen,0.61,38,3584.0,21,20250407-023847
303,kein_Terminated,Zeit abgelaufen,0.51,64,2966.75,21,20250407-023859
304,kein_Terminated,Zeit abgelaufen,0.68,56,4292.75,21,20250407-023911
305,kein_Terminated,Zeit abgelaufen,0.57,61,3518.25,21,20250407-023923
306,kein_Terminated,Zeit abgelaufen,0.62,60,3622.0,21,20250407-023935
307,kein_Terminated,Zeit abgelaufen,0.63,61,3872.25,21,20250407-023946
308,kein_Terminated,Zeit abgelaufen,0.65,48,3987.5,21,20250407-023958
309,kein_Terminated,Zeit abgelaufen,0.62,80,3708.5,21,20250407-024010
310,kein_Terminated,Zeit abgelaufen,0.56,60,3391.5,21,20250407-024021
311,kein_Terminated,Zeit abgelaufen,0.64,43,3959.75,21,20250407-024033
312,kein_Terminated,Zeit abgelaufen,0.56,56,3342.75,21,20250407-024045
313,kein_Terminated,Zeit abgelaufen,0.62,58,3899.25,21,20250407-024057
314,kein_Terminated,Zeit abgelaufen,0.59,43,3711.0,21,20250407-024109
315,kein_Terminated,Zeit abgelaufen,0.59,54,3536.75,21,20250407-024120
316,kein_Terminated,Zeit abgelaufen,0.63,43,3967.25,21,20250407-024132
317,kein_Terminated,Zeit abgelaufen,0.63,80,3600.75,21,20250407-024144
318,kein_Terminated,Zeit abgelaufen,0.6,59,3700.25,21,20250407-024156
319,kein_Terminated,Zeit abgelaufen,0.59,67,3709.0,21,20250407-024207
320,kein_Terminated,Zeit abgelaufen,0.59,88,3569.25,21,20250407-024219
321,kein_Terminated,Zeit abgelaufen,0.63,101,3647.25,21,20250407-024231
322,kein_Terminated,Zeit abgelaufen,0.59,78,3516.5,21,20250407-024243
323,kein_Terminated,Zeit abgelaufen,0.56,61,3404.25,21,20250407-024254
324,kein_Terminated,Zeit abgelaufen,0.61,98,3745.75,21,20250407-024306
325,kein_Terminated,Zeit abgelaufen,0.61,76,3810.75,21,20250407-024318
326,kein_Terminated,Zeit abgelaufen,0.64,62,3814.5,21,20250407-024330
327,kein_Terminated,Zeit abgelaufen,0.48,61,2819.25,21,20250407-024342
328,kein_Terminated,Zeit abgelaufen,0.55,61,3297.5,21,20250407-024353
329,kein_Terminated,Zeit abgelaufen,0.45,90,2546.5,21,20250407-024405
330,kein_Terminated,Zeit abgelaufen,0.56,58,3464.25,21,20250407-024417
331,kein_Terminated,Zeit abgelaufen,0.61,100,3618.0,21,20250407-024429
332,kein_Terminated,Zeit abgelaufen,0.68,93,3920.75,21,20250407-024441
4,kein_Terminated,Zeit abgelaufen,0.5,87,2615.0,21,20250407-024453
333,kein_Terminated,Zeit abgelaufen,0.64,84,3907.5,21,20250407-024501
334,kein_Terminated,Zeit abgelaufen,0.67,73,4081.5,21,20250407-024513
335,kein_Terminated,Zeit abgelaufen,0.64,53,3940.25,21,20250407-024525
336,kein_Terminated,Zeit abgelaufen,0.64,69,3830.75,21,20250407-024536
337,kein_Terminated,Zeit abgelaufen,0.58,69,3294.75,21,20250407-024548
338,kein_Terminated,Zeit abgelaufen,0.63,76,3803.25,21,20250407-024600
339,kein_Terminated,Zeit abgelaufen,0.53,83,3347.25,21,20250407-024612
340,kein_Terminated,Zeit abgelaufen,0.65,64,4050.75,21,20250407-024623
341,kein_Terminated,Zeit abgelaufen,0.69,81,4294.25,21,20250407-024635
342,kein_Terminated,Zeit abgelaufen,0.65,64,4018.0,21,20250407-024647
343,kein_Terminated,Zeit abgelaufen,0.6,35,3748.75,21,20250407-024659
344,kein_Terminated,Zeit abgelaufen,0.62,42,3879.0,21,20250407-024711
345,kein_Terminated,Zeit abgelaufen,0.61,22,3875.25,21,20250407-024723
346,kein_Terminated,Zeit abgelaufen,0.57,52,3587.25,21,20250407-024734
347,kein_Terminated,Zeit abgelaufen,0.63,50,3714.25,21,20250407-024746
348,kein_Terminated,Zeit abgelaufen,0.46,74,2634.75,21,20250407-024758
349,kein_Terminated,Zeit abgelaufen,0.43,58,2345.5,21,20250407-024810
350,kein_Terminated,Zeit abgelaufen,0.34,3,2057.5,21,20250407-024822
351,kein_Terminated,Zeit abgelaufen,0.56,29,3369.75,21,20250407-024833
352,kein_Terminated,Zeit abgelaufen,0.46,75,2511.0,21,20250407-024845
353,kein_Terminated,Zeit abgelaufen,0.61,42,3701.25,21,20250407-024857
354,kein_Terminated,Zeit abgelaufen,0.6,47,3714.25,21,20250407-024908
355,kein_Terminated,Zeit abgelaufen,0.59,37,3583.5,21,20250407-024920
356,kein_Terminated,Zeit abgelaufen,0.57,24,3532.75,21,20250407-024932
357,kein_Terminated,Zeit abgelaufen,0.59,95,3391.5,21,20250407-024944
358,kein_Terminated,Zeit abgelaufen,0.56,59,3169.25,21,20250407-024956
359,kein_Terminated,Zeit abgelaufen,0.6,68,3453.5,21,20250407-025008
360,kein_Terminated,Zeit abgelaufen,0.58,47,3519.25,21,20250407-025020
361,kein_Terminated,Zeit abgelaufen,0.57,44,3492.5,21,20250407-025031
362,kein_Terminated,Zeit abgelaufen,0.57,50,3493.75,21,20250407-025043
363,kein_Terminated,Zeit abgelaufen,0.51,39,3133.0,21,20250407-025055
364,kein_Terminated,Zeit abgelaufen,0.51,60,3062.0,21,20250407-025107
365,kein_Terminated,Zeit abgelaufen,0.62,46,3767.5,21,20250407-025119
366,kein_Terminated,Zeit abgelaufen,0.53,64,3279.0,21,20250407-025130
367,kein_Terminated,Zeit abgelaufen,0.53,77,3234.25,21,20250407-025142
368,kein_Terminated,Zeit abgelaufen,0.56,33,3462.75,21,20250407-025154
369,kein_Terminated,Zeit abgelaufen,0.49,39,3095.5,21,20250407-025206
370,kein_Terminated,Zeit abgelaufen,0.59,73,3652.5,21,20250407-025218
371,kein_Terminated,Zeit abgelaufen,0.59,88,3411.75,21,20250407-025229
372,kein_Terminated,Zeit abgelaufen,0.59,54,3723.5,21,20250407-025241
373,kein_Terminated,Zeit abgelaufen,0.6,42,3747.0,21,20250407-025253
374,kein_Terminated,Zeit abgelaufen,0.55,45,3396.25,21,20250407-025305
375,kein_Terminated,Zeit abgelaufen,0.6,40,3609.5,21,20250407-025317
376,kein_Terminated,Zeit abgelaufen,0.64,70,3867.0,21,20250407-025329
377,kein_Terminated,Zeit abgelaufen,0.53,55,3280.75,21,20250407-025340
378,kein_Terminated,Zeit abgelaufen,0.57,37,3593.25,21,20250407-025352
379,kein_Terminated,Zeit abgelaufen,0.6,63,3704.5,21,20250407-025404
380,kein_Terminated,Zeit abgelaufen,0.62,64,3720.75,21,20250407-025416
381,kein_Terminated,Zeit abgelaufen,0.58,73,3414.75,21,20250407-025428
382,kein_Terminated,Zeit abgelaufen,0.58,42,3673.25,21,20250407-025440
383,kein_Terminated,Zeit abgelaufen,0.53,42,3246.0,21,20250407-025451
384,kein_Terminated,Zeit abgelaufen,0.59,33,3676.5,21,20250407-025503
385,kein_Terminated,Zeit abgelaufen,0.63,50,3948.5,21,20250407-025515
386,kein_Terminated,Zeit abgelaufen,0.47,74,2891.0,21,20250407-025527
387,kein_Terminated,Zeit abgelaufen,0.68,81,4042.0,21,20250407-025539
388,kein_Terminated,Zeit abgelaufen,0.58,62,3467.25,21,20250407-025550
389,kein_Terminated,Zeit abgelaufen,0.65,52,4073.0,21,20250407-025602
390,kein_Terminated,Zeit abgelaufen,0.64,70,3799.75,21,20250407-025614
391,kein_Terminated,Zeit abgelaufen,0.64,96,3735.75,21,20250407-025626
392,kein_Terminated,Zeit abgelaufen,0.69,43,4342.75,21,20250407-025637
393,kein_Terminated,Zeit abgelaufen,0.59,57,3504.75,21,20250407-025649
394,kein_Terminated,Zeit abgelaufen,0.7,47,4164.0,21,20250407-025701
395,kein_Terminated,Zeit abgelaufen,0.66,44,4037.5,21,20250407-025713
396,kein_Terminated,Zeit abgelaufen,0.65,45,4046.25,21,20250407-025725
397,kein_Terminated,Zeit abgelaufen,0.49,60,2925.75,21,20250407-025737
398,kein_Terminated,Zeit abgelaufen,0.62,59,3686.5,21,20250407-025749
399,kein_Terminated,Zeit abgelaufen,0.63,32,3841.75,21,20250407-025800
400,kein_Terminated,Zeit abgelaufen,0.5,48,3073.0,21,20250407-025812
401,kein_Terminated,Zeit abgelaufen,0.62,64,3947.25,21,20250407-025824
402,kein_Terminated,Zeit abgelaufen,0.6,54,3724.25,21,20250407-025836
403,kein_Terminated,Zeit abgelaufen,0.6,45,3568.75,21,20250407-025848
404,kein_Terminated,Zeit abgelaufen,0.65,65,3947.25,21,20250407-025859
405,kein_Terminated,Zeit abgelaufen,0.62,57,3882.75,21,20250407-025911
406,kein_Terminated,Zeit abgelaufen,0.57,12,3629.5,21,20250407-025923
407,kein_Terminated,Zeit abgelaufen,0.54,20,3429.5,21,20250407-025935
408,kein_Terminated,Zeit abgelaufen,0.6,56,3686.25,21,20250407-025947
409,kein_Terminated,Zeit abgelaufen,0.63,57,3845.75,21,20250407-025959
410,kein_Terminated,Zeit abgelaufen,0.56,47,3508.75,21,20250407-030010
411,kein_Terminated,Zeit abgelaufen,0.62,59,3874.5,21,20250407-030022
412,kein_Terminated,Zeit abgelaufen,0.59,43,3648.75,21,20250407-030034
413,kein_Terminated,Zeit abgelaufen,0.58,34,3663.25,21,20250407-030046
414,kein_Terminated,Zeit abgelaufen,0.57,31,3510.75,21,20250407-030058
415,kein_Terminated,Zeit abgelaufen,0.61,62,3660.75,21,20250407-030110
5,kein_Terminated,Zeit abgelaufen,0.62,74,3231.0,21,20250407-030123
416,kein_Terminated,Zeit abgelaufen,0.64,48,4021.25,21,20250407-030130
417,kein_Terminated,Zeit abgelaufen,0.57,55,3472.25,21,20250407-030142
418,kein_Terminated,Zeit abgelaufen,0.62,39,3921.5,21,20250407-030154
419,kein_Terminated,Zeit abgelaufen,0.64,71,3768.0,21,20250407-030206
420,kein_Terminated,Zeit abgelaufen,0.68,56,4210.25,21,20250407-030217
421,kein_Terminated,Zeit abgelaufen,0.57,23,3607.25,21,20250407-030229
422,kein_Terminated,Zeit abgelaufen,0.68,64,4323.5,21,20250407-030241
423,kein_Terminated,Zeit abgelaufen,0.55,20,3439.5,21,20250407-030253
424,kein_Terminated,Zeit abgelaufen,0.64,40,3988.25,21,20250407-030305
425,kein_Terminated,Zeit abgelaufen,0.62,65,3726.5,21,20250407-030316
426,kein_Terminated,Zeit abgelaufen,0.55,79,3186.0,21,20250407-030328
427,kein_Terminated,Zeit abgelaufen,0.61,48,3616.0,21,20250407-030340
428,kein_Terminated,Zeit abgelaufen,0.65,69,3842.25,21,20250407-030352
429,kein_Terminated,Zeit abgelaufen,0.64,60,3826.5,21,20250407-030404
430,kein_Terminated,Zeit abgelaufen,0.55,47,3368.0,21,20250407-030416
431,kein_Terminated,Zeit abgelaufen,0.56,87,3071.75,21,20250407-030427
432,kein_Terminated,Zeit abgelaufen,0.64,58,3877.25,21,20250407-030439
433,kein_Terminated,Zeit abgelaufen,0.56,47,3487.0,21,20250407-030451
434,kein_Terminated,Zeit abgelaufen,0.68,91,3920.75,21,20250407-030503
435,kein_Terminated,Zeit abgelaufen,0.53,49,3205.75,21,20250407-030515
436,kein_Terminated,Zeit abgelaufen,0.6,38,3799.25,21,20250407-030526
437,kein_Terminated,Zeit abgelaufen,0.63,55,3754.75,21,20250407-030538
438,kein_Terminated,Zeit abgelaufen,0.58,100,3399.75,21,20250407-030550
439,kein_Terminated,Zeit abgelaufen,0.56,50,3286.5,21,20250407-030602
440,kein_Terminated,Zeit abgelaufen,0.6,81,3613.25,21,20250407-030613
441,kein_Terminated,Zeit abgelaufen,0.55,72,3108.75,21,20250407-030625
442,kein_Terminated,Zeit abgelaufen,0.62,77,3540.5,21,20250407-030637
443,kein_Terminated,Zeit abgelaufen,0.58,72,3351.75,21,20250407-030649
444,kein_Terminated,Zeit abgelaufen,0.61,51,3735.5,21,20250407-030701
445,kein_Terminated,Zeit abgelaufen,0.6,70,3605.25,21,20250407-030713
446,kein_Terminated,Zeit abgelaufen,0.67,55,4117.25,21,20250407-030724
447,kein_Terminated,Zeit abgelaufen,0.63,68,3721.75,21,20250407-030736
448,kein_Terminated,Zeit abgelaufen,0.64,51,3853.0,21,20250407-030748
449,kein_Terminated,Zeit abgelaufen,0.61,91,3596.25,21,20250407-030800
450,kein_Terminated,Zeit abgelaufen,0.65,79,3850.25,21,20250407-030812
451,kein_Terminated,Zeit abgelaufen,0.62,75,3644.0,21,20250407-030824
452,kein_Terminated,Zeit abgelaufen,0.6,83,3742.75,21,20250407-030835
453,kein_Terminated,Zeit abgelaufen,0.59,66,3464.0,21,20250407-030847
454,kein_Terminated,Zeit abgelaufen,0.61,61,3608.0,21,20250407-030859
455,kein_Terminated,Zeit abgelaufen,0.65,88,3866.0,21,20250407-030911
456,kein_Terminated,Zeit abgelaufen,0.63,84,3653.5,21,20250407-030923
457,kein_Terminated,Zeit abgelaufen,0.64,80,3887.5,21,20250407-030934
458,kein_Terminated,Zeit abgelaufen,0.63,58,3827.5,21,20250407-030946
459,kein_Terminated,Zeit abgelaufen,0.55,70,3277.25,21,20250407-030958
460,kein_Terminated,Zeit abgelaufen,0.63,90,3689.25,21,20250407-031010
461,kein_Terminated,Zeit abgelaufen,0.65,92,3876.5,21,20250407-031022
462,kein_Terminated,Zeit abgelaufen,0.68,63,4220.0,21,20250407-031033
463,kein_Terminated,Zeit abgelaufen,0.66,73,4012.75,21,20250407-031045
464,kein_Terminated,Zeit abgelaufen,0.63,68,3908.0,21,20250407-031057
465,kein_Terminated,Zeit abgelaufen,0.6,79,3573.0,21,20250407-031109
466,kein_Terminated,Zeit abgelaufen,0.64,72,3798.5,21,20250407-031121
467,kein_Terminated,Zeit abgelaufen,0.59,65,3609.75,21,20250407-031133
468,kein_Terminated,Zeit abgelaufen,0.62,73,3635.5,21,20250407-031145
469,kein_Terminated,Zeit abgelaufen,0.57,64,3269.75,21,20250407-031157
470,kein_Terminated,Zeit abgelaufen,0.58,97,3416.25,21,20250407-031208
471,kein_Terminated,Zeit abgelaufen,0.55,106,3046.25,21,20250407-031220
472,kein_Terminated,Zeit abgelaufen,0.62,91,3765.0,21,20250407-031232
473,kein_Terminated,Zeit abgelaufen,0.65,72,4013.75,21,20250407-031244
474,kein_Terminated,Zeit abgelaufen,0.63,84,3650.75,21,20250407-031256
475,kein_Terminated,Zeit abgelaufen,0.55,110,2967.25,21,20250407-031307
476,kein_Terminated,Zeit abgelaufen,0.64,61,3642.25,21,20250407-031319
477,kein_Terminated,Zeit abgelaufen,0.58,54,3483.0,21,20250407-031331
478,kein_Terminated,Zeit abgelaufen,0.66,67,3992.75,21,20250407-031343
479,kein_Terminated,Zeit abgelaufen,0.63,53,3787.0,21,20250407-031355
480,kein_Terminated,Zeit abgelaufen,0.62,100,3638.0,21,20250407-031406
481,kein_Terminated,Zeit abgelaufen,0.52,46,3200.25,21,20250407-031418
482,kein_Terminated,Zeit abgelaufen,0.66,85,4082.25,21,20250407-031430
483,kein_Terminated,Zeit abgelaufen,0.52,75,2992.0,21,20250407-031442
484,kein_Terminated,Zeit abgelaufen,0.6,89,3487.25,21,20250407-031454
485,kein_Terminated,Zeit abgelaufen,0.52,67,3008.0,21,20250407-031506
486,kein_Terminated,Zeit abgelaufen,0.5,51,2890.5,21,20250407-031517
487,kein_Terminated,Zeit abgelaufen,0.58,67,3375.75,21,20250407-031529
488,kein_Terminated,Zeit abgelaufen,0.55,79,3141.75,21,20250407-031541
489,kein_Terminated,Zeit abgelaufen,0.49,90,2638.25,21,20250407-031553
490,kein_Terminated,Zeit abgelaufen,0.59,70,3525.25,21,20250407-031605
491,kein_Terminated,Zeit abgelaufen,0.7,82,4137.0,21,20250407-031616
492,kein_Terminated,Zeit abgelaufen,0.47,66,2469.75,21,20250407-031628
493,kein_Terminated,Zeit abgelaufen,0.58,76,3456.75,21,20250407-031640
494,kein_Terminated,Zeit abgelaufen,0.54,61,3271.75,21,20250407-031652
495,kein_Terminated,Zeit abgelaufen,0.54,60,3312.0,21,20250407-031704
496,kein_Terminated,Zeit abgelaufen,0.37,64,2220.5,21,20250407-031715
497,kein_Terminated,Zeit abgelaufen,0.64,72,3782.25,21,20250407-031727
498,kein_Terminated,Zeit abgelaufen,0.65,75,3833.75,21,20250407-031739
6,kein_Terminated,Zeit abgelaufen,0.57,48,3558.75,21,20250407-031753
499,kein_Terminated,Zeit abgelaufen,0.61,77,3484.75,21,20250407-031800
500,kein_Terminated,Zeit abgelaufen,0.61,74,3569.5,21,20250407-031812
501,kein_Terminated,Zeit abgelaufen,0.6,72,3702.0,21,20250407-031823
502,kein_Terminated,Zeit abgelaufen,0.6,65,3641.25,21,20250407-031835
503,kein_Terminated,Zeit abgelaufen,0.61,50,3798.25,21,20250407-031847
504,kein_Terminated,Zeit abgelaufen,0.55,86,3321.25,21,20250407-031859
505,kein_Terminated,Zeit abgelaufen,0.52,74,2984.0,21,20250407-031911
506,kein_Terminated,Zeit abgelaufen,0.6,61,3665.5,21,20250407-031923
507,kein_Terminated,Zeit abgelaufen,0.62,80,3656.25,21,20250407-031934
508,kein_Terminated,Zeit abgelaufen,0.65,111,3886.25,21,20250407-031946
509,kein_Terminated,Zeit abgelaufen,0.55,88,3175.75,21,20250407-031958
510,kein_Terminated,Zeit abgelaufen,0.62,104,3706.75,21,20250407-032010
511,kein_Terminated,Zeit abgelaufen,0.64,77,3933.75,21,20250407-032022
512,kein_Terminated,Zeit abgelaufen,0.67,55,4164.25,21,20250407-032033
513,kein_Terminated,Zeit abgelaufen,0.56,57,3331.25,21,20250407-032045
514,kein_Terminated,Zeit abgelaufen,0.52,55,3078.75,21,20250407-032057
515,kein_Terminated,Zeit abgelaufen,0.57,69,3384.75,21,20250407-032109
516,kein_Terminated,Zeit abgelaufen,0.56,69,3219.25,21,20250407-032121
517,kein_Terminated,Zeit abgelaufen,0.66,47,4031.75,21,20250407-032132
518,kein_Terminated,Zeit abgelaufen,0.57,46,3464.0,21,20250407-032144
519,kein_Terminated,Zeit abgelaufen,0.53,62,3293.0,21,20250407-032156
520,kein_Terminated,Zeit abgelaufen,0.52,59,3186.75,21,20250407-032208
521,kein_Terminated,Zeit abgelaufen,0.54,40,3348.5,21,20250407-032220
522,kein_Terminated,Zeit abgelaufen,0.57,42,3593.5,21,20250407-032231
523,kein_Terminated,Zeit abgelaufen,0.54,45,3356.75,21,20250407-032243
524,kein_Terminated,Zeit abgelaufen,0.53,57,3284.5,21,20250407-032255
525,kein_Terminated,Zeit abgelaufen,0.55,80,3380.0,21,20250407-032307
526,kein_Terminated,Zeit abgelaufen,0.59,67,3486.75,21,20250407-032319
527,kein_Terminated,Zeit abgelaufen,0.58,50,3479.5,21,20250407-032330
528,kein_Terminated,Zeit abgelaufen,0.65,62,4058.25,21,20250407-032342
529,kein_Terminated,Zeit abgelaufen,0.64,73,3767.75,21,20250407-032354
530,kein_Terminated,Zeit abgelaufen,0.59,73,3442.25,21,20250407-032406
531,kein_Terminated,Zeit abgelaufen,0.55,53,3336.25,21,20250407-032418
532,kein_Terminated,Zeit abgelaufen,0.63,54,3788.75,21,20250407-032429
533,kein_Terminated,Zeit abgelaufen,0.56,44,3452.5,21,20250407-032441
534,kein_Terminated,Zeit abgelaufen,0.44,63,2422.0,21,20250407-032453
535,kein_Terminated,Zeit abgelaufen,0.54,79,3294.0,21,20250407-032505
536,kein_Terminated,Zeit abgelaufen,0.62,61,3870.75,21,20250407-032517
537,kein_Terminated,Zeit abgelaufen,0.6,42,3741.0,21,20250407-032528
538,kein_Terminated,Zeit abgelaufen,0.68,69,4046.25,21,20250407-032540
539,kein_Terminated,Zeit abgelaufen,0.67,56,4097.25,21,20250407-032552
540,kein_Terminated,Zeit abgelaufen,0.59,52,3608.25,21,20250407-032604
541,kein_Terminated,Zeit abgelaufen,0.56,60,3365.5,21,20250407-032615
542,kein_Terminated,Zeit abgelaufen,0.58,42,3636.75,21,20250407-032627
543,kein_Terminated,Zeit abgelaufen,0.55,40,3335.5,21,20250407-032639
544,kein_Terminated,Zeit abgelaufen,0.62,83,3581.25,21,20250407-032651
545,kein_Terminated,Zeit abgelaufen,0.53,46,3157.5,21,20250407-032702
546,kein_Terminated,Zeit abgelaufen,0.5,53,3005.75,21,20250407-032714
547,kein_Terminated,Zeit abgelaufen,0.53,26,3353.5,21,20250407-032726
548,kein_Terminated,Zeit abgelaufen,0.62,63,3703.0,21,20250407-032738
549,kein_Terminated,Zeit abgelaufen,0.6,51,3754.75,21,20250407-032750
550,kein_Terminated,Zeit abgelaufen,0.54,50,3375.25,21,20250407-032801
551,kein_Terminated,Zeit abgelaufen,0.55,45,3402.5,21,20250407-032813
552,kein_Terminated,Zeit abgelaufen,0.61,45,3895.5,21,20250407-032825
553,kein_Terminated,Zeit abgelaufen,0.64,62,3927.5,21,20250407-032837
554,kein_Terminated,Zeit abgelaufen,0.62,42,3785.75,21,20250407-032849
555,kein_Terminated,Zeit abgelaufen,0.64,64,3863.25,21,20250407-032900
556,kein_Terminated,Zeit abgelaufen,0.65,67,4082.75,21,20250407-032912
557,kein_Terminated,Zeit abgelaufen,0.63,55,3894.5,21,20250407-032924
558,kein_Terminated,Zeit abgelaufen,0.69,72,4215.0,21,20250407-032936
559,kein_Terminated,Zeit abgelaufen,0.58,63,3402.5,21,20250407-032948
560,kein_Terminated,Zeit abgelaufen,0.67,66,4123.75,21,20250407-033000
561,kein_Terminated,Zeit abgelaufen,0.68,64,4133.0,21,20250407-033011
562,kein_Terminated,Zeit abgelaufen,0.63,42,3920.75,21,20250407-033023
563,kein_Terminated,Zeit abgelaufen,0.65,41,4044.5,21,20250407-033035
564,kein_Terminated,Zeit abgelaufen,0.61,47,3800.75,21,20250407-033047
565,kein_Terminated,Zeit abgelaufen,0.62,53,3814.25,21,20250407-033059
566,kein_Terminated,Zeit abgelaufen,0.64,70,4059.5,21,20250407-033111
567,kein_Terminated,Zeit abgelaufen,0.61,42,3734.0,21,20250407-033122
568,kein_Terminated,Zeit abgelaufen,0.62,61,3852.25,21,20250407-033134
569,kein_Terminated,Zeit abgelaufen,0.59,51,3711.25,21,20250407-033146
570,kein_Terminated,Zeit abgelaufen,0.63,82,3865.5,21,20250407-033158
571,kein_Terminated,Zeit abgelaufen,0.64,42,4010.5,21,20250407-033210
572,kein_Terminated,Zeit abgelaufen,0.61,63,3768.5,21,20250407-033222
573,kein_Terminated,Zeit abgelaufen,0.68,83,4032.0,21,20250407-033233
574,kein_Terminated,Zeit abgelaufen,0.59,60,3623.75,21,20250407-033245
575,kein_Terminated,Zeit abgelaufen,0.53,48,3265.0,21,20250407-033257
576,kein_Terminated,Zeit abgelaufen,0.58,52,3544.25,21,20250407-033309
577,kein_Terminated,Zeit abgelaufen,0.65,53,4030.0,21,20250407-033320
578,kein_Terminated,Zeit abgelaufen,0.61,59,3802.75,21,20250407-033332
579,kein_Terminated,Zeit abgelaufen,0.61,68,3693.5,21,20250407-033344
580,kein_Terminated,Zeit abgelaufen,0.56,56,3440.0,21,20250407-033356
581,kein_Terminated,Zeit abgelaufen,0.67,93,3985.75,21,20250407-033408
7,kein_Terminated,Zeit abgelaufen,0.56,98,2849.0,21,20250407-033422
582,kein_Terminated,Zeit abgelaufen,0.55,73,3315.25,21,20250407-033428
583,kein_Terminated,Zeit abgelaufen,0.61,48,3784.25,21,20250407-033440
584,kein_Terminated,Zeit abgelaufen,0.66,75,3983.0,21,20250407-033452
585,kein_Terminated,Zeit abgelaufen,0.61,46,3738.25,21,20250407-033504
586,kein_Terminated,Zeit abgelaufen,0.59,60,3551.5,21,20250407-033515
587,kein_Terminated,Zeit abgelaufen,0.63,75,3902.25,21,20250407-033527
588,kein_Terminated,Zeit abgelaufen,0.65,45,4032.25,21,20250407-033539
589,kein_Terminated,Zeit abgelaufen,0.69,45,4342.75,21,20250407-033551
590,kein_Terminated,Zeit abgelaufen,0.67,53,4263.0,21,20250407-033603
591,kein_Terminated,Zeit abgelaufen,0.59,55,3650.75,21,20250407-033615
592,kein_Terminated,Zeit abgelaufen,0.54,26,3387.25,21,20250407-033626
593,kein_Terminated,Zeit abgelaufen,0.62,53,3714.5,21,20250407-033638
594,kein_Terminated,Zeit abgelaufen,0.63,52,3900.5,21,20250407-033650
595,kein_Terminated,Zeit abgelaufen,0.63,52,3860.0,21,20250407-033702
596,kein_Terminated,Zeit abgelaufen,0.63,23,3950.5,21,20250407-033713
597,kein_Terminated,Zeit abgelaufen,0.63,74,3752.5,21,20250407-033725
598,kein_Terminated,Zeit abgelaufen,0.63,52,3748.75,21,20250407-033737
599,kein_Terminated,Zeit abgelaufen,0.64,49,3927.75,21,20250407-033749
600,kein_Terminated,Zeit abgelaufen,0.67,71,4113.5,21,20250407-033800
601,kein_Terminated,Zeit abgelaufen,0.68,87,4048.0,21,20250407-033812
602,kein_Terminated,Zeit abgelaufen,0.59,80,3433.75,21,20250407-033824
603,kein_Terminated,Zeit abgelaufen,0.64,71,3861.0,21,20250407-033836
604,kein_Terminated,Zeit abgelaufen,0.6,56,3564.25,21,20250407-033848
605,kein_Terminated,Zeit abgelaufen,0.66,61,4011.5,21,20250407-033859
606,kein_Terminated,Zeit abgelaufen,0.57,31,3633.5,21,20250407-033911
607,kein_Terminated,Zeit abgelaufen,0.61,30,3851.25,21,20250407-033923
608,kein_Terminated,Zeit abgelaufen,0.64,62,3942.25,21,20250407-033935
609,kein_Terminated,Zeit abgelaufen,0.64,81,3935.75,21,20250407-033947
610,kein_Terminated,Zeit abgelaufen,0.36,38,2100.0,21,20250407-033958
611,kein_Terminated,Zeit abgelaufen,0.61,57,3727.5,21,20250407-034010
612,kein_Terminated,Zeit abgelaufen,0.65,66,3924.75,21,20250407-034022
613,kein_Terminated,Zeit abgelaufen,0.56,39,3545.25,21,20250407-034034
614,kein_Terminated,Zeit abgelaufen,0.59,19,3717.25,21,20250407-034046
615,kein_Terminated,Zeit abgelaufen,0.64,55,4000.25,21,20250407-034058
616,kein_Terminated,Zeit abgelaufen,0.68,55,4242.5,21,20250407-034109
617,kein_Terminated,Zeit abgelaufen,0.62,79,3718.75,21,20250407-034121
618,kein_Terminated,Zeit abgelaufen,0.66,76,3990.75,21,20250407-034133
619,kein_Terminated,Zeit abgelaufen,0.6,64,3606.75,21,20250407-034145
620,kein_Terminated,Zeit abgelaufen,0.64,65,3968.5,21,20250407-034156
621,kein_Terminated,Zeit abgelaufen,0.69,71,4126.25,21,20250407-034208
622,kein_Terminated,Zeit abgelaufen,0.57,60,3439.5,21,20250407-034220
623,kein_Terminated,Zeit abgelaufen,0.49,44,2873.25,21,20250407-034232
624,kein_Terminated,Zeit abgelaufen,0.61,65,3701.5,21,20250407-034243
625,kein_Terminated,Zeit abgelaufen,0.69,58,4328.5,21,20250407-034255
626,kein_Terminated,Zeit abgelaufen,0.6,62,3660.0,21,20250407-034307
627,kein_Terminated,Zeit abgelaufen,0.66,60,4128.5,21,20250407-034319
628,kein_Terminated,Zeit abgelaufen,0.62,85,3866.25,21,20250407-034331
629,kein_Terminated,Zeit abgelaufen,0.61,77,3810.5,21,20250407-034343
630,kein_Terminated,Zeit abgelaufen,0.64,42,4038.75,21,20250407-034354
631,kein_Terminated,Zeit abgelaufen,0.68,56,4242.0,21,20250407-034406
632,kein_Terminated,Zeit abgelaufen,0.67,74,4133.5,21,20250407-034418
633,kein_Terminated,Zeit abgelaufen,0.65,32,4075.0,21,20250407-034430
634,kein_Terminated,Zeit abgelaufen,0.57,34,3583.5,21,20250407-034442
635,kein_Terminated,Zeit abgelaufen,0.63,48,3894.25,21,20250407-034453
636,kein_Terminated,Zeit abgelaufen,0.67,42,4219.0,21,20250407-034505
637,kein_Terminated,Zeit abgelaufen,0.62,61,3923.25,21,20250407-034517
638,kein_Terminated,Zeit abgelaufen,0.65,58,4026.5,21,20250407-034529
639,kein_Terminated,Zeit abgelaufen,0.64,52,3944.25,21,20250407-034541
640,kein_Terminated,Zeit abgelaufen,0.57,32,3605.25,21,20250407-034553
641,kein_Terminated,Zeit abgelaufen,0.62,46,3788.0,21,20250407-034605
642,kein_Terminated,Zeit abgelaufen,0.62,60,3678.25,21,20250407-034616
643,kein_Terminated,Zeit abgelaufen,0.69,87,4261.75,21,20250407-034628
644,kein_Terminated,Zeit abgelaufen,0.49,27,3018.75,21,20250407-034640
645,kein_Terminated,Zeit abgelaufen,0.59,65,3585.25,21,20250407-034652
646,kein_Terminated,Zeit abgelaufen,0.61,73,3620.75,21,20250407-034704
647,kein_Terminated,Zeit abgelaufen,0.61,38,3778.5,21,20250407-034715
648,kein_Terminated,Zeit abgelaufen,0.62,91,3888.75,21,20250407-034727
649,kein_Terminated,Zeit abgelaufen,0.69,55,4252.0,21,20250407-034739
650,kein_Terminated,Zeit abgelaufen,0.65,52,4141.25,21,20250407-034751
651,kein_Terminated,Zeit abgelaufen,0.66,56,3993.0,21,20250407-034803
652,kein_Terminated,Zeit abgelaufen,0.7,69,4344.25,21,20250407-034814
653,kein_Terminated,Zeit abgelaufen,0.67,58,4069.25,21,20250407-034826
654,kein_Terminated,Zeit abgelaufen,0.61,79,3744.0,21,20250407-034838
655,kein_Terminated,Zeit abgelaufen,0.66,57,4005.25,21,20250407-034850
656,kein_Terminated,Zeit abgelaufen,0.64,61,3994.75,21,20250407-034902
657,kein_Terminated,Zeit abgelaufen,0.61,74,3774.25,21,20250407-034913
658,kein_Terminated,Zeit abgelaufen,0.66,46,4174.75,21,20250407-034925
659,kein_Terminated,Zeit abgelaufen,0.61,58,3701.0,21,20250407-034937
660,kein_Terminated,Zeit abgelaufen,0.7,99,4169.75,21,20250407-034949
661,kein_Terminated,Zeit abgelaufen,0.61,76,3841.0,21,20250407-035001
662,kein_Terminated,Zeit abgelaufen,0.66,52,4167.25,21,20250407-035012
663,kein_Terminated,Zeit abgelaufen,0.61,51,3828.75,21,20250407-035024
664,kein_Terminated,Zeit abgelaufen,0.63,63,3758.75,21,20250407-035036
8,kein_Terminated,Zeit abgelaufen,0.49,61,2998.25,21,20250407-035051
665,kein_Terminated,Zeit abgelaufen,0.66,67,4211.25,21,20250407-035057
666,kein_Terminated,Zeit abgelaufen,0.64,77,3766.0,21,20250407-035108
667,kein_Terminated,Zeit abgelaufen,0.65,52,4054.5,21,20250407-035120
668,kein_Terminated,Zeit abgelaufen,0.63,50,3964.75,21,20250407-035132
669,kein_Terminated,Zeit abgelaufen,0.59,51,3678.5,21,20250407-035144
670,kein_Terminated,Zeit abgelaufen,0.53,65,3288.5,21,20250407-035156
671,kein_Terminated,Zeit abgelaufen,0.66,47,4145.0,21,20250407-035208
672,kein_Terminated,Zeit abgelaufen,0.66,42,4112.25,21,20250407-035219
673,kein_Terminated,Zeit abgelaufen,0.67,58,4261.25,21,20250407-035231
674,kein_Terminated,Zeit abgelaufen,0.67,74,4022.5,21,20250407-035243
675,kein_Terminated,Zeit abgelaufen,0.66,77,4090.25,21,20250407-035255
676,kein_Terminated,Zeit abgelaufen,0.64,66,3867.0,21,20250407-035307
677,kein_Terminated,Zeit abgelaufen,0.58,65,3555.75,21,20250407-035318
678,kein_Terminated,Zeit abgelaufen,0.63,75,3701.75,21,20250407-035330
679,kein_Terminated,Zeit abgelaufen,0.69,75,4235.25,21,20250407-035342
680,kein_Terminated,Zeit abgelaufen,0.64,63,3933.75,21,20250407-035354
681,kein_Terminated,Zeit abgelaufen,0.58,51,3594.25,21,20250407-035406
682,kein_Terminated,Zeit abgelaufen,0.62,43,3763.75,21,20250407-035417
683,kein_Terminated,Zeit abgelaufen,0.65,81,3931.25,21,20250407-035429
684,kein_Terminated,Zeit abgelaufen,0.69,77,4213.25,21,20250407-035441
685,kein_Terminated,Zeit abgelaufen,0.6,70,3584.75,21,20250407-035453
686,kein_Terminated,Zeit abgelaufen,0.7,56,4347.75,21,20250407-035505
687,kein_Terminated,Zeit abgelaufen,0.62,68,3903.0,21,20250407-035517
688,kein_Terminated,Zeit abgelaufen,0.67,61,4186.75,21,20250407-035528
689,kein_Terminated,Zeit abgelaufen,0.62,67,3696.75,21,20250407-035540
690,kein_Terminated,Zeit abgelaufen,0.75,90,4574.5,21,20250407-035552
691,kein_Terminated,Zeit abgelaufen,0.66,60,3881.25,21,20250407-035604
692,kein_Terminated,Zeit abgelaufen,0.62,68,3832.0,21,20250407-035616
693,kein_Terminated,Zeit abgelaufen,0.63,66,3801.25,21,20250407-035628
694,kein_Terminated,Zeit abgelaufen,0.59,67,3530.75,21,20250407-035639
695,kein_Terminated,Zeit abgelaufen,0.38,34,2250.25,21,20250407-035651
696,kein_Terminated,Zeit abgelaufen,0.64,29,4057.0,21,20250407-035703
697,kein_Terminated,Zeit abgelaufen,0.58,69,3679.25,21,20250407-035715
698,kein_Terminated,Zeit abgelaufen,0.67,74,4140.0,21,20250407-035727
699,kein_Terminated,Zeit abgelaufen,0.67,57,4097.75,21,20250407-035739
700,kein_Terminated,Zeit abgelaufen,0.6,70,3710.5,21,20250407-035750
701,kein_Terminated,Zeit abgelaufen,0.61,68,3762.25,21,20250407-035802
702,kein_Terminated,Zeit abgelaufen,0.58,67,3426.5,21,20250407-035814
703,kein_Terminated,Zeit abgelaufen,0.62,70,3856.25,21,20250407-035826
704,kein_Terminated,Zeit abgelaufen,0.45,44,2752.5,21,20250407-035837
705,kein_Terminated,Zeit abgelaufen,0.66,54,4092.5,21,20250407-035849
706,kein_Terminated,Zeit abgelaufen,0.66,64,4132.25,21,20250407-035901
707,kein_Terminated,Zeit abgelaufen,0.58,49,3580.25,21,20250407-035913
708,kein_Terminated,Zeit abgelaufen,0.59,66,3571.25,21,20250407-035925
709,kein_Terminated,Zeit abgelaufen,0.67,77,4047.0,21,20250407-035937
710,kein_Terminated,Zeit abgelaufen,0.64,65,3980.5,21,20250407-035948
711,kein_Terminated,Zeit abgelaufen,0.67,73,4135.75,21,20250407-040000
712,kein_Terminated,Zeit abgelaufen,0.67,72,4184.25,21,20250407-040012
713,kein_Terminated,Zeit abgelaufen,0.58,53,3584.5,21,20250407-040024
714,kein_Terminated,Zeit abgelaufen,0.69,87,4219.0,21,20250407-040036
715,kein_Terminated,Zeit abgelaufen,0.73,64,4439.0,21,20250407-040047
716,kein_Terminated,Zeit abgelaufen,0.69,93,4061.5,21,20250407-040059
717,kein_Terminated,Zeit abgelaufen,0.62,77,3709.0,21,20250407-040111
718,kein_Terminated,Zeit abgelaufen,0.64,56,3911.25,21,20250407-040123
719,kein_Terminated,Zeit abgelaufen,0.65,79,3902.25,21,20250407-040134
720,kein_Terminated,Zeit abgelaufen,0.66,61,4088.25,21,20250407-040146
721,kein_Terminated,Zeit abgelaufen,0.59,72,3537.25,21,20250407-040158
722,kein_Terminated,Zeit abgelaufen,0.61,45,3899.5,21,20250407-040210
723,kein_Terminated,Zeit abgelaufen,0.63,85,3810.75,21,20250407-040222
724,kein_Terminated,Zeit abgelaufen,0.63,62,3910.0,21,20250407-040233
725,kein_Terminated,Zeit abgelaufen,0.66,64,4153.0,21,20250407-040245
726,kein_Terminated,Zeit abgelaufen,0.6,64,3726.25,21,20250407-040257
727,kein_Terminated,Zeit abgelaufen,0.57,51,3452.0,21,20250407-040309
728,kein_Terminated,Zeit abgelaufen,0.66,66,4149.0,21,20250407-040321
729,kein_Terminated,Zeit abgelaufen,0.66,49,4189.25,21,20250407-040332
730,kein_Terminated,Zeit abgelaufen,0.62,88,3731.0,21,20250407-040344
731,kein_Terminated,Zeit abgelaufen,0.62,85,3718.75,21,20250407-040356
732,kein_Terminated,Zeit abgelaufen,0.59,64,3579.25,21,20250407-040408
733,kein_Terminated,Zeit abgelaufen,0.66,78,3991.0,21,20250407-040420
734,kein_Terminated,Zeit abgelaufen,0.62,74,3895.25,21,20250407-040432
735,kein_Terminated,Zeit abgelaufen,0.63,71,3803.0,21,20250407-040443
736,kein_Terminated,Zeit abgelaufen,0.64,60,3834.5,21,20250407-040455
737,kein_Terminated,Zeit abgelaufen,0.62,52,3796.0,21,20250407-040507
738,kein_Terminated,Zeit abgelaufen,0.64,70,3905.75,21,20250407-040519
739,kein_Terminated,Zeit abgelaufen,0.65,73,4087.25,21,20250407-040531
740,kein_Terminated,Zeit abgelaufen,0.6,57,3689.75,21,20250407-040543
741,kein_Terminated,Zeit abgelaufen,0.59,80,3567.75,21,20250407-040554
742,kein_Terminated,Zeit abgelaufen,0.74,52,4636.25,21,20250407-040606
743,kein_Terminated,Zeit abgelaufen,0.63,76,3831.0,21,20250407-040618
744,kein_Terminated,Zeit abgelaufen,0.73,58,4641.0,21,20250407-040630
745,kein_Terminated,Zeit abgelaufen,0.67,74,4109.75,21,20250407-040642
746,kein_Terminated,Zeit abgelaufen,0.7,69,4349.75,21,20250407-040654
747,kein_Terminated,Zeit abgelaufen,0.66,62,4151.25,21,20250407-040706
9,kein_Terminated,Zeit abgelaufen,0.64,119,3677.0,21,20250407-040721
748,kein_Terminated,Zeit abgelaufen,0.69,60,4138.0,21,20250407-040726
749,kein_Terminated,Zeit abgelaufen,0.62,73,3723.0,21,20250407-040738
750,kein_Terminated,Zeit abgelaufen,0.68,43,4258.5,21,20250407-040750
751,kein_Terminated,Zeit abgelaufen,0.65,83,3987.5,21,20250407-040802
752,kein_Terminated,Zeit abgelaufen,0.58,67,3544.0,21,20250407-040813
753,kein_Terminated,Zeit abgelaufen,0.68,73,4195.5,21,20250407-040825
754,kein_Terminated,Zeit abgelaufen,0.62,59,3788.0,21,20250407-040837
755,kein_Terminated,Zeit abgelaufen,0.59,59,3549.5,21,20250407-040849
756,kein_Terminated,Zeit abgelaufen,0.67,81,4091.25,21,20250407-040901
757,kein_Terminated,Zeit abgelaufen,0.59,65,3593.75,21,20250407-040913
758,kein_Terminated,Zeit abgelaufen,0.57,126,3317.75,21,20250407-040924
759,kein_Terminated,Zeit abgelaufen,0.7,84,4301.0,21,20250407-040936
760,kein_Terminated,Zeit abgelaufen,0.7,77,4324.0,21,20250407-040948
761,kein_Terminated,Zeit abgelaufen,0.71,80,4384.0,21,20250407-041000
762,kein_Terminated,Zeit abgelaufen,0.73,75,4507.5,21,20250407-041011
763,kein_Terminated,Zeit abgelaufen,0.71,58,4290.25,21,20250407-041023
764,kein_Terminated,Zeit abgelaufen,0.75,72,4639.25,21,20250407-041035
765,kein_Terminated,Zeit abgelaufen,0.71,89,4343.0,21,20250407-041047
766,kein_Terminated,Zeit abgelaufen,0.63,61,3975.5,21,20250407-041058
767,kein_Terminated,Zeit abgelaufen,0.72,70,4316.25,21,20250407-041110
768,kein_Terminated,Zeit abgelaufen,0.72,69,4417.25,21,20250407-041122
769,kein_Terminated,Zeit abgelaufen,0.64,77,3923.75,21,20250407-041134
770,kein_Terminated,Zeit abgelaufen,0.58,75,3521.5,21,20250407-041146
771,kein_Terminated,Zeit abgelaufen,0.6,74,3649.75,21,20250407-041158
772,kein_Terminated,Zeit abgelaufen,0.57,90,3209.0,21,20250407-041210
773,kein_Terminated,Zeit abgelaufen,0.59,74,3638.25,21,20250407-041221
774,kein_Terminated,Zeit abgelaufen,0.67,47,4176.5,21,20250407-041233
775,kein_Terminated,Zeit abgelaufen,0.72,67,4388.5,21,20250407-041245
776,kein_Terminated,Zeit abgelaufen,0.67,71,4089.0,21,20250407-041257
777,kein_Terminated,Zeit abgelaufen,0.67,62,4257.25,21,20250407-041309
778,kein_Terminated,Zeit abgelaufen,0.67,72,4024.75,21,20250407-041321
779,kein_Terminated,Zeit abgelaufen,0.65,82,3933.0,21,20250407-041332
780,kein_Terminated,Zeit abgelaufen,0.68,60,4240.25,21,20250407-041344
781,kein_Terminated,Zeit abgelaufen,0.63,70,3693.5,21,20250407-041356
782,kein_Terminated,Zeit abgelaufen,0.69,75,4273.5,21,20250407-041408
783,kein_Terminated,Zeit abgelaufen,0.67,62,4047.0,21,20250407-041420
784,kein_Terminated,Zeit abgelaufen,0.58,45,3483.25,21,20250407-041431
785,kein_Terminated,Zeit abgelaufen,0.7,73,4224.75,21,20250407-041443
786,kein_Terminated,Zeit abgelaufen,0.68,89,4061.75,21,20250407-041455
787,kein_Terminated,Zeit abgelaufen,0.65,84,3722.75,21,20250407-041507
788,kein_Terminated,Zeit abgelaufen,0.71,74,4381.75,21,20250407-041519
789,kein_Terminated,Zeit abgelaufen,0.68,86,4234.5,21,20250407-041531
790,kein_Terminated,Zeit abgelaufen,0.72,61,4437.75,21,20250407-041543
791,kein_Terminated,Zeit abgelaufen,0.66,57,4070.0,21,20250407-041554
792,kein_Terminated,Zeit abgelaufen,0.65,60,3923.0,21,20250407-041606
793,kein_Terminated,Zeit abgelaufen,0.65,98,3856.25,21,20250407-041618
794,kein_Terminated,Zeit abgelaufen,0.67,45,4145.75,21,20250407-041630
795,kein_Terminated,Zeit abgelaufen,0.71,71,4504.75,21,20250407-041641
796,kein_Terminated,Zeit abgelaufen,0.63,57,3871.75,21,20250407-041653
797,kein_Terminated,Zeit abgelaufen,0.65,79,4040.0,21,20250407-041705
798,kein_Terminated,Zeit abgelaufen,0.64,78,3956.25,21,20250407-041717
799,kein_Terminated,Zeit abgelaufen,0.6,74,3564.5,21,20250407-041729
800,kein_Terminated,Zeit abgelaufen,0.69,77,4250.0,21,20250407-041740
801,kein_Terminated,Zeit abgelaufen,0.68,68,4273.0,21,20250407-041752
802,kein_Terminated,Zeit abgelaufen,0.68,78,4088.75,21,20250407-041804
803,kein_Terminated,Zeit abgelaufen,0.63,85,3586.5,21,20250407-041816
804,kein_Terminated,Zeit abgelaufen,0.64,66,3875.5,21,20250407-041828
805,kein_Terminated,Zeit abgelaufen,0.7,74,4194.25,21,20250407-041840
806,kein_Terminated,Zeit abgelaufen,0.58,47,3622.75,21,20250407-041852
807,kein_Terminated,Zeit abgelaufen,0.63,58,3938.75,21,20250407-041903
808,kein_Terminated,Zeit abgelaufen,0.67,58,4194.75,21,20250407-041915
809,kein_Terminated,Zeit abgelaufen,0.73,83,4394.25,21,20250407-041927
810,kein_Terminated,Zeit abgelaufen,0.62,60,3820.0,21,20250407-041939
811,kein_Terminated,Zeit abgelaufen,0.72,71,4312.25,21,20250407-041950
812,kein_Terminated,Zeit abgelaufen,0.66,79,4094.5,21,20250407-042002
813,kein_Terminated,Zeit abgelaufen,0.67,81,4043.0,21,20250407-042014
814,kein_Terminated,Zeit abgelaufen,0.68,43,4280.5,21,20250407-042026
815,kein_Terminated,Zeit abgelaufen,0.68,65,4218.25,21,20250407-042037
816,kein_Terminated,Zeit abgelaufen,0.66,61,4080.25,21,20250407-042049
817,kein_Terminated,Zeit abgelaufen,0.71,66,4357.5,21,20250407-042101
818,kein_Terminated,Zeit abgelaufen,0.64,58,3905.5,21,20250407-042113
819,kein_Terminated,Zeit abgelaufen,0.7,62,4271.25,21,20250407-042125
820,kein_Terminated,Zeit abgelaufen,0.7,53,4406.75,21,20250407-042137
821,kein_Terminated,Zeit abgelaufen,0.7,105,4194.25,21,20250407-042148
822,kein_Terminated,Zeit abgelaufen,0.65,79,4036.0,21,20250407-042200
823,kein_Terminated,Zeit abgelaufen,0.66,69,4073.75,21,20250407-042212
824,kein_Terminated,Zeit abgelaufen,0.64,111,3897.25,21,20250407-042224
825,kein_Terminated,Zeit abgelaufen,0.68,65,4297.0,21,20250407-042236
826,kein_Terminated,Zeit abgelaufen,0.65,72,4025.75,21,20250407-042248
827,kein_Terminated,Zeit abgelaufen,0.67,52,4186.5,21,20250407-042259
828,kein_Terminated,Zeit abgelaufen,0.67,93,4062.75,21,20250407-042311
829,kein_Terminated,Zeit abgelaufen,0.68,43,4252.75,21,20250407-042323
830,kein_Terminated,Zeit abgelaufen,0.66,62,4093.75,21,20250407-042335
10,kein_Terminated,Zeit abgelaufen,0.67,105,3990.0,21,20250407-042351
831,kein_Terminated,Zeit abgelaufen,0.6,95,3571.0,21,20250407-042355
832,kein_Terminated,Zeit abgelaufen,0.59,56,3610.0,21,20250407-042407
833,kein_Terminated,Zeit abgelaufen,0.62,73,3781.75,21,20250407-042419
834,kein_Terminated,Zeit abgelaufen,0.67,74,4146.0,21,20250407-042431
835,kein_Terminated,Zeit abgelaufen,0.71,71,4420.25,21,20250407-042443
836,kein_Terminated,Zeit abgelaufen,0.64,69,4034.75,21,20250407-042454
837,kein_Terminated,Zeit abgelaufen,0.7,82,4260.5,21,20250407-042506
838,kein_Terminated,Zeit abgelaufen,0.68,87,3944.5,21,20250407-042518
839,kein_Terminated,Zeit abgelaufen,0.46,78,2697.5,21,20250407-042530
840,kein_Terminated,Zeit abgelaufen,0.64,104,3763.75,21,20250407-042542
841,kein_Terminated,Zeit abgelaufen,0.73,86,4270.25,21,20250407-042554
842,kein_Terminated,Zeit abgelaufen,0.6,84,3674.25,21,20250407-042605
843,kein_Terminated,Zeit abgelaufen,0.73,95,4441.0,21,20250407-042617
844,kein_Terminated,Zeit abgelaufen,0.57,73,3451.5,21,20250407-042629
845,kein_Terminated,Zeit abgelaufen,0.68,81,4086.0,21,20250407-042641
846,kein_Terminated,Zeit abgelaufen,0.72,59,4455.75,21,20250407-042653
847,kein_Terminated,Zeit abgelaufen,0.72,70,4468.0,21,20250407-042705
848,kein_Terminated,Zeit abgelaufen,0.68,65,4246.75,21,20250407-042717
849,kein_Terminated,Zeit abgelaufen,0.73,54,4550.25,21,20250407-042729
850,kein_Terminated,Zeit abgelaufen,0.69,59,4302.5,21,20250407-042741
851,kein_Terminated,Zeit abgelaufen,0.72,91,4402.75,21,20250407-042753
852,kein_Terminated,Zeit abgelaufen,0.61,81,3614.5,21,20250407-042804
853,kein_Terminated,Zeit abgelaufen,0.62,105,3490.25,21,20250407-042816
854,kein_Terminated,Zeit abgelaufen,0.65,105,3979.25,21,20250407-042828
855,kein_Terminated,Zeit abgelaufen,0.71,93,4325.0,21,20250407-042840
856,kein_Terminated,Zeit abgelaufen,0.7,81,4394.5,21,20250407-042852
857,kein_Terminated,Zeit abgelaufen,0.71,96,4407.5,21,20250407-042904
858,kein_Terminated,Zeit abgelaufen,0.72,74,4555.25,21,20250407-042916
859,kein_Terminated,Zeit abgelaufen,0.7,86,4350.0,21,20250407-042928
860,kein_Terminated,Zeit abgelaufen,0.64,75,3931.75,21,20250407-042940
861,kein_Terminated,Zeit abgelaufen,0.68,73,4127.25,21,20250407-042951
862,kein_Terminated,Zeit abgelaufen,0.68,71,4123.25,21,20250407-043003
863,kein_Terminated,Zeit abgelaufen,0.64,88,3816.5,21,20250407-043015
864,kein_Terminated,Zeit abgelaufen,0.69,74,4229.75,21,20250407-043027
865,kein_Terminated,Zeit abgelaufen,0.72,70,4395.25,21,20250407-043039
866,kein_Terminated,Zeit abgelaufen,0.7,90,4326.0,21,20250407-043051
867,kein_Terminated,Zeit abgelaufen,0.64,70,3972.25,21,20250407-043102
868,kein_Terminated,Zeit abgelaufen,0.65,85,3920.75,21,20250407-043114
869,kein_Terminated,Zeit abgelaufen,0.66,57,4011.0,21,20250407-043126
870,kein_Terminated,Zeit abgelaufen,0.69,67,4322.25,21,20250407-043138
871,kein_Terminated,Zeit abgelaufen,0.69,84,4233.5,21,20250407-043150
872,kein_Terminated,Zeit abgelaufen,0.71,73,4351.0,21,20250407-043201
873,kein_Terminated,Zeit abgelaufen,0.72,67,4490.0,21,20250407-043213
874,kein_Terminated,Zeit abgelaufen,0.68,80,4228.25,21,20250407-043225
875,kein_Terminated,Zeit abgelaufen,0.73,66,4485.25,21,20250407-043237
876,kein_Terminated,Zeit abgelaufen,0.59,88,3464.0,21,20250407-043248
877,kein_Terminated,Zeit abgelaufen,0.74,78,4569.25,21,20250407-043300
878,kein_Terminated,Zeit abgelaufen,0.74,87,4527.0,21,20250407-043312
879,kein_Terminated,Zeit abgelaufen,0.73,70,4532.0,21,20250407-043324
880,kein_Terminated,Zeit abgelaufen,0.67,71,3970.0,21,20250407-043336
881,kein_Terminated,Zeit abgelaufen,0.71,68,4320.5,21,20250407-043348
882,kein_Terminated,Zeit abgelaufen,0.7,68,4339.75,21,20250407-043359
883,kein_Terminated,Zeit abgelaufen,0.72,77,4487.75,21,20250407-043411
884,kein_Terminated,Zeit abgelaufen,0.73,64,4534.0,21,20250407-043423
885,kein_Terminated,Zeit abgelaufen,0.67,87,4083.5,21,20250407-043435
886,kein_Terminated,Zeit abgelaufen,0.65,75,4014.0,21,20250407-043447
887,kein_Terminated,Zeit abgelaufen,0.65,101,3860.25,21,20250407-043459
888,kein_Terminated,Zeit abgelaufen,0.68,92,4155.0,21,20250407-043511
889,kein_Terminated,Zeit abgelaufen,0.71,97,4351.5,21,20250407-043522
890,kein_Terminated,Zeit abgelaufen,0.7,52,4321.25,21,20250407-043534
891,kein_Terminated,Zeit abgelaufen,0.68,69,4301.0,21,20250407-043546
892,kein_Terminated,Zeit abgelaufen,0.71,75,4329.25,21,20250407-043558
893,kein_Terminated,Zeit abgelaufen,0.67,72,4180.25,21,20250407-043610
894,kein_Terminated,Zeit abgelaufen,0.65,104,3669.5,21,20250407-043622
895,kein_Terminated,Zeit abgelaufen,0.57,96,3409.5,21,20250407-043633
896,kein_Terminated,Zeit abgelaufen,0.62,66,3769.5,21,20250407-043645
897,kein_Terminated,Zeit abgelaufen,0.71,89,4442.25,21,20250407-043657
898,kein_Terminated,Zeit abgelaufen,0.72,64,4482.0,21,20250407-043709
899,kein_Terminated,Zeit abgelaufen,0.7,75,4192.0,21,20250407-043721
900,kein_Terminated,Zeit abgelaufen,0.61,94,3709.25,21,20250407-043732
901,kein_Terminated,Zeit abgelaufen,0.52,86,3016.25,21,20250407-043744
902,kein_Terminated,Zeit abgelaufen,0.66,74,4035.0,21,20250407-043756
903,kein_Terminated,Zeit abgelaufen,0.67,92,4121.25,21,20250407-043808
904,kein_Terminated,Zeit abgelaufen,0.66,82,3885.25,21,20250407-043820
905,kein_Terminated,Zeit abgelaufen,0.58,86,3538.25,21,20250407-043832
906,kein_Terminated,Zeit abgelaufen,0.63,73,3752.5,21,20250407-043843
907,kein_Terminated,Zeit abgelaufen,0.72,85,4437.75,21,20250407-043855
908,kein_Terminated,Zeit abgelaufen,0.74,87,4451.75,21,20250407-043907
909,kein_Terminated,Zeit abgelaufen,0.71,64,4343.5,21,20250407-043919
910,kein_Terminated,Zeit abgelaufen,0.61,76,3770.25,21,20250407-043931
911,kein_Terminated,Zeit abgelaufen,0.65,69,4028.25,21,20250407-043943
912,kein_Terminated,Zeit abgelaufen,0.69,88,4168.25,21,20250407-043954
913,kein_Terminated,Zeit abgelaufen,0.69,89,4271.75,21,20250407-044006
11,kein_Terminated,Zeit abgelaufen,0.6,145,3248.75,21,20250407-044023
914,kein_Terminated,Zeit abgelaufen,0.65,83,4012.25,21,20250407-044027
915,kein_Terminated,Zeit abgelaufen,0.71,75,4306.75,21,20250407-044039
916,kein_Terminated,Zeit abgelaufen,0.57,92,3184.25,21,20250407-044051
917,kein_Terminated,Zeit abgelaufen,0.54,75,3186.5,21,20250407-044102
918,kein_Terminated,Zeit abgelaufen,0.63,78,3695.75,21,20250407-044114
919,kein_Terminated,Zeit abgelaufen,0.65,97,3843.5,21,20250407-044126
920,kein_Terminated,Zeit abgelaufen,0.68,89,4076.5,21,20250407-044138
921,kein_Terminated,Zeit abgelaufen,0.72,85,4467.5,21,20250407-044150
922,kein_Terminated,Zeit abgelaufen,0.67,55,4030.75,21,20250407-044202
923,kein_Terminated,Zeit abgelaufen,0.67,62,3978.25,21,20250407-044213
924,kein_Terminated,Zeit abgelaufen,0.56,78,3163.25,21,20250407-044225
925,kein_Terminated,Zeit abgelaufen,0.55,75,3072.5,21,20250407-044237
926,kein_Terminated,Zeit abgelaufen,0.68,99,4189.5,21,20250407-044249
927,kein_Terminated,Zeit abgelaufen,0.67,62,4061.25,21,20250407-044301
928,kein_Terminated,Zeit abgelaufen,0.51,79,2901.75,21,20250407-044313
929,kein_Terminated,Zeit abgelaufen,0.71,67,4418.0,21,20250407-044324
930,kein_Terminated,Zeit abgelaufen,0.63,108,3835.5,21,20250407-044336
931,kein_Terminated,Zeit abgelaufen,0.68,84,4339.5,21,20250407-044348
932,kein_Terminated,Zeit abgelaufen,0.67,61,4103.5,21,20250407-044400
933,kein_Terminated,Zeit abgelaufen,0.76,76,4739.75,21,20250407-044412
934,kein_Terminated,Zeit abgelaufen,0.71,72,4549.5,21,20250407-044423
935,kein_Terminated,Zeit abgelaufen,0.69,76,4235.25,21,20250407-044435
936,kein_Terminated,Zeit abgelaufen,0.64,91,3832.5,21,20250407-044447
937,kein_Terminated,Zeit abgelaufen,0.72,67,4477.75,21,20250407-044459
938,kein_Terminated,Zeit abgelaufen,0.68,72,4240.0,21,20250407-044511
939,kein_Terminated,Zeit abgelaufen,0.51,96,3029.0,21,20250407-044523
940,kein_Terminated,Zeit abgelaufen,0.69,82,4231.75,21,20250407-044535
941,kein_Terminated,Zeit abgelaufen,0.7,78,4341.75,21,20250407-044546
942,kein_Terminated,Zeit abgelaufen,0.6,87,3469.25,21,20250407-044558
943,kein_Terminated,Zeit abgelaufen,0.71,75,4440.5,21,20250407-044610
944,kein_Terminated,Zeit abgelaufen,0.7,86,4364.25,21,20250407-044622
945,kein_Terminated,Zeit abgelaufen,0.72,75,4470.25,21,20250407-044634
946,kein_Terminated,Zeit abgelaufen,0.7,80,4390.5,21,20250407-044645
947,kein_Terminated,Zeit abgelaufen,0.52,79,3145.75,21,20250407-044657
948,kein_Terminated,Zeit abgelaufen,0.69,81,4192.5,21,20250407-044709
949,kein_Terminated,Zeit abgelaufen,0.68,89,4191.5,21,20250407-044721
950,kein_Terminated,Zeit abgelaufen,0.73,87,4408.0,21,20250407-044733
951,kein_Terminated,Zeit abgelaufen,0.65,60,4054.25,21,20250407-044745
952,kein_Terminated,Zeit abgelaufen,0.68,77,4100.25,21,20250407-044756
953,kein_Terminated,Zeit abgelaufen,0.72,75,4552.5,21,20250407-044808
954,kein_Terminated,Zeit abgelaufen,0.68,103,4161.5,21,20250407-044820
955,kein_Terminated,Zeit abgelaufen,0.7,99,4287.25,21,20250407-044832
956,kein_Terminated,Zeit abgelaufen,0.66,87,3964.5,21,20250407-044844
957,kein_Terminated,Zeit abgelaufen,0.66,68,3944.5,21,20250407-044855
958,kein_Terminated,Zeit abgelaufen,0.55,92,3313.25,21,20250407-044907
959,kein_Terminated,Zeit abgelaufen,0.71,87,4349.5,21,20250407-044919
960,kein_Terminated,Zeit abgelaufen,0.69,92,4287.75,21,20250407-044931
961,kein_Terminated,Zeit abgelaufen,0.6,111,3635.25,21,20250407-044943
962,kein_Terminated,Zeit abgelaufen,0.72,100,4473.75,21,20250407-044955
963,kein_Terminated,Zeit abgelaufen,0.76,95,4760.5,21,20250407-045007
964,kein_Terminated,Zeit abgelaufen,0.65,106,4064.75,21,20250407-045018
965,kein_Terminated,Zeit abgelaufen,0.67,85,4210.75,21,20250407-045030
966,kein_Terminated,Zeit abgelaufen,0.73,78,4580.0,21,20250407-045042
967,kein_Terminated,Zeit abgelaufen,0.68,56,4268.5,21,20250407-045054
968,kein_Terminated,Zeit abgelaufen,0.66,73,4142.75,21,20250407-045106
969,kein_Terminated,Zeit abgelaufen,0.68,112,4052.25,21,20250407-045118
970,kein_Terminated,Zeit abgelaufen,0.7,85,4396.25,21,20250407-045129
971,kein_Terminated,Zeit abgelaufen,0.7,78,4380.25,21,20250407-045141
972,kein_Terminated,Zeit abgelaufen,0.69,66,4421.5,21,20250407-045153
973,kein_Terminated,Zeit abgelaufen,0.72,98,4376.75,21,20250407-045205
974,kein_Terminated,Zeit abgelaufen,0.71,85,4397.75,21,20250407-045217
975,kein_Terminated,Zeit abgelaufen,0.67,87,4127.75,21,20250407-045229
976,kein_Terminated,Zeit abgelaufen,0.7,90,4226.5,21,20250407-045241
977,kein_Terminated,Zeit abgelaufen,0.69,88,4213.5,21,20250407-045252
978,kein_Terminated,Zeit abgelaufen,0.69,50,4239.75,21,20250407-045304
979,kein_Terminated,Zeit abgelaufen,0.71,71,4399.75,21,20250407-045316
980,kein_Terminated,Zeit abgelaufen,0.63,84,4009.25,21,20250407-045328
981,kein_Terminated,Zeit abgelaufen,0.67,93,4159.75,21,20250407-045340
982,kein_Terminated,Zeit abgelaufen,0.71,80,4399.5,21,20250407-045351
983,kein_Terminated,Zeit abgelaufen,0.68,68,4289.0,21,20250407-045403
984,kein_Terminated,Zeit abgelaufen,0.56,96,3222.0,21,20250407-045415
985,kein_Terminated,Zeit abgelaufen,0.56,65,3460.5,21,20250407-045427
986,kein_Terminated,Zeit abgelaufen,0.47,91,2722.75,21,20250407-045439
987,kein_Terminated,Zeit abgelaufen,0.62,79,3798.0,21,20250407-045451
988,kein_Terminated,Zeit abgelaufen,0.68,89,4220.0,21,20250407-045503
989,kein_Terminated,Zeit abgelaufen,0.69,76,4373.5,21,20250407-045515
990,kein_Terminated,Zeit abgelaufen,0.57,58,3393.25,21,20250407-045527
991,kein_Terminated,Zeit abgelaufen,0.62,63,3844.75,21,20250407-045538
992,kein_Terminated,Zeit abgelaufen,0.66,86,4108.25,21,20250407-045550
993,kein_Terminated,Zeit abgelaufen,0.54,87,3318.5,21,20250407-045602
994,kein_Terminated,Zeit abgelaufen,0.62,59,3846.5,21,20250407-045614
995,kein_Terminated,Zeit abgelaufen,0.6,91,3687.75,21,20250407-045626
996,kein_Terminated,Zeit abgelaufen,0.75,74,4658.0,21,20250407-045638
12,kein_Terminated,Zeit abgelaufen,0.56,165,3112.25,21,20250407-045655
997,kein_Terminated,Zeit abgelaufen,0.67,65,4139.75,21,20250407-045658
998,kein_Terminated,Zeit abgelaufen,0.59,111,3678.75,21,20250407-045710
999,kein_Terminated,Zeit abgelaufen,0.54,85,3251.75,21,20250407-045722
1000,kein_Terminated,Zeit abgelaufen,0.6,55,3750.5,21,20250407-045734
1001,kein_Terminated,Zeit abgelaufen,0.62,86,3888.5,21,20250407-045746
1002,kein_Terminated,Zeit abgelaufen,0.72,77,4437.5,21,20250407-045758
1003,kein_Terminated,Zeit abgelaufen,0.69,86,4296.5,21,20250407-045809
1004,kein_Terminated,Zeit abgelaufen,0.66,91,4033.5,21,20250407-045821
1005,kein_Terminated,Zeit abgelaufen,0.6,85,3665.75,21,20250407-045833
1006,kein_Terminated,Zeit abgelaufen,0.64,74,4026.75,21,20250407-045845
1007,kein_Terminated,Zeit abgelaufen,0.73,64,4631.0,21,20250407-045857
1008,kein_Terminated,Zeit abgelaufen,0.64,77,3923.5,21,20250407-045909
1009,kein_Terminated,Zeit abgelaufen,0.65,97,3787.5,21,20250407-045921
1010,kein_Terminated,Zeit abgelaufen,0.71,82,4465.0,21,20250407-045932
1011,kein_Terminated,Zeit abgelaufen,0.4,77,2366.25,21,20250407-045944
1012,kein_Terminated,Zeit abgelaufen,0.69,86,4302.0,21,20250407-045956
1013,kein_Terminated,Zeit abgelaufen,0.58,83,3639.0,21,20250407-050008
1014,kein_Terminated,Zeit abgelaufen,0.65,84,4044.5,21,20250407-050020
1015,kein_Terminated,Zeit abgelaufen,0.69,99,4152.5,21,20250407-050032
1016,kein_Terminated,Zeit abgelaufen,0.65,101,4097.0,21,20250407-050043
1017,kein_Terminated,Zeit abgelaufen,0.59,108,3422.0,21,20250407-050055
1018,kein_Terminated,Zeit abgelaufen,0.57,70,3554.75,21,20250407-050107
1019,kein_Terminated,Zeit abgelaufen,0.34,121,1557.0,21,20250407-050119
1020,kein_Terminated,Zeit abgelaufen,0.68,80,4120.75,21,20250407-050130
1021,kein_Terminated,Zeit abgelaufen,0.72,77,4449.25,21,20250407-050142
1022,kein_Terminated,Zeit abgelaufen,0.59,51,3626.0,21,20250407-050154
1023,kein_Terminated,Zeit abgelaufen,0.66,108,3877.75,21,20250407-050206
1024,kein_Terminated,Zeit abgelaufen,0.72,82,4305.75,21,20250407-050218
1025,kein_Terminated,Zeit abgelaufen,0.72,67,4459.5,21,20250407-050229
1026,kein_Terminated,Zeit abgelaufen,0.77,106,4642.25,21,20250407-050241
1027,kein_Terminated,Zeit abgelaufen,0.7,63,4406.5,21,20250407-050253
1028,kein_Terminated,Zeit abgelaufen,0.71,78,4406.25,21,20250407-050305
1029,kein_Terminated,Zeit abgelaufen,0.69,84,4348.75,21,20250407-050317
1030,kein_Terminated,Zeit abgelaufen,0.61,111,3731.75,21,20250407-050329
1031,kein_Terminated,Zeit abgelaufen,0.69,96,4180.5,21,20250407-050341
1032,kein_Terminated,Zeit abgelaufen,0.71,84,4203.25,21,20250407-050353
1033,kein_Terminated,Zeit abgelaufen,0.73,86,4602.25,21,20250407-050404
1034,kein_Terminated,Zeit abgelaufen,0.63,103,3543.75,21,20250407-050416
1035,kein_Terminated,Zeit abgelaufen,0.7,104,4276.75,21,20250407-050428
1036,kein_Terminated,Zeit abgelaufen,0.65,86,3937.0,21,20250407-050440
1037,kein_Terminated,Zeit abgelaufen,0.73,98,4519.25,21,20250407-050452
1038,kein_Terminated,Zeit abgelaufen,0.71,72,4501.25,21,20250407-050504
1039,kein_Terminated,Zeit abgelaufen,0.67,111,3996.25,21,20250407-050516
1040,kein_Terminated,Zeit abgelaufen,0.75,85,4552.25,21,20250407-050528
1041,kein_Terminated,Zeit abgelaufen,0.63,69,3945.0,21,20250407-050540
1042,kein_Terminated,Zeit abgelaufen,0.7,86,4320.0,21,20250407-050551
1043,kein_Terminated,Zeit abgelaufen,0.58,57,3584.75,21,20250407-050603
1044,kein_Terminated,Zeit abgelaufen,0.71,95,4399.5,21,20250407-050615
1045,kein_Terminated,Zeit abgelaufen,0.69,90,4164.25,21,20250407-050627
1046,kein_Terminated,Zeit abgelaufen,0.71,91,4278.5,21,20250407-050639
1047,kein_Terminated,Zeit abgelaufen,0.62,60,3822.25,21,20250407-050651
1048,kein_Terminated,Zeit abgelaufen,0.71,72,4450.25,21,20250407-050703
1049,kein_Terminated,Zeit abgelaufen,0.7,85,4216.75,21,20250407-050715
1050,kein_Terminated,Zeit abgelaufen,0.74,66,4662.25,21,20250407-050727
1051,kein_Terminated,Zeit abgelaufen,0.74,82,4571.5,21,20250407-050738
1052,kein_Terminated,Zeit abgelaufen,0.57,59,3516.25,21,20250407-050750
1053,kein_Terminated,Zeit abgelaufen,0.54,68,3253.5,21,20250407-050802
1054,kein_Terminated,Zeit abgelaufen,0.69,90,4282.25,21,20250407-050814
1055,kein_Terminated,Zeit abgelaufen,0.68,52,4341.5,21,20250407-050826
1056,kein_Terminated,Zeit abgelaufen,0.58,76,3633.0,21,20250407-050838
1057,kein_Terminated,Zeit abgelaufen,0.69,75,4263.5,21,20250407-050850
1058,kein_Terminated,Zeit abgelaufen,0.63,102,3993.0,21,20250407-050901
1059,kein_Terminated,Zeit abgelaufen,0.65,90,3949.5,21,20250407-050913
1060,kein_Terminated,Zeit abgelaufen,0.69,86,4152.0,21,20250407-050925
1061,kein_Terminated,Zeit abgelaufen,0.76,85,4679.0,21,20250407-050937
1062,kein_Terminated,Zeit abgelaufen,0.71,89,4250.25,21,20250407-050949
1063,kein_Terminated,Zeit abgelaufen,0.69,96,4174.5,21,20250407-051001
1064,kein_Terminated,Zeit abgelaufen,0.67,114,3978.0,21,20250407-051013
1065,kein_Terminated,Zeit abgelaufen,0.54,55,3347.0,21,20250407-051024
1066,kein_Terminated,Zeit abgelaufen,0.7,85,4307.75,21,20250407-051036
1067,kein_Terminated,Zeit abgelaufen,0.66,78,4134.25,21,20250407-051048
1068,kein_Terminated,Zeit abgelaufen,0.68,69,4302.75,21,20250407-051100
1069,kein_Terminated,Zeit abgelaufen,0.65,67,4072.5,21,20250407-051112
1070,kein_Terminated,Zeit abgelaufen,0.69,78,4254.0,21,20250407-051123
1071,kein_Terminated,Zeit abgelaufen,0.56,75,3513.0,21,20250407-051135
1072,kein_Terminated,Zeit abgelaufen,0.72,92,4486.0,21,20250407-051147
1073,kein_Terminated,Zeit abgelaufen,0.75,103,4692.25,21,20250407-051159
1074,kein_Terminated,Zeit abgelaufen,0.62,58,3878.5,21,20250407-051211
1075,kein_Terminated,Zeit abgelaufen,0.63,91,3829.25,21,20250407-051223
1076,kein_Terminated,Zeit abgelaufen,0.64,99,3915.5,21,20250407-051234
1077,kein_Terminated,Zeit abgelaufen,0.75,91,4720.5,21,20250407-051246
1078,kein_Terminated,Zeit abgelaufen,0.72,104,4334.25,21,20250407-051258
1079,kein_Terminated,Zeit abgelaufen,0.64,83,4053.0,21,20250407-051310
13,kein_Terminated,Zeit abgelaufen,0.52,177,3040.75,21,20250407-051328
1080,kein_Terminated,Zeit abgelaufen,0.67,77,4204.75,21,20250407-051330
1081,kein_Terminated,Zeit abgelaufen,0.74,92,4504.75,21,20250407-051342
1082,kein_Terminated,Zeit abgelaufen,0.7,92,4388.25,21,20250407-051354
1083,kein_Terminated,Zeit abgelaufen,0.64,92,4010.75,21,20250407-051406
1084,kein_Terminated,Zeit abgelaufen,0.58,95,3478.75,21,20250407-051418
1085,kein_Terminated,Zeit abgelaufen,0.7,92,4366.5,21,20250407-051430
1086,kein_Terminated,Zeit abgelaufen,0.6,111,3526.0,21,20250407-051442
1087,kein_Terminated,Zeit abgelaufen,0.65,80,3832.0,21,20250407-051453
1088,kein_Terminated,Zeit abgelaufen,0.72,100,4328.5,21,20250407-051505
1089,kein_Terminated,Zeit abgelaufen,0.68,91,4171.75,21,20250407-051517
1090,kein_Terminated,Zeit abgelaufen,0.71,96,4399.75,21,20250407-051529
1091,kein_Terminated,Zeit abgelaufen,0.72,97,4301.75,21,20250407-051541
1092,kein_Terminated,Zeit abgelaufen,0.7,81,4222.75,21,20250407-051553
1093,kein_Terminated,Zeit abgelaufen,0.66,92,3980.75,21,20250407-051605
1094,kein_Terminated,Zeit abgelaufen,0.65,102,3773.0,21,20250407-051617
1095,kein_Terminated,Zeit abgelaufen,0.7,94,4301.25,21,20250407-051629
1096,kein_Terminated,Zeit abgelaufen,0.73,95,4543.75,21,20250407-051641
1097,kein_Terminated,Zeit abgelaufen,0.75,106,4530.25,21,20250407-051653
1098,kein_Terminated,Zeit abgelaufen,0.7,115,4354.0,21,20250407-051705
1099,kein_Terminated,Zeit abgelaufen,0.72,83,4506.25,21,20250407-051717
1100,kein_Terminated,Zeit abgelaufen,0.63,78,3764.25,21,20250407-051728
1101,kein_Terminated,Zeit abgelaufen,0.75,97,4607.0,21,20250407-051740
1102,kein_Terminated,Zeit abgelaufen,0.71,67,4504.75,21,20250407-051752
1103,kein_Terminated,Zeit abgelaufen,0.7,87,4398.75,21,20250407-051804
1104,kein_Terminated,Zeit abgelaufen,0.73,97,4584.25,21,20250407-051816
1105,kein_Terminated,Zeit abgelaufen,0.69,91,4260.0,21,20250407-051828
1106,kein_Terminated,Zeit abgelaufen,0.71,95,4446.25,21,20250407-051839
1107,kein_Terminated,Zeit abgelaufen,0.63,73,3944.75,21,20250407-051851
1108,kein_Terminated,Zeit abgelaufen,0.61,101,3705.5,21,20250407-051903
1109,kein_Terminated,Zeit abgelaufen,0.72,88,4439.25,21,20250407-051915
1110,kein_Terminated,Zeit abgelaufen,0.68,73,4167.75,21,20250407-051927
1111,kein_Terminated,Zeit abgelaufen,0.57,80,3510.25,21,20250407-051938
1112,kein_Terminated,Zeit abgelaufen,0.7,88,4423.25,21,20250407-051950
1113,kein_Terminated,Zeit abgelaufen,0.56,102,3396.0,21,20250407-052002
1114,kein_Terminated,Zeit abgelaufen,0.68,96,4234.5,21,20250407-052014
1115,kein_Terminated,Zeit abgelaufen,0.72,95,4283.25,21,20250407-052026
1116,kein_Terminated,Zeit abgelaufen,0.73,99,4464.75,21,20250407-052038
1117,kein_Terminated,Zeit abgelaufen,0.73,86,4552.0,21,20250407-052049
1118,kein_Terminated,Zeit abgelaufen,0.56,68,3424.25,21,20250407-052101
1119,kein_Terminated,Zeit abgelaufen,0.75,63,4627.5,21,20250407-052113
1120,kein_Terminated,Zeit abgelaufen,0.75,81,4730.5,21,20250407-052125
1121,kein_Terminated,Zeit abgelaufen,0.67,79,4279.25,21,20250407-052137
1122,kein_Terminated,Zeit abgelaufen,0.74,84,4547.5,21,20250407-052148
1123,kein_Terminated,Zeit abgelaufen,0.63,104,3850.0,21,20250407-052200
1124,kein_Terminated,Zeit abgelaufen,0.65,114,3864.0,21,20250407-052212
1125,kein_Terminated,Zeit abgelaufen,0.71,84,4462.25,21,20250407-052224
1126,kein_Terminated,Zeit abgelaufen,0.7,97,4082.75,21,20250407-052236
1127,kein_Terminated,Zeit abgelaufen,0.63,69,3987.25,21,20250407-052248
1128,kein_Terminated,Zeit abgelaufen,0.64,58,4073.5,21,20250407-052259
1129,kein_Terminated,Zeit abgelaufen,0.61,98,3746.0,21,20250407-052311
1130,kein_Terminated,Zeit abgelaufen,0.58,71,3574.25,21,20250407-052323
1131,kein_Terminated,Zeit abgelaufen,0.71,104,4365.0,21,20250407-052335
1132,kein_Terminated,Zeit abgelaufen,0.74,102,4451.75,21,20250407-052347
1133,kein_Terminated,Zeit abgelaufen,0.52,91,3178.25,21,20250407-052359
1134,kein_Terminated,Zeit abgelaufen,0.67,95,4076.75,21,20250407-052411
1135,kein_Terminated,Zeit abgelaufen,0.7,72,4276.75,21,20250407-052422
1136,kein_Terminated,Zeit abgelaufen,0.71,60,4539.25,21,20250407-052434
1137,kein_Terminated,Zeit abgelaufen,0.56,72,3489.25,21,20250407-052446
1138,kein_Terminated,Zeit abgelaufen,0.73,103,4462.75,21,20250407-052458
1139,kein_Terminated,Zeit abgelaufen,0.65,90,4127.5,21,20250407-052510
1140,kein_Terminated,Zeit abgelaufen,0.6,82,3771.0,21,20250407-052521
1141,kein_Terminated,Zeit abgelaufen,0.58,83,3566.5,21,20250407-052533
1142,kein_Terminated,Zeit abgelaufen,0.56,59,3508.75,21,20250407-052545
1143,kein_Terminated,Zeit abgelaufen,0.68,81,4210.0,21,20250407-052557
1144,kein_Terminated,Zeit abgelaufen,0.68,113,4286.5,21,20250407-052609
1145,kein_Terminated,Zeit abgelaufen,0.68,72,4256.75,21,20250407-052620
1146,kein_Terminated,Zeit abgelaufen,0.6,101,3755.0,21,20250407-052632
1147,kein_Terminated,Zeit abgelaufen,0.71,96,4288.5,21,20250407-052644
1148,kein_Terminated,Zeit abgelaufen,0.62,76,3846.5,21,20250407-052656
1149,kein_Terminated,Zeit abgelaufen,0.7,94,4234.5,21,20250407-052708
1150,kein_Terminated,Zeit abgelaufen,0.6,73,3763.0,21,20250407-052720
1151,kein_Terminated,Zeit abgelaufen,0.43,85,2592.5,21,20250407-052732
1152,kein_Terminated,Zeit abgelaufen,0.71,94,4359.0,21,20250407-052744
1153,kein_Terminated,Zeit abgelaufen,0.66,79,4090.5,21,20250407-052756
1154,kein_Terminated,Zeit abgelaufen,0.7,82,4303.5,21,20250407-052808
1155,kein_Terminated,Zeit abgelaufen,0.73,81,4464.75,21,20250407-052819
1156,kein_Terminated,Zeit abgelaufen,0.7,92,4176.0,21,20250407-052831
1157,kein_Terminated,Zeit abgelaufen,0.69,97,4146.5,21,20250407-052843
1158,kein_Terminated,Zeit abgelaufen,0.68,80,4088.5,21,20250407-052855
1159,kein_Terminated,Zeit abgelaufen,0.58,76,3533.5,21,20250407-052907
1160,kein_Terminated,Zeit abgelaufen,0.74,81,4523.25,21,20250407-052919
1161,kein_Terminated,Zeit abgelaufen,0.63,82,3935.0,21,20250407-052931
1162,kein_Terminated,Zeit abgelaufen,0.65,101,3997.75,21,20250407-052943
14,kein_Terminated,Zeit abgelaufen,0.55,152,2792.75,21,20250407-053001
1163,kein_Terminated,Zeit abgelaufen,0.57,78,3520.75,21,20250407-053003
1164,kein_Terminated,Zeit abgelaufen,0.53,94,3262.75,21,20250407-053015
1165,kein_Terminated,Zeit abgelaufen,0.73,109,4392.0,21,20250407-053027
1166,kein_Terminated,Zeit abgelaufen,0.6,86,3619.25,21,20250407-053039
1167,kein_Terminated,Zeit abgelaufen,0.65,93,4046.75,21,20250407-053051
1168,kein_Terminated,Zeit abgelaufen,0.52,84,3182.25,21,20250407-053102
1169,kein_Terminated,Zeit abgelaufen,0.55,96,3218.5,21,20250407-053114
1170,kein_Terminated,Zeit abgelaufen,0.73,85,4489.0,21,20250407-053126
1171,kein_Terminated,Zeit abgelaufen,0.76,64,4796.5,21,20250407-053138
1172,kein_Terminated,Zeit abgelaufen,0.68,111,4163.5,21,20250407-053150
1173,kein_Terminated,Zeit abgelaufen,0.69,100,4237.75,21,20250407-053202
1174,kein_Terminated,Zeit abgelaufen,0.57,91,3379.0,21,20250407-053214
1175,kein_Terminated,Zeit abgelaufen,0.67,73,4184.5,21,20250407-053226
1176,kein_Terminated,Zeit abgelaufen,0.62,104,3514.5,21,20250407-053237
1177,kein_Terminated,Zeit abgelaufen,0.61,64,3726.0,21,20250407-053249
1178,kein_Terminated,Zeit abgelaufen,0.58,84,3499.5,21,20250407-053301
1179,kein_Terminated,Zeit abgelaufen,0.71,96,4387.25,21,20250407-053313
1180,kein_Terminated,Zeit abgelaufen,0.57,80,3587.5,21,20250407-053325
1181,kein_Terminated,Zeit abgelaufen,0.57,86,3621.5,21,20250407-053337
1182,kein_Terminated,Zeit abgelaufen,0.68,78,4321.25,21,20250407-053349
1183,kein_Terminated,Zeit abgelaufen,0.59,81,3765.5,21,20250407-053401
1184,kein_Terminated,Zeit abgelaufen,0.55,104,3325.75,21,20250407-053413
1185,kein_Terminated,Zeit abgelaufen,0.6,88,3609.5,21,20250407-053425
1186,kein_Terminated,Zeit abgelaufen,0.53,88,3186.0,21,20250407-053436
1187,kein_Terminated,Zeit abgelaufen,0.55,69,3425.0,21,20250407-053448
1188,kein_Terminated,Zeit abgelaufen,0.73,83,4570.5,21,20250407-053500
1189,kein_Terminated,Zeit abgelaufen,0.74,113,4456.0,21,20250407-053512
1190,kein_Terminated,Zeit abgelaufen,0.68,103,4107.0,21,20250407-053524
1191,kein_Terminated,Zeit abgelaufen,0.65,74,4016.0,21,20250407-053536
1192,kein_Terminated,Zeit abgelaufen,0.72,85,4538.5,21,20250407-053548
1193,kein_Terminated,Zeit abgelaufen,0.59,63,3727.25,21,20250407-053559
1194,kein_Terminated,Zeit abgelaufen,0.76,70,4636.25,21,20250407-053611
1195,kein_Terminated,Zeit abgelaufen,0.61,92,3637.0,21,20250407-053623
1196,kein_Terminated,Zeit abgelaufen,0.59,70,3658.75,21,20250407-053635
1197,kein_Terminated,Zeit abgelaufen,0.72,81,4475.75,21,20250407-053647
1198,kein_Terminated,Zeit abgelaufen,0.7,92,4342.25,21,20250407-053659
1199,kein_Terminated,Zeit abgelaufen,0.67,90,4052.75,21,20250407-053711
1200,kein_Terminated,Zeit abgelaufen,0.78,112,4768.5,21,20250407-053722
1201,kein_Terminated,Zeit abgelaufen,0.61,85,3731.5,21,20250407-053734
1202,kein_Terminated,Zeit abgelaufen,0.65,98,4054.75,21,20250407-053746
1203,kein_Terminated,Zeit abgelaufen,0.64,85,3897.25,21,20250407-053758
1204,kein_Terminated,Zeit abgelaufen,0.54,84,3357.0,21,20250407-053810
1205,kein_Terminated,Zeit abgelaufen,0.72,77,4461.5,21,20250407-053822
1206,kein_Terminated,Zeit abgelaufen,0.51,69,3159.25,21,20250407-053834
1207,kein_Terminated,Zeit abgelaufen,0.59,74,3711.5,21,20250407-053846
1208,kein_Terminated,Zeit abgelaufen,0.72,105,4413.25,21,20250407-053857
1209,kein_Terminated,Zeit abgelaufen,0.69,100,4110.25,21,20250407-053909
1210,kein_Terminated,Zeit abgelaufen,0.76,87,4782.75,21,20250407-053921
1211,kein_Terminated,Zeit abgelaufen,0.63,63,4015.25,21,20250407-053933
1212,kein_Terminated,Zeit abgelaufen,0.78,97,4807.25,21,20250407-053945
1213,kein_Terminated,Zeit abgelaufen,0.69,89,4255.25,21,20250407-053957
1214,kein_Terminated,Zeit abgelaufen,0.71,91,4460.5,21,20250407-054009
1215,kein_Terminated,Zeit abgelaufen,0.73,82,4544.0,21,20250407-054021
1216,kein_Terminated,Zeit abgelaufen,0.64,81,3847.0,21,20250407-054032
1217,kein_Terminated,Zeit abgelaufen,0.54,77,3318.75,21,20250407-054044
1218,kein_Terminated,Zeit abgelaufen,0.69,111,4241.25,21,20250407-054056
1219,kein_Terminated,Zeit abgelaufen,0.66,85,3909.75,21,20250407-054108
1220,kein_Terminated,Zeit abgelaufen,0.63,77,3962.75,21,20250407-054120
1221,kein_Terminated,Zeit abgelaufen,0.74,103,4589.5,21,20250407-054132
1222,kein_Terminated,Zeit abgelaufen,0.56,70,3480.5,21,20250407-054144
1223,kein_Terminated,Zeit abgelaufen,0.73,104,4489.0,21,20250407-054156
1224,kein_Terminated,Zeit abgelaufen,0.69,68,4243.25,21,20250407-054208
1225,kein_Terminated,Zeit abgelaufen,0.7,90,4329.75,21,20250407-054219
1226,kein_Terminated,Zeit abgelaufen,0.68,101,4252.5,21,20250407-054231
1227,kein_Terminated,Zeit abgelaufen,0.75,124,4445.25,21,20250407-054243
1228,kein_Terminated,Zeit abgelaufen,0.74,83,4470.5,21,20250407-054255
1229,kein_Terminated,Zeit abgelaufen,0.56,83,3339.25,21,20250407-054307
1230,kein_Terminated,Zeit abgelaufen,0.71,72,4308.75,21,20250407-054319
1231,kein_Terminated,Zeit abgelaufen,0.69,70,4296.5,21,20250407-054331
1232,kein_Terminated,Zeit abgelaufen,0.73,85,4467.0,21,20250407-054343
1233,kein_Terminated,Zeit abgelaufen,0.76,84,4713.25,21,20250407-054354
1234,kein_Terminated,Zeit abgelaufen,0.62,108,3797.5,21,20250407-054406
1235,kein_Terminated,Zeit abgelaufen,0.78,124,4742.25,21,20250407-054418
1236,kein_Terminated,Zeit abgelaufen,0.72,98,4307.75,21,20250407-054430
1237,kein_Terminated,Zeit abgelaufen,0.64,58,3960.0,21,20250407-054442
1238,kein_Terminated,Zeit abgelaufen,0.65,62,3992.0,21,20250407-054454
1239,kein_Terminated,Zeit abgelaufen,0.63,85,3815.0,21,20250407-054506
1240,kein_Terminated,Zeit abgelaufen,0.62,106,3599.25,21,20250407-054518
1241,kein_Terminated,Zeit abgelaufen,0.67,102,4093.25,21,20250407-054529
1242,kein_Terminated,Zeit abgelaufen,0.75,88,4645.25,21,20250407-054541
1243,kein_Terminated,Zeit abgelaufen,0.68,129,3981.25,21,20250407-054553
1244,kein_Terminated,Zeit abgelaufen,0.48,58,3015.5,21,20250407-054605
1245,kein_Terminated,Zeit abgelaufen,0.69,112,4207.25,21,20250407-054617
15,kein_Terminated,Zeit abgelaufen,0.5,162,2655.75,21,20250407-054636
1246,kein_Terminated,Zeit abgelaufen,0.67,72,4200.5,21,20250407-054637
1247,kein_Terminated,Zeit abgelaufen,0.65,83,4123.0,21,20250407-054649
1248,kein_Terminated,Zeit abgelaufen,0.72,112,4524.75,21,20250407-054701
1249,kein_Terminated,Zeit abgelaufen,0.7,115,4380.0,21,20250407-054713
1250,kein_Terminated,Zeit abgelaufen,0.7,67,4459.0,21,20250407-054725
1251,kein_Terminated,Zeit abgelaufen,0.69,89,4260.0,21,20250407-054737
1252,kein_Terminated,Zeit abgelaufen,0.74,114,4628.25,21,20250407-054749
1253,kein_Terminated,Zeit abgelaufen,0.68,90,4240.5,21,20250407-054800
1254,kein_Terminated,Zeit abgelaufen,0.54,106,3105.5,21,20250407-054812
1255,kein_Terminated,Zeit abgelaufen,0.58,75,3607.0,21,20250407-054824
1256,kein_Terminated,Zeit abgelaufen,0.74,118,4460.25,21,20250407-054836
1257,kein_Terminated,Zeit abgelaufen,0.7,76,4406.75,21,20250407-054848
1258,kein_Terminated,Zeit abgelaufen,0.61,97,3713.25,21,20250407-054900
1259,kein_Terminated,Zeit abgelaufen,0.68,90,4191.75,21,20250407-054911
1260,kein_Terminated,Zeit abgelaufen,0.71,96,4258.25,21,20250407-054923
1261,kein_Terminated,Zeit abgelaufen,0.56,68,3509.25,21,20250407-054935
1262,kein_Terminated,Zeit abgelaufen,0.59,84,3656.25,21,20250407-054947
1263,kein_Terminated,Zeit abgelaufen,0.66,77,4181.0,21,20250407-054959
1264,kein_Terminated,Zeit abgelaufen,0.73,79,4531.5,21,20250407-055011
1265,kein_Terminated,Zeit abgelaufen,0.61,81,3596.5,21,20250407-055022
1266,kein_Terminated,Zeit abgelaufen,0.66,78,4039.75,21,20250407-055034
1267,kein_Terminated,Zeit abgelaufen,0.69,127,4174.5,21,20250407-055046
1268,kein_Terminated,Zeit abgelaufen,0.65,74,4009.75,21,20250407-055058
1269,kein_Terminated,Zeit abgelaufen,0.65,102,3817.75,21,20250407-055110
1270,kein_Terminated,Zeit abgelaufen,0.49,117,2650.5,21,20250407-055122
1271,kein_Terminated,Zeit abgelaufen,0.75,96,4691.75,21,20250407-055134
1272,kein_Terminated,Zeit abgelaufen,0.74,95,4500.75,21,20250407-055145
1273,kein_Terminated,Zeit abgelaufen,0.72,82,4494.5,21,20250407-055157
1274,kein_Terminated,Zeit abgelaufen,0.71,88,4478.75,21,20250407-055209
1275,kein_Terminated,Zeit abgelaufen,0.7,89,4380.75,21,20250407-055221
1276,kein_Terminated,Zeit abgelaufen,0.69,97,4126.0,21,20250407-055233
1277,kein_Terminated,Zeit abgelaufen,0.73,97,4428.75,21,20250407-055245
1278,kein_Terminated,Zeit abgelaufen,0.7,126,4184.25,21,20250407-055257
1279,kein_Terminated,Zeit abgelaufen,0.75,111,4651.75,21,20250407-055309
1280,kein_Terminated,Zeit abgelaufen,0.72,90,4316.25,21,20250407-055321
1281,kein_Terminated,Zeit abgelaufen,0.7,117,4272.75,21,20250407-055333
1282,kein_Terminated,Zeit abgelaufen,0.64,111,3830.25,21,20250407-055345
1283,kein_Terminated,Zeit abgelaufen,0.68,105,4011.75,21,20250407-055356
1284,kein_Terminated,Zeit abgelaufen,0.59,89,3444.25,21,20250407-055408
1285,kein_Terminated,Zeit abgelaufen,0.67,74,4097.5,21,20250407-055420
1286,kein_Terminated,Zeit abgelaufen,0.58,96,3560.25,21,20250407-055432
1287,kein_Terminated,Zeit abgelaufen,0.59,86,3676.75,21,20250407-055444
1288,kein_Terminated,Zeit abgelaufen,0.6,86,3751.0,21,20250407-055456
1289,kein_Terminated,Zeit abgelaufen,0.75,97,4469.75,21,20250407-055507
1290,kein_Terminated,Zeit abgelaufen,0.68,113,4159.25,21,20250407-055519
1291,kein_Terminated,Zeit abgelaufen,0.76,102,4687.25,21,20250407-055531
1292,kein_Terminated,Zeit abgelaufen,0.69,93,4395.0,21,20250407-055543
1293,kein_Terminated,Zeit abgelaufen,0.73,126,4420.0,21,20250407-055555
1294,kein_Terminated,Zeit abgelaufen,0.75,93,4781.25,21,20250407-055607
1295,kein_Terminated,Zeit abgelaufen,0.66,101,3844.75,21,20250407-055619
1296,kein_Terminated,Zeit abgelaufen,0.72,82,4419.5,21,20250407-055631
1297,kein_Terminated,Zeit abgelaufen,0.69,107,4298.0,21,20250407-055643
1298,kein_Terminated,Zeit abgelaufen,0.73,114,4349.75,21,20250407-055655
1299,kein_Terminated,Zeit abgelaufen,0.73,140,4345.25,21,20250407-055707
1300,kein_Terminated,Zeit abgelaufen,0.75,95,4612.75,21,20250407-055719
1301,kein_Terminated,Zeit abgelaufen,0.59,96,3596.0,21,20250407-055730
1302,kein_Terminated,Zeit abgelaufen,0.73,91,4548.0,21,20250407-055742
1303,kein_Terminated,Zeit abgelaufen,0.61,70,3727.5,21,20250407-055754
1304,kein_Terminated,Zeit abgelaufen,0.75,83,4685.75,21,20250407-055806
1305,kein_Terminated,Zeit abgelaufen,0.71,118,4252.0,21,20250407-055818
1306,kein_Terminated,Zeit abgelaufen,0.69,108,4168.75,21,20250407-055830
1307,kein_Terminated,Zeit abgelaufen,0.59,82,3563.5,21,20250407-055842
1308,kein_Terminated,Zeit abgelaufen,0.68,76,4284.75,21,20250407-055854
1309,kein_Terminated,Zeit abgelaufen,0.67,90,4142.0,21,20250407-055906
1310,kein_Terminated,Zeit abgelaufen,0.71,98,4262.0,21,20250407-055918
1311,kein_Terminated,Zeit abgelaufen,0.75,77,4494.0,21,20250407-055929
1312,kein_Terminated,Zeit abgelaufen,0.69,98,4351.0,21,20250407-055941
1313,kein_Terminated,Zeit abgelaufen,0.75,100,4690.0,21,20250407-055953
1314,kein_Terminated,Zeit abgelaufen,0.65,89,4097.0,21,20250407-060005
1315,kein_Terminated,Zeit abgelaufen,0.7,82,4429.0,21,20250407-060017
1316,kein_Terminated,Zeit abgelaufen,0.62,110,3781.25,21,20250407-060029
1317,kein_Terminated,Zeit abgelaufen,0.65,114,4015.75,21,20250407-060041
1318,kein_Terminated,Zeit abgelaufen,0.67,105,4060.75,21,20250407-060053
1319,kein_Terminated,Zeit abgelaufen,0.7,94,4345.75,21,20250407-060105
1320,kein_Terminated,Zeit abgelaufen,0.71,101,4393.5,21,20250407-060116
1321,kein_Terminated,Zeit abgelaufen,0.74,109,4654.25,21,20250407-060128
1322,kein_Terminated,Zeit abgelaufen,0.69,108,4251.5,21,20250407-060140
1323,kein_Terminated,Zeit abgelaufen,0.77,81,4686.75,21,20250407-060152
1324,kein_Terminated,Zeit abgelaufen,0.62,85,3706.25,21,20250407-060204
1325,kein_Terminated,Zeit abgelaufen,0.75,78,4655.5,21,20250407-060216
1326,kein_Terminated,Zeit abgelaufen,0.68,90,4260.25,21,20250407-060228
1327,kein_Terminated,Zeit abgelaufen,0.74,99,4522.5,21,20250407-060240
1328,kein_Terminated,Zeit abgelaufen,0.79,93,4938.0,21,20250407-060252
16,kein_Terminated,Zeit abgelaufen,0.44,102,2492.25,21,20250407-060311

